Master Record Number,Date,Weekend?,Hour,Collision Type,Injury Type,Primary Factor,Reported_Location,Latitude,Longitude,Location,Number of Bars,Weather Condition
902404235,2015-02-06,Weekday,12:00:00,2-Car,No injury/unknown,,FEE & LAW,39.173787,-86.51716386,"39.173787,-86.51716386",55,Clear
902404302,2015-02-07,Weekend,15:00:00,2-Car,No injury/unknown,IMPROPER TURNING,6TH & LINCOLN,39.16768436,-86.53081568,"39.16768436,-86.53081568",58,Clear
902404318,2015-02-06,Weekday,16:00:00,2-Car,No injury/unknown,FOLLOWING TOO CLOSELY,BURMA & SR37N,39.31185648,-86.5127544,"39.31185648,-86.5127544",0,Clear
902404374,2015-02-07,Weekend,16:00:00,2-Car,No injury/unknown,UNSAFE BACKING,S ROLLING RIDGE,39.133744,-86.50592,"39.133744,-86.50592",52,Clear
902404377,2015-02-07,Weekend,19:00:00,2-Car,No injury/unknown,FAILURE TO YIELD RIGHT OF WAY,E BUICK CADILLAC,39.15825796,-86.49702465,"39.15825796,-86.49702465",52,Clear
902404397,2015-02-06,Weekday,16:00:00,2-Car,No injury/unknown,FAILURE TO YIELD RIGHT OF WAY,FULLERTON & SR 37,39.12201105,-86.5709031,"39.12201105,-86.5709031",31,Clear
902404439,2015-02-07,Weekend,21:00:00,2-Car,No injury/unknown,ROADWAY SURFACE CONDITION,SR 37 & SR46W,39.30670166,-86.5161972,"39.30670166,-86.5161972",0,Clear
902404465,2015-03-01,Weekend,00:00:00,2-Car,No injury/unknown,LEFT OF CENTER,COLLEGE MALL & SR46E,39.16424,-86.4984,"39.16424,-86.4984",52,Patchy moderate snow
902404474,2015-02-07,Weekend,21:00:00,2-Car,No injury/unknown,FOLLOWING TOO CLOSELY,ALLEN & PATTERSON,39.15563017,-86.54330983,"39.15563017,-86.54330983",57,Clear
902404517,2015-03-01,Weekend,02:00:00,Bus,No injury/unknown,SPEED TOO FAST FOR WEATHER CONDITIONS,E 10TH & N JORDAN,39.171552,-86.515728,"39.171552,-86.515728",55,Patchy moderate snow
902404536,2015-03-01,Weekend,03:00:00,1-Car,No injury/unknown,SPEED TOO FAST FOR WEATHER CONDITIONS,E 1OTH,39.17275989,-86.50468596,"39.17275989,-86.50468596",52,Patchy moderate snow
902404541,2015-03-01,Weekend,01:00:00,1-Car,No injury/unknown,SPEED TOO FAST FOR WEATHER CONDITIONS,E 7TH & N SUNRISE,39.16853026,-86.51242017,"39.16853026,-86.51242017",54,Patchy moderate snow
902404624,2015-02-04,Weekday,14:00:00,1-Car,No injury/unknown,OTHER (VEHICLE) - EXPLAIN IN NARRATIVE,S LEONARD SPRINGS,39.133808,-86.58258358,"39.133808,-86.58258358",50,Clear
902404638,2015-03-01,Weekend,09:00:00,2-Car,No injury/unknown,UNSAFE BACKING,E 3RD,39.16464,-86.53211918,"39.16464,-86.53211918",58,Patchy moderate snow
902404808,2015-02-07,Weekend,21:00:00,2-Car,Non-incapacitating,DISREGARD SIGNAL/REG SIGN,S KIRBY & SR48W,39.16504,-86.610704,"39.16504,-86.610704",6,Clear
902404906,2015-03-01,Weekend,14:00:00,2-Car,No injury/unknown,SPEED TOO FAST FOR WEATHER CONDITIONS,E ROGERS & SNODDY,39.13576,-86.489488,"39.13576,-86.489488",51,Patchy moderate snow
902404959,2015-03-01,Weekend,16:00:00,2-Car,No injury/unknown,UNSAFE BACKING,S COLLEGE MALL,39.15412578,-86.49786768,"39.15412578,-86.49786768",52,Patchy moderate snow
902404960,2015-03-01,Weekend,15:00:00,2-Car,No injury/unknown,UNSAFE BACKING,S COLLEGE,39.16115717,-86.53485253,"39.16115717,-86.53485253",58,Patchy moderate snow
902405042,2015-03-01,Weekday,22:00:00,3+ Cars,No injury/unknown,SPEED TOO FAST FOR WEATHER CONDITIONS,1ST & ROGERS,39.159504,-86.538592,"39.159504,-86.538592",57,Patchy moderate snow
902405062,2015-03-01,Weekday,23:00:00,2-Car,No injury/unknown,UNSAFE BACKING,ROSE,39.1662177,-86.51097988,"39.1662177,-86.51097988",54,Patchy moderate snow
902405232,2015-02-06,Weekday,11:00:00,2-Car,No injury/unknown,FAILURE TO YIELD RIGHT OF WAY,SR37N & VICTOR,39.09431839,-86.55906677,"39.09431839,-86.55906677",1,Clear
902405301,2015-03-02,Weekday,09:00:00,Bus,No injury/unknown,OTHER (DRIVER) - EXPLAIN IN NARRATIVE,DYER & N BLAIR,39.17529009,-86.54432974,"39.17529009,-86.54432974",57,Partly cloudy
902405432,2015-03-02,Weekday,08:00:00,2-Car,No injury/unknown,SPEED TOO FAST FOR WEATHER CONDITIONS,RATLIFF & THOMAS,39.21519851,-86.63041195,"39.21519851,-86.63041195",2,Partly cloudy
902405477,2015-03-02,Weekday,11:00:00,2-Car,No injury/unknown,OTHER (DRIVER) - EXPLAIN IN NARRATIVE,E VARSITY,39.182975,-86.529121,"39.182975,-86.529121",57,Partly cloudy
902405712,2015-03-02,Weekday,14:00:00,2-Car,No injury/unknown,FOLLOWING TOO CLOSELY,10TH & FEE,39.17158912,-86.51939366,"39.17158912,-86.51939366",55,Partly cloudy
902405875,2015-03-02,Weekday,15:00:00,2-Car,No injury/unknown,IMPROPER PASSING,E LAW & FEE,39.17392294,-86.51845431,"39.17392294,-86.51845431",55,Partly cloudy
902405880,2015-03-01,Weekday,22:00:00,1-Car,No injury/unknown,SPEED TOO FAST FOR WEATHER CONDITIONS,10TH & UNION,39.171472,-86.509376,"39.171472,-86.509376",53,Patchy moderate snow
902405913,2015-03-02,Weekday,19:00:00,2-Car,No injury/unknown,UNSAFE BACKING,E 10TH,39.17157747,-86.51808392,"39.17157747,-86.51808392",55,Partly cloudy
902405951,2015-03-02,Weekday,18:00:00,3+ Cars,No injury/unknown,FAILURE TO YIELD RIGHT OF WAY,17TH & WOODBURN,39.178976,-86.536032,"39.178976,-86.536032",58,Partly cloudy
902405958,2015-03-02,Weekday,18:00:00,2-Car,No injury/unknown,OTHER (DRIVER) - EXPLAIN IN NARRATIVE,S KINGSTON,39.16655822,-86.492816,"39.16655822,-86.492816",51,Partly cloudy
902405959,2015-03-02,Weekday,17:00:00,2-Car,No injury/unknown,FAILURE TO YIELD RIGHT OF WAY,ACUFF & SR37,39.20824,-86.554704,"39.20824,-86.554704",46,Partly cloudy
902405960,2015-03-02,Weekday,14:00:00,2-Car,No injury/unknown,UNSAFE BACKING,S LIBERTY,39.145264,-86.577616,"39.145264,-86.577616",50,Partly cloudy
902405967,2015-03-02,Weekday,18:00:00,2-Car,No injury/unknown,FAILURE TO YIELD RIGHT OF WAY,RHORER & S OLD ST RD 37,39.12141994,-86.53134986,"39.12141994,-86.53134986",29,Partly cloudy
902406010,2015-03-02,Weekday,10:00:00,2-Car,No injury/unknown,UNSAFE BACKING,S LANDMARK,39.1593799,-86.5537101,"39.1593799,-86.5537101",55,Partly cloudy
902406021,2015-03-01,Weekend,17:00:00,2-Car,No injury/unknown,FAILURE TO YIELD RIGHT OF WAY,15TH & NORTH WALNUT,39.176848,-86.533424,"39.176848,-86.533424",58,Patchy moderate snow
902406029,2015-03-02,Weekday,16:00:00,2-Car,No injury/unknown,FOLLOWING TOO CLOSELY,E MONROE DAM & SR37S,39.01996772,-86.53611979,"39.01996772,-86.53611979",3,Partly cloudy
902406038,2015-03-02,Weekday,17:00:00,2-Car,Non-incapacitating,FOLLOWING TOO CLOSELY,FRANKLIN & WEST THIRD,39.164688,-86.5712,"39.164688,-86.5712",51,Partly cloudy
902406049,2015-03-02,Weekday,19:00:00,1-Car,Incapacitating,RAN OFF ROAD RIGHT,EAST THIRD & PARK RIDGE,39.16424,-86.476096,"39.16424,-86.476096",31,Partly cloudy
902406181,2015-03-02,Weekday,12:00:00,2-Car,No injury/unknown,FOLLOWING TOO CLOSELY,COLLEGE & KIRKWOOD,39.16664,-86.53444718,"39.16664,-86.53444718",58,Partly cloudy
902406339,2015-03-03,Weekday,08:00:00,2-Car,No injury/unknown,UNSAFE BACKING,N JACKSON & W 17TH,39.179024,-86.539616,"39.179024,-86.539616",57,Cloudy
902409488,2015-03-07,Weekend,11:00:00,2-Car,No injury/unknown,UNSAFE BACKING,3RD,39.16424,-86.49307941,"39.16424,-86.49307941",51,Overcast
902409612,2015-03-07,Weekend,13:00:00,2-Car,No injury/unknown,IMPROPER TURNING,HIGHLAND & THIRD,39.16426229,-86.51775641,"39.16426229,-86.51775641",55,Overcast
902409614,2015-03-07,Weekend,15:00:00,2-Car,No injury/unknown,FOLLOWING TOO CLOSELY,E 10TH & FORREST,39.17163022,-86.52237989,"39.17163022,-86.52237989",56,Overcast
902409648,2015-03-07,Weekend,18:00:00,2-Car,No injury/unknown,FAILURE TO YIELD RIGHT OF WAY,SR46E & WALNUT,39.186368,-86.5344,"39.186368,-86.5344",57,Overcast
902409665,2015-03-07,Weekend,17:00:00,3+ Cars,No injury/unknown,FOLLOWING TOO CLOSELY,CHAMBERS & SR37N,39.30947257,-86.51445927,"39.30947257,-86.51445927",0,Overcast
902409795,2015-03-06,Weekday,10:00:00,2-Car,No injury/unknown,UNSAFE BACKING,LEONARD SPRINGS,39.14107513,-86.58297729,"39.14107513,-86.58297729",50,Clear
902409798,2015-03-07,Weekend,11:00:00,2-Car,No injury/unknown,UNSAFE BACKING,W WAMPLER,39.33501622,-86.59342205,"39.33501622,-86.59342205",0,Overcast
902409947,2015-03-01,Weekend,16:00:00,2-Car,No injury/unknown,FAILURE TO YIELD RIGHT OF WAY,PETE ELLIS & SR46E,39.16424,-86.495088,"39.16424,-86.495088",52,Patchy moderate snow
902409988,2015-03-01,Weekend,14:00:00,2-Car,No injury/unknown,UNSAFE BACKING,S WALNUT,39.12392521,-86.52665691,"39.12392521,-86.52665691",51,Patchy moderate snow
902410072,2015-03-05,Weekday,11:00:00,2-Car,No injury/unknown,FAILURE TO YIELD RIGHT OF WAY,SR37 & VERNAL,39.17645167,-86.56253061,"39.17645167,-86.56253061",51,Overcast
902410100,2015-03-02,Weekday,01:00:00,1-Car,No injury/unknown,,KIRKWOOD & WALNUT,39.16658486,-86.5336078,"39.16658486,-86.5336078",58,Partly cloudy
902410123,2015-03-01,Weekday,23:00:00,2-Car,No injury/unknown,UNSAFE BACKING,E 3RD,39.16456,-86.5550845,"39.16456,-86.5550845",54,Patchy moderate snow
902410186,2015-03-06,Weekday,16:00:00,2-Car,No injury/unknown,UNSAFE BACKING,N FEE,39.17612549,-86.51898236,"39.17612549,-86.51898236",55,Clear
902410315,2015-03-02,Weekday,08:00:00,2-Car,Non-incapacitating,UNSAFE SPEED,17TH & FEE,39.1789307,-86.51916841,"39.1789307,-86.51916841",55,Partly cloudy
902410328,2015-03-02,Weekday,11:00:00,2-Car,No injury/unknown,FOLLOWING TOO CLOSELY,PATTERSON & S ROGERS,39.15379018,-86.53875008,"39.15379018,-86.53875008",57,Partly cloudy
902410684,2015-03-02,Weekday,14:00:00,2-Car,No injury/unknown,UNSAFE BACKING,NORTH FAIRVIEW & WEST KIRKWOOD,39.166704,-86.5408,"39.166704,-86.5408",57,Partly cloudy
902410776,2015-03-07,Weekend,18:00:00,2-Car,No injury/unknown,,TENTH & UNION,39.17135171,-86.50945074,"39.17135171,-86.50945074",53,Overcast
902410787,2015-03-02,Weekday,16:00:00,2-Car,Non-incapacitating,DISREGARD SIGNAL/REG SIGN,SR37 & SR45W,39.148144,-86.572992,"39.148144,-86.572992",51,Partly cloudy
902410800,2015-03-02,Weekday,17:00:00,2-Car,No injury/unknown,IMPROPER TURNING,E ATWATER,39.16335678,-86.51499176,"39.16335678,-86.51499176",55,Partly cloudy
902410823,2015-03-02,Weekday,12:00:00,2-Car,No injury/unknown,UNSAFE BACKING,SOUTH FESS,39.16406237,-86.52593381,"39.16406237,-86.52593381",57,Partly cloudy
902410866,2015-03-02,Weekday,17:00:00,2-Car,Non-incapacitating,FOLLOWING TOO CLOSELY,JORDAN & LINGELBACH,39.17714755,-86.51252555,"39.17714755,-86.51252555",54,Partly cloudy
902410891,2015-03-01,Weekday,22:00:00,1-Car,Incapacitating,RAN OFF ROAD RIGHT,N HARTSTRAIT & W MAJESTIC WOODS,39.2458553,-86.61127969,"39.2458553,-86.61127969",1,Patchy moderate snow
902410907,2015-03-02,Weekday,12:00:00,2-Car,No injury/unknown,OTHER (DRIVER) - EXPLAIN IN NARRATIVE,3RD & KINGSTON,39.16424,-86.492944,"39.16424,-86.492944",51,Partly cloudy
902410908,2015-03-02,Weekday,13:00:00,1-Car,No injury/unknown,RAN OFF ROAD RIGHT,S WEIMER & W WAPEHANI,39.142608,-86.562048,"39.142608,-86.562048",51,Partly cloudy
902410953,2015-03-02,Weekday,14:00:00,2-Car,No injury/unknown,UNSAFE SPEED,17TH & N WOODLAWN,39.178992,-86.523504,"39.178992,-86.523504",56,Partly cloudy
902410967,2015-01-05,Weekday,07:00:00,2-Car,No injury/unknown,UNSAFE SPEED,WALNUT & WINSLOW,39.13597025,-86.53111846,"39.13597025,-86.53111846",58,Clear
902411074,2015-02-06,Weekday,14:00:00,2-Car,No injury/unknown,IMPROPER TURNING,CURRY & VERNAL,39.17650909,-86.58312857,"39.17650909,-86.58312857",50,Clear
902411075,2015-02-07,Weekend,13:00:00,2-Car,No injury/unknown,DRIVER DISTRACTED - EXPLAIN IN NARRATIVE,SR37S & TAPP,39.13704,-86.572896,"39.13704,-86.572896",51,Clear
902411077,2015-03-03,Weekday,09:00:00,2-Car,Non-incapacitating,FOLLOWING TOO CLOSELY,S PATTERSON & W 3RD,39.16344009,-86.55128002,"39.16344009,-86.55128002",57,Cloudy
902411141,2015-03-03,Weekday,12:00:00,2-Car,No injury/unknown,FAILURE TO YIELD RIGHT OF WAY,PATTERSON,39.16217342,-86.54991075,"39.16217342,-86.54991075",57,Cloudy
902411308,2015-03-03,Weekday,15:00:00,2-Car,No injury/unknown,FAILURE TO YIELD RIGHT OF WAY,LIBERTY & SR45,39.14596012,-86.57747102,"39.14596012,-86.57747102",50,Cloudy
902411325,2015-03-03,Weekday,17:00:00,2-Car,No injury/unknown,UNSAFE BACKING,S WASHINGTON,39.1710031,-86.5324,"39.1710031,-86.5324",58,Cloudy
902411328,2015-03-03,Weekday,18:00:00,2-Car,Incapacitating,FOLLOWING TOO CLOSELY,SR37N & WEST VERNAL,39.17580534,-86.56344483,"39.17580534,-86.56344483",51,Cloudy
902411339,2015-03-03,Weekday,17:00:00,2-Car,No injury/unknown,UNSAFE BACKING,E THIRD,39.0803299,-86.51473999,"39.0803299,-86.51473999",0,Cloudy
902411353,2015-03-03,Weekday,17:00:00,2-Car,No injury/unknown,UNSAFE BACKING,N DUNN,39.180352,-86.5284,"39.180352,-86.5284",58,Cloudy
902411380,2015-03-03,Weekday,21:00:00,2-Car,Non-incapacitating,IMPROPER LANE USAGE,FESS & THIRD,39.16427777,-86.52588752,"39.16427777,-86.52588752",57,Cloudy
902411454,2015-03-03,Weekday,12:00:00,2-Car,No injury/unknown,DISREGARD SIGNAL/REG SIGN,S LIBERTY & W 3RD,39.16461021,-86.57913006,"39.16461021,-86.57913006",50,Cloudy
902411471,2015-03-03,Weekday,12:00:00,1-Car,No injury/unknown,OTHER (ENVIRONMENTAL) - EXPLAIN IN NARR,DANIELS,39.16671172,-86.59908838,"39.16671172,-86.59908838",7,Cloudy
902411506,2015-03-07,Weekend,10:00:00,2-Car,No injury/unknown,FAILURE TO YIELD RIGHT OF WAY,37 & GORDON,39.73761023,-86.274728,"39.73761023,-86.274728",22,Overcast
902411646,2015-03-03,Weekday,08:00:00,2-Car,No injury/unknown,UNSAFE SPEED,DILLMAN & SR37,39.09023917,-86.54535097,"39.09023917,-86.54535097",0,Cloudy
902411655,2015-03-03,Weekday,22:00:00,1-Car,No injury/unknown,IMPROPER LANE USAGE,400 W TERRACE & S ROGERS,39.127616,-86.538688,"39.127616,-86.538688",54,Cloudy
902411887,2015-03-04,Weekday,12:00:00,2-Car,No injury/unknown,UNSAFE BACKING,E 3RD,39.16443758,-86.54775367,"39.16443758,-86.54775367",57,Heavy rain at times
902411946,2015-03-04,Weekday,16:00:00,1-Car,No injury/unknown,ANIMAL/OBJECT IN ROADWAY,NORTH DUNN & TAMARACK,39.25556115,-86.52857981,"39.25556115,-86.52857981",0,Heavy rain at times
902411980,2015-03-04,Weekday,14:00:00,2-Car,No injury/unknown,IMPROPER LANE USAGE,N COLLEGE & W 7TH,39.16697343,-86.5348602,"39.16697343,-86.5348602",58,Heavy rain at times
902412007,2015-03-04,Weekday,19:00:00,2-Car,No injury/unknown,FOLLOWING TOO CLOSELY,10TH & SUNRISE,39.17157993,-86.5124885,"39.17157993,-86.5124885",54,Heavy rain at times
902412041,2015-03-04,Weekday,17:00:00,2-Car,No injury/unknown,FOLLOWING TOO CLOSELY,CHANDLER & SR46W,39.23506165,-86.61779785,"39.23506165,-86.61779785",1,Heavy rain at times
902412088,2015-03-04,Weekday,15:00:00,2-Car,No injury/unknown,FAILURE TO YIELD RIGHT OF WAY,N DANIELS,39.16671172,-86.59908838,"39.16671172,-86.59908838",7,Heavy rain at times
902412089,2015-03-04,Weekday,18:00:00,2-Car,No injury/unknown,FAILURE TO YIELD RIGHT OF WAY,INDRUSTRIAL & SR45W,39.14359867,-86.58030842,"39.14359867,-86.58030842",50,Heavy rain at times
902412094,2015-03-04,Weekday,18:00:00,Pedestrian,Non-incapacitating,PEDESTRIAN ACTION,SUGAR MAPLE,39.15650725,-86.58816576,"39.15650725,-86.58816576",40,Heavy rain at times
902412120,2015-03-01,Weekend,00:00:00,3+ Cars,Non-incapacitating,DRIVER DISTRACTED - EXPLAIN IN NARRATIVE,SR46S & THIRD,39.16424006,-86.49827018,"39.16424006,-86.49827018",52,Patchy moderate snow
902412363,2015-03-05,Weekday,11:00:00,2-Car,No injury/unknown,FAILURE TO YIELD RIGHT OF WAY,E 13TH & N INDIANA,39.175504,-86.527104,"39.175504,-86.527104",57,Overcast
902412423,2015-03-04,Weekday,18:00:00,2-Car,No injury/unknown,DISREGARD SIGNAL/REG SIGN,BASSWOOD & BLOOMFIELD,39.14978027,-86.56889006,"39.14978027,-86.56889006",51,Heavy rain at times
902412441,2015-03-07,Weekend,10:00:00,2-Car,Non-incapacitating,FAILURE TO YIELD RIGHT OF WAY,3RD & LIBERTY,38.95312131,-86.57913006,"38.95312131,-86.57913006",2,Cloudy
902412460,2015-03-05,Weekday,12:00:00,2-Car,No injury/unknown,UNSAFE BACKING,WALNUT,39.17839758,-86.53339992,"39.17839758,-86.53339992",58,Overcast
902412501,2015-03-05,Weekday,15:00:00,2-Car,No injury/unknown,UNSAFE SPEED,BRYANTS CREEK & SR37,39.33676612,-86.51067628,"39.33676612,-86.51067628",0,Overcast
902412512,2015-03-05,Weekday,12:00:00,1-Car,No injury/unknown,RAN OFF ROAD RIGHT,S BUCKNER,39.16409502,-86.54457045,"39.16409502,-86.54457045",57,Overcast
902412527,2015-03-05,Weekday,17:00:00,2-Car,No injury/unknown,FAILURE TO YIELD RIGHT OF WAY,7TH & LINCOLN,39.16864,-86.53125663,"39.16864,-86.53125663",58,Overcast
902412594,2015-03-05,Weekday,17:00:00,1-Car,No injury/unknown,ANIMAL/OBJECT IN ROADWAY,LEGACY & MOUNT TABOR,39.26170215,-86.62624977,"39.26170215,-86.62624977",1,Overcast
902412595,2015-03-05,Weekday,19:00:00,3+ Cars,No injury/unknown,RAN OFF ROAD RIGHT,BURMA,39.141616,-86.542032,"39.141616,-86.542032",57,Overcast
902412631,2015-03-07,Weekend,03:00:00,3+ Cars,No injury/unknown,UNSAFE LANE MOVEMENT,1ST & GRANT,39.177776,-86.5296,"39.177776,-86.5296",58,Overcast
902412703,2015-03-06,Weekday,07:00:00,2-Car,No injury/unknown,SPEED TOO FAST FOR WEATHER CONDITIONS,SR45 & SR46,39.14511871,-86.57756805,"39.14511871,-86.57756805",50,Clear
902412717,2015-03-05,Weekday,18:00:00,2-Car,No injury/unknown,,E GRAHAM,39.13994939,-86.53920947,"39.13994939,-86.53920947",57,Overcast
902412721,2015-03-06,Weekday,09:00:00,2-Car,No injury/unknown,SPEED TOO FAST FOR WEATHER CONDITIONS,FOX HOLLOW & SR37,39.28922813,-86.51836149,"39.28922813,-86.51836149",0,Clear
902412722,2015-03-03,Weekday,20:00:00,Pedestrian,Non-incapacitating,OTHER (ENVIRONMENTAL) - EXPLAIN IN NARR,W 7TH,39.168848,-86.55378253,"39.168848,-86.55378253",55,Cloudy
902412821,2015-03-06,Weekday,07:00:00,Bus,No injury/unknown,FAILURE TO YIELD RIGHT OF WAY,DODDS & WASHINGTON,39.15738031,-86.53243012,"39.15738031,-86.53243012",58,Clear
902412856,2015-03-06,Weekday,10:00:00,2-Car,No injury/unknown,FAILURE TO YIELD RIGHT OF WAY,E RHORER & S WALNUT ST,39.12144,-86.526496,"39.12144,-86.526496",29,Clear
902412873,2015-03-06,Weekday,08:00:00,2-Car,No injury/unknown,OTHER (DRIVER) - EXPLAIN IN NARRATIVE,S ROGERS,39.16152,-86.538592,"39.16152,-86.538592",57,Clear
902413015,2015-03-06,Weekday,13:00:00,2-Car,No injury/unknown,FAILURE TO YIELD RIGHT OF WAY,HENDERSON & WINSLOW,39.136144,-86.52662367,"39.136144,-86.52662367",57,Clear
902413016,2015-03-04,Weekday,18:00:00,Pedestrian,No injury/unknown,DISREGARD SIGNAL/REG SIGN,RITTER & SALE,39.232048,-86.627296,"39.232048,-86.627296",1,Heavy rain at times
902413017,2015-03-06,Weekday,14:00:00,3+ Cars,No injury/unknown,FAILURE TO YIELD RIGHT OF WAY,13TH & INDIANA,39.175504,-86.527104,"39.175504,-86.527104",57,Clear
902413088,2015-03-06,Weekday,16:00:00,1-Car,No injury/unknown,UNSAFE BACKING,EAST 3RD,39.16464,-86.5324,"39.16464,-86.5324",58,Clear
902413112,2015-03-05,Weekday,20:00:00,1-Car,No injury/unknown,ANIMAL/OBJECT IN ROADWAY,S ROCKPORT & SR37S,39.11664474,-86.5659002,"39.11664474,-86.5659002",6,Overcast
902413122,2015-03-06,Weekday,17:00:00,2-Car,No injury/unknown,FOLLOWING TOO CLOSELY,3RD & WOODLAWN,39.16438374,-86.52364965,"39.16438374,-86.52364965",56,Clear
902413187,2015-03-05,Weekday,22:00:00,2-Car,No injury/unknown,,NORTH MAPLE & WEST 15TH,39.17664,-86.542096,"39.17664,-86.542096",57,Overcast
902413233,2015-03-06,Weekend,23:00:00,2-Car,No injury/unknown,OTHER (DRIVER) - EXPLAIN IN NARRATIVE,WALNUT,39.16464,-86.5336,"39.16464,-86.5336",58,Clear
902413375,2015-03-06,Weekday,17:00:00,2-Car,No injury/unknown,FOLLOWING TOO CLOSELY,N DUNN & SR4546E,39.186352,-86.528496,"39.186352,-86.528496",57,Clear
902413423,2015-03-05,Weekday,13:00:00,2-Car,No injury/unknown,FOLLOWING TOO CLOSELY,FLATWOODS & SR46W,39.25347374,-86.65441007,"39.25347374,-86.65441007",2,Overcast
902413435,2015-03-07,Weekend,14:00:00,2-Car,No injury/unknown,FOLLOWING TOO CLOSELY,N MADISON & W 17TH,39.178992,-86.537792,"39.178992,-86.537792",57,Overcast
902413511,2015-03-07,Weekend,20:00:00,2-Car,No injury/unknown,IMPROPER TURNING,SWAIN & THIRD,39.16425012,-86.51525996,"39.16425012,-86.51525996",55,Overcast
902413539,2015-03-07,Weekend,21:00:00,2-Car,No injury/unknown,UNSAFE BACKING,S WALNUT STREET,39.13656457,-86.52910857,"39.13656457,-86.52910857",58,Overcast
902413544,2015-03-07,Weekend,18:00:00,Cyclist,No injury/unknown,FAILURE TO YIELD RIGHT OF WAY,N PETE ELLIS,39.16743,-86.495047,"39.16743,-86.495047",52,Overcast
902413669,2015-03-01,Weekend,09:00:00,3+ Cars,Incapacitating,FOLLOWING TOO CLOSELY,SR37N & WAYPORT,39.25917759,-86.52426508,"39.25917759,-86.52426508",0,Patchy moderate snow
902413673,2015-03-01,Weekend,11:00:00,Moped/Motorcycle,Incapacitating,OTHER (DRIVER) - EXPLAIN IN NARRATIVE,WALNUT ST & WINSLOW,39.136144,-86.528688,"39.136144,-86.528688",58,Patchy moderate snow
902413683,2015-03-01,Weekend,11:00:00,2-Car,No injury/unknown,OTHER (DRIVER) - EXPLAIN IN NARRATIVE,N GATES & W JONATHON,39.16876025,-86.57641969,"39.16876025,-86.57641969",50,Patchy moderate snow
902413703,2015-03-01,Weekend,12:00:00,1-Car,No injury/unknown,OTHER (DRIVER) - EXPLAIN IN NARRATIVE,EAST THIRD,39.16548157,-86.4972763,"39.16548157,-86.4972763",52,Patchy moderate snow
902413710,2015-03-05,Weekday,17:00:00,2-Car,Non-incapacitating,RAN OFF ROAD RIGHT,E RHORER,39.12152,-86.51176139,"39.12152,-86.51176139",27,Overcast
902413711,2015-03-05,Weekday,20:00:00,1-Car,No injury/unknown,ANIMAL/OBJECT IN ROADWAY,WALCOTT & WOODYARD,39.20263934,-86.60293007,"39.20263934,-86.60293007",7,Overcast
902413734,2015-03-07,Weekend,11:00:00,2-Car,No injury/unknown,UNSAFE LANE MOVEMENT,LIBERTY,39.145264,-86.577616,"39.145264,-86.577616",50,Overcast
902413842,2015-03-01,Weekend,18:00:00,2-Car,No injury/unknown,IMPROPER LANE USAGE,11TH & BLAIR,39.173344,-86.543792,"39.173344,-86.543792",57,Patchy moderate snow
902414407,2015-03-02,Weekday,13:00:00,1-Car,Non-incapacitating,RAN OFF ROAD RIGHT,SMITH & STONEGATE,39.16115016,-86.48071981,"39.16115016,-86.48071981",51,Partly cloudy
902414428,2015-03-02,Weekday,13:00:00,2-Car,No injury/unknown,FOLLOWING TOO CLOSELY,MAYBURY & S LEONARD SPRINGS,39.21073468,-86.58259977,"39.21073468,-86.58259977",38,Partly cloudy
902414525,2015-03-02,Weekday,17:00:00,2-Car,No injury/unknown,UNSAFE LANE MOVEMENT,KIRKWOOD & WALNUT,39.16664,-86.5336,"39.16664,-86.5336",58,Partly cloudy
902414529,2015-03-03,Weekday,21:00:00,1-Car,Non-incapacitating,RAN OFF ROAD RIGHT,SOUTH ROCKPORT & WEST TAPP,39.136448,-86.548704,"39.136448,-86.548704",57,Cloudy
902414615,2015-03-02,Weekday,22:00:00,1-Car,No injury/unknown,RAN OFF ROAD RIGHT,ISON ROAD & TOWER,39.104944,-86.61032,"39.104944,-86.61032",1,Partly cloudy
902414629,2015-03-03,Weekday,05:00:00,2-Car,No injury/unknown,,E 12TH & N WALNUT,39.174352,-86.533472,"39.174352,-86.533472",58,Cloudy
902414632,2015-03-02,Weekday,13:00:00,2-Car,No injury/unknown,UNSAFE BACKING,S SWAIN,39.16410678,-86.51519608,"39.16410678,-86.51519608",55,Partly cloudy
902414664,2015-03-03,Weekday,05:00:00,1-Car,No injury/unknown,RAN OFF ROAD RIGHT,GIFFORD & KIRBY,39.15144,-86.610496,"39.15144,-86.610496",7,Cloudy
902414943,2015-03-03,Weekday,13:00:00,2-Car,No injury/unknown,FAILURE TO YIELD RIGHT OF WAY,S LEONARD SPRINGS,39.142048,-86.582592,"39.142048,-86.582592",50,Cloudy
902414987,2015-03-03,Weekday,14:00:00,Moped/Motorcycle,Non-incapacitating,FAILURE TO YIELD RIGHT OF WAY,ALLEN & PATTERSON,39.15563017,-86.54330983,"39.15563017,-86.54330983",57,Cloudy
902415123,2015-03-01,Weekday,20:00:00,2-Car,Incapacitating,FAILURE TO YIELD RIGHT OF WAY,SMITHVILLE & SR37S,39.16424,-86.480688,"39.16424,-86.480688",50,Patchy moderate snow