Master Record Number,Date,Weekend?,Hour,Collision Type,Injury Type,Primary Factor,Reported_Location,Latitude,Longitude,Location,Number of Bars,Weather Condition
902415132,2015-03-07,Weekend,19:00:00,2-Car,No injury/unknown,FAILURE TO YIELD RIGHT OF WAY,SMITH & SR46W,39.20979593,-86.58265377,"39.20979593,-86.58265377",45,Overcast
902415133,2015-03-06,Weekday,16:00:00,2-Car,Incapacitating,RAN OFF ROAD RIGHT,LEONARD SPRINGS & SR45W,39.1419316,-86.58281025,"39.1419316,-86.58281025",50,Clear
902432049,2015-04-02,Weekday,16:00:00,Bus,Non-incapacitating,FOLLOWING TOO CLOSELY,GRIMES & HENDERSON,39.153392,-86.527008,"39.153392,-86.527008",57,Clear
902432050,2015-04-02,Weekday,10:00:00,2-Car,No injury/unknown,UNSAFE BACKING,EAST 17TH,39.17906329,-86.5209221,"39.17906329,-86.5209221",55,Clear
902432075,2015-04-02,Weekday,15:00:00,2-Car,Non-incapacitating,DISREGARD SIGNAL/REG SIGN,E 3RD & S WALNUT,39.16464,-86.5336,"39.16464,-86.5336",58,Clear
902432089,2015-04-07,Weekend,21:00:00,2-Car,No injury/unknown,UNSAFE BACKING,DUNN & KIRKWOOD,39.16664,-86.528192,"39.16664,-86.528192",58,Patchy rain possible
902432092,2015-04-02,Weekday,15:00:00,2-Car,No injury/unknown,FOLLOWING TOO CLOSELY,2ND & COLLEGE,39.16144,-86.534848,"39.16144,-86.534848",58,Clear
902432093,2015-04-02,Weekday,17:00:00,2-Car,No injury/unknown,FAILURE TO YIELD RIGHT OF WAY,15TH & JACKSON,39.17664,-86.539712,"39.17664,-86.539712",57,Clear
902432121,2015-04-01,Weekend,17:00:00,2-Car,No injury/unknown,UNSAFE BACKING,BALLANTINE & MAXWELL,39.13664481,-86.51891984,"39.13664481,-86.51891984",55,Clear
902432124,2015-04-02,Weekday,07:00:00,2-Car,No injury/unknown,IMPROPER TURNING,E KIRKWOOD,39.16677127,-86.54552653,"39.16677127,-86.54552653",57,Clear
902432152,2015-04-02,Weekday,21:00:00,2-Car,Incapacitating,DISREGARD SIGNAL/REG SIGN,S CURRY & SR45E,39.142048,-86.582592,"39.142048,-86.582592",50,Clear
902432199,2015-04-03,Weekday,03:00:00,1-Car,No injury/unknown,ANIMAL/OBJECT IN ROADWAY,N MT TABOR & W TABOR HILL,39.30579968,-86.63102638,"39.30579968,-86.63102638",0,Moderate rain at times
902432306,2015-04-03,Weekday,08:00:00,2-Car,No injury/unknown,UNSAFE BACKING,COUNTRY CLUB & ROGERS,39.14132106,-86.53826568,"39.14132106,-86.53826568",57,Heavy rain at times
902432313,2015-04-03,Weekday,08:00:00,2-Car,No injury/unknown,FAILURE TO YIELD RIGHT OF WAY,LIBERTY & STATE ROAD 45,39.25071158,-86.57777018,"39.25071158,-86.57777018",1,Heavy rain at times
902432633,2015-04-03,Weekday,12:00:00,2-Car,No injury/unknown,DISREGARD SIGNAL/REG SIGN,2ND & WALKER,39.16143434,-86.54614523,"39.16143434,-86.54614523",57,Heavy rain at times
902432642,2015-04-03,Weekday,10:00:00,2-Car,No injury/unknown,OTHER (DRIVER) - EXPLAIN IN NARRATIVE,N FEE & SR46E,39.18589032,-86.51897973,"39.18589032,-86.51897973",54,Heavy rain at times
902432659,2015-04-03,Weekday,12:00:00,2-Car,No injury/unknown,UNSAFE BACKING,SO WOODSCREST,39.16132517,-86.50238335,"39.16132517,-86.50238335",52,Heavy rain at times
902432675,2015-04-02,Weekday,19:00:00,1-Car,No injury/unknown,OTHER (DRIVER) - EXPLAIN IN NARRATIVE,E KIRKWOOD & INDIANA,39.16664,-86.526896,"39.16664,-86.526896",57,Clear
902432722,2015-04-03,Weekday,15:00:00,3+ Cars,No injury/unknown,FOLLOWING TOO CLOSELY,RANGE & SR45S,39.171504,-86.495312,"39.171504,-86.495312",52,Heavy rain at times
902432846,2015-04-03,Weekday,22:00:00,2-Car,No injury/unknown,,E 4TH,39.165648,-86.528144,"39.165648,-86.528144",58,Heavy rain at times
902432884,2015-04-03,Weekday,12:00:00,2-Car,No injury/unknown,UNSAFE BACKING,WEST 11TH,39.17344,-86.53033078,"39.17344,-86.53033078",58,Heavy rain at times
902432885,2015-04-04,Weekday,00:00:00,3+ Cars,No injury/unknown,DRIVER DISTRACTED - EXPLAIN IN NARRATIVE,CLARIZZ & COVENANTER,39.15246986,-86.49045507,"39.15246986,-86.49045507",51,Cloudy
902433046,2015-04-04,Weekday,10:00:00,2-Car,No injury/unknown,FAILURE TO YIELD RIGHT OF WAY,DODDS & S WASHINGTON,39.157536,-86.5324,"39.157536,-86.5324",58,Cloudy
902433049,2015-04-06,Weekday,14:00:00,2-Car,No injury/unknown,FOLLOWING TOO CLOSELY,EASTGATE & SR46E,39.17024,-86.501392,"39.17024,-86.501392",52,Clear
902433110,2015-04-04,Weekday,07:00:00,3+ Cars,Non-incapacitating,DISREGARD SIGNAL/REG SIGN,S LIBERTY & W 3RD,39.16461021,-86.57913006,"39.16461021,-86.57913006",50,Cloudy
902433111,2015-04-04,Weekday,07:00:00,2-Car,No injury/unknown,OTHER (DRIVER) - EXPLAIN IN NARRATIVE,E 3RD & SR4546E,39.164448,-86.471888,"39.164448,-86.471888",18,Cloudy
902433213,2015-04-04,Weekday,14:00:00,2-Car,No injury/unknown,FAILURE TO YIELD RIGHT OF WAY,E BETHEL & SR45E,39.21281905,-86.45958909,"39.21281905,-86.45958909",1,Cloudy
902433272,2015-04-04,Weekday,10:00:00,2-Car,No injury/unknown,FAILURE TO YIELD RIGHT OF WAY,E BLUE RIDGE & N WALNUT,39.196848,-86.5344,"39.196848,-86.5344",55,Cloudy
902433368,2015-04-04,Weekday,16:00:00,2-Car,No injury/unknown,DISREGARD SIGNAL/REG SIGN,E UNIVERSITY & S HENDERSON,39.16038975,-86.52718976,"39.16038975,-86.52718976",57,Cloudy
902433399,2015-04-04,Weekday,14:00:00,2-Car,No injury/unknown,IMPROPER LANE USAGE,3RD & FAIRVIEW,39.164272,-86.5408,"39.164272,-86.5408",57,Cloudy
902433473,2015-04-05,Weekday,07:00:00,2-Car,No injury/unknown,FOLLOWING TOO CLOSELY,S BANTA & W COUNTRY CLUB,39.136304,-86.544592,"39.136304,-86.544592",57,Clear
902433498,2015-04-02,Weekday,10:00:00,1-Car,No injury/unknown,RAN OFF ROAD RIGHT,COX & SR45W,39.21952997,-86.4451502,"39.21952997,-86.4451502",1,Clear
902433499,2015-04-03,Weekday,07:00:00,2-Car,No injury/unknown,UNSAFE BACKING,SR37 & VICTOR,39.105552,-86.551104,"39.105552,-86.551104",3,Heavy rain at times
902433568,2015-04-05,Weekday,10:00:00,2-Car,No injury/unknown,OTHER (DRIVER) - EXPLAIN IN NARRATIVE,W 3RD,39.228944,-86.627504,"39.228944,-86.627504",1,Clear
902433569,2015-04-05,Weekday,10:00:00,2-Car,No injury/unknown,OTHER (DRIVER) - EXPLAIN IN NARRATIVE,6TH & GRANT,39.16767469,-86.53145944,"39.16767469,-86.53145944",58,Clear
902433601,2015-04-05,Weekday,10:00:00,2-Car,No injury/unknown,FAILURE TO YIELD RIGHT OF WAY,S HENDERSON & S WALNUT ST,39.133744,-86.526896,"39.133744,-86.526896",57,Clear
902433706,2015-04-05,Weekday,15:00:00,1-Car,No injury/unknown,OVERCORRECTING/OVERSTEERING,17TH & FEE,39.178928,-86.518992,"39.178928,-86.518992",55,Clear
902433734,2015-04-05,Weekday,16:00:00,2-Car,No injury/unknown,FAILURE TO YIELD RIGHT OF WAY,ATWATER & HAWTHORNE,39.16309007,-86.52020998,"39.16309007,-86.52020998",55,Clear
902433790,2015-04-05,Weekday,13:00:00,2-Car,No injury/unknown,UNSAFE LANE MOVEMENT,E 3RD & SR4546E,39.164448,-86.471888,"39.164448,-86.471888",18,Clear
902433805,2015-04-05,Weekday,17:00:00,2-Car,No injury/unknown,FAILURE TO YIELD RIGHT OF WAY,LONGVIEW & PETE ELLIS,39.166944,-86.495056,"39.166944,-86.495056",52,Clear
902433822,2015-04-05,Weekday,18:00:00,2-Car,No injury/unknown,IMPROPER PASSING,3RD & JORDAN,39.16425613,-86.51640058,"39.16425613,-86.51640058",55,Clear
902433823,2015-04-02,Weekday,15:00:00,1-Car,No injury/unknown,RAN OFF ROAD RIGHT,RUSH RIDGE & SR446S,39.08251493,-86.4199346,"39.08251493,-86.4199346",1,Clear
902433830,2015-04-05,Weekday,16:00:00,2-Car,No injury/unknown,IMPROPER TURNING,EAST DILLMAN & SOUTH OLD STATE ROAD 37,39.092944,-86.544,"39.092944,-86.544",1,Clear
902433835,2015-04-01,Weekend,00:00:00,1-Car,No injury/unknown,ANIMAL/OBJECT IN ROADWAY,BAYWOOD & SOUTH ROGERS,39.11371503,-86.53948031,"39.11371503,-86.53948031",7,Clear
902433854,2015-04-05,Weekday,18:00:00,2-Car,No injury/unknown,IMPROPER TURNING,E 17TH,39.17896,-86.521088,"39.17896,-86.521088",56,Clear
902433926,2015-04-06,Weekday,02:00:00,2-Car,No injury/unknown,OTHER (DRIVER) - EXPLAIN IN NARRATIVE,N WALNUT & W 7TH,39.16864,-86.533568,"39.16864,-86.533568",58,Clear
902433962,2015-04-06,Weekday,07:00:00,2-Car,No injury/unknown,FOLLOWING TOO CLOSELY,HIGH & HILLSIDE,39.150544,-86.508288,"39.150544,-86.508288",52,Clear
902434009,2015-04-06,Weekday,08:00:00,2-Car,Non-incapacitating,FOLLOWING TOO CLOSELY,N MILO B SAMPSON & SR46,39.18907166,-86.52171325,"39.18907166,-86.52171325",55,Clear
902434049,2015-04-06,Weekday,08:00:00,3+ Cars,No injury/unknown,FOLLOWING TOO CLOSELY,200 BLK N COLLEGE & 6TH,39.16902128,-86.534784,"39.16902128,-86.534784",58,Clear
902434162,2015-04-06,Weekday,11:00:00,2-Car,No injury/unknown,UNSAFE BACKING,N COLLEGE & W 6TH,39.167648,-86.534784,"39.167648,-86.534784",58,Clear
902434171,2015-04-06,Weekday,09:00:00,2-Car,No injury/unknown,DISREGARD SIGNAL/REG SIGN,4TH & WALNUT,39.165648,-86.5336,"39.165648,-86.5336",58,Clear
902434192,2015-04-06,Weekday,12:00:00,2-Car,No injury/unknown,UNSAFE BACKING,S SWAIN,39.16410678,-86.51519608,"39.16410678,-86.51519608",55,Clear
902434215,2015-04-06,Weekday,07:00:00,2-Car,Non-incapacitating,DISREGARD SIGNAL/REG SIGN,2ND & ADAMS,39.16037969,-86.55083008,"39.16037969,-86.55083008",57,Clear
902434258,2015-04-06,Weekday,14:00:00,2-Car,No injury/unknown,FOLLOWING TOO CLOSELY,E 3RD & S ROSE,39.164352,-86.510944,"39.164352,-86.510944",53,Clear
902434274,2015-04-06,Weekday,14:00:00,2-Car,No injury/unknown,FOLLOWING TOO CLOSELY,NORTH KINSER & WEST GOURLEY,39.185392,-86.537856,"39.185392,-86.537856",56,Clear
902434276,2015-04-06,Weekday,14:00:00,2-Car,No injury/unknown,UNSAFE BACKING,15TH & GRANT,39.1770104,-86.5296,"39.1770104,-86.5296",58,Clear
902434304,2015-04-06,Weekday,16:00:00,3+ Cars,No injury/unknown,FOLLOWING TOO CLOSELY,3RD & KINGSTON,39.16424,-86.492944,"39.16424,-86.492944",51,Clear
902434402,2015-04-06,Weekend,20:00:00,1-Car,No injury/unknown,RAN OFF ROAD RIGHT,NORTH WALNUT & WEST 17TH,39.178944,-86.533392,"39.178944,-86.533392",58,Clear
902434416,2015-04-06,Weekday,14:00:00,2-Car,Incapacitating,FAILURE TO YIELD RIGHT OF WAY,4TH & BRYAN,39.165696,-86.508208,"39.165696,-86.508208",52,Clear
902434419,2015-04-06,Weekday,14:00:00,1-Car,No injury/unknown,UNSAFE BACKING,W SMITH,39.16299853,-86.53885649,"39.16299853,-86.53885649",57,Clear
902434427,2015-04-04,Weekday,19:00:00,2-Car,No injury/unknown,FOLLOWING TOO CLOSELY,15TH & NORTH COLLEGE,39.15944,-86.53488,"39.15944,-86.53488",58,Cloudy
902434482,2015-04-06,Weekend,21:00:00,3+ Cars,Non-incapacitating,FOLLOWING TOO CLOSELY,3RD & COLLEGE MALL,39.16424,-86.4984,"39.16424,-86.4984",52,Clear
902434488,2015-04-07,Weekend,23:00:00,2-Car,No injury/unknown,UNSAFE BACKING,E 3RD,39.16444703,-86.52575968,"39.16444703,-86.52575968",57,Patchy rain possible
902434489,2015-04-07,Weekend,00:00:00,2-Car,No injury/unknown,FAILURE TO YIELD RIGHT OF WAY,10TH & WOODLAWN,39.171632,-86.523536,"39.171632,-86.523536",56,Patchy rain possible
902434505,2015-04-06,Weekend,19:00:00,2-Car,No injury/unknown,UNSAFE BACKING,N WALNUT,39.232544,-86.540704,"39.232544,-86.540704",0,Clear
902434606,2015-04-07,Weekend,14:00:00,2-Car,No injury/unknown,FOLLOWING TOO CLOSELY,E 10TH & SR46S,39.17227292,-86.5024615,"39.17227292,-86.5024615",52,Patchy rain possible
902434616,2015-04-06,Weekday,16:00:00,2-Car,Non-incapacitating,FAILURE TO YIELD RIGHT OF WAY,E UNIVERSITY & S HENDERSON,39.16032,-86.527136,"39.16032,-86.527136",57,Clear
902434623,2015-04-07,Weekend,01:00:00,2-Car,No injury/unknown,IMPROPER TURNING,8TH & ELM,39.169632,-86.5452,"39.169632,-86.5452",57,Patchy rain possible
902434631,2015-04-07,Weekend,11:00:00,2-Car,No injury/unknown,IMPROPER TURNING,E 14TH & N WALNUT,39.175952,-86.53344,"39.175952,-86.53344",58,Patchy rain possible
902434664,2015-04-07,Weekend,16:00:00,2-Car,No injury/unknown,FAILURE TO YIELD RIGHT OF WAY,13TH & INDIANA,39.175504,-86.527104,"39.175504,-86.527104",57,Patchy rain possible
902434667,2015-04-07,Weekend,14:00:00,2-Car,No injury/unknown,FAILURE TO YIELD RIGHT OF WAY,6TH & ROGERS,39.16768,-86.538592,"39.16768,-86.538592",57,Patchy rain possible
902434686,2015-04-07,Weekend,17:00:00,2-Car,No injury/unknown,DISREGARD SIGNAL/REG SIGN,ATWATER & HENDERSON,39.16313969,-86.52727022,"39.16313969,-86.52727022",57,Patchy rain possible
902434731,2015-04-07,Weekend,18:00:00,2-Car,No injury/unknown,FOLLOWING TOO CLOSELY,7TH & SR46N,39.167648,-86.500096,"39.167648,-86.500096",52,Patchy rain possible
902434736,2015-04-06,Weekend,21:00:00,1-Car,No injury/unknown,RAN OFF ROAD RIGHT,S OLD STATE ROAD 37 & W CEDAR BLUFF,39.042144,-86.5412,"39.042144,-86.5412",3,Clear
902434739,2015-04-06,Weekday,16:00:00,1-Car,Fatal,RAN OFF ROAD RIGHT,DUNCAN & W LEONARD SPRINGS,39.122352,-86.5964,"39.122352,-86.5964",6,Clear
902434741,2015-04-07,Weekend,15:00:00,2-Car,Fatal,RAN OFF ROAD RIGHT,KIRBY & W ST RD 48,39.05918475,-86.61081969,"39.05918475,-86.61081969",0,Patchy rain possible
902434754,2015-04-07,Weekend,16:00:00,2-Car,No injury/unknown,FAILURE TO YIELD RIGHT OF WAY,9TH & WALNUT,39.170544,-86.533536,"39.170544,-86.533536",58,Patchy rain possible
902434773,2015-03-02,Weekday,23:00:00,1-Car,No injury/unknown,RAN OFF ROAD RIGHT,RICHLAND PLAZA & SR46W,39.21649933,-86.59526824,"39.21649933,-86.59526824",5,Partly cloudy
902434774,2015-04-06,Weekday,05:00:00,1-Car,No injury/unknown,ANIMAL/OBJECT IN ROADWAY,ARLINGTON & SR46W,39.20813215,-86.57812268,"39.20813215,-86.57812268",45,Clear
902434780,2015-04-01,Weekend,00:00:00,2-Car,Non-incapacitating,,E GRANDVIEW & N SMITH,39.168848,-86.481296,"39.168848,-86.481296",50,Clear
902434796,2015-04-07,Weekend,05:00:00,1-Car,Incapacitating,OTHER (DRIVER) - EXPLAIN IN NARRATIVE,SR45W,39.125312,-86.610496,"39.125312,-86.610496",5,Patchy rain possible
902434799,2015-04-01,Weekend,04:00:00,2-Car,Incapacitating,DRIVER ASLEEP OR FATIGUED,E 3RD & S WALNUT,39.16464,-86.5336,"39.16464,-86.5336",58,Clear
902434835,2015-04-07,Weekend,12:00:00,2-Car,No injury/unknown,LEFT OF CENTER,ALLENS CREEK & SR446S,38.97667209,-86.4416809,"38.97667209,-86.4416809",0,Patchy rain possible
902434868,2015-04-01,Weekend,09:00:00,2-Car,No injury/unknown,DISREGARD SIGNAL/REG SIGN,E 7TH & N DUNN,39.16864,-86.528224,"39.16864,-86.528224",58,Clear
902434881,2015-04-07,Weekend,22:00:00,2-Car,No injury/unknown,FOLLOWING TOO CLOSELY,E 10TH & N JORDAN,39.171552,-86.515728,"39.171552,-86.515728",55,Patchy rain possible
902377265,2015-01-01,Weekend,13:00:00,2-Car,Incapacitating,UNSAFE SPEED,SR37 & VERNAL,39.17599001,-86.56318363,"39.17599001,-86.56318363",51,Clear
902377318,2015-01-03,Weekday,09:00:00,3+ Cars,Non-incapacitating,FOLLOWING TOO CLOSELY,COUNTRY CLUB & S ROGERS,39.13608,-86.538096,"39.13608,-86.538096",57,Patchy moderate snow
902377320,2015-01-03,Weekday,08:00:00,2-Car,No injury/unknown,FAILURE TO YIELD RIGHT OF WAY,8TH & INDIANA,39.169616,-86.52696,"39.169616,-86.52696",57,Patchy moderate snow
902377344,2015-01-03,Weekday,10:00:00,Pedestrian,Incapacitating,FAILURE TO YIELD RIGHT OF WAY,7TH & WOODLAWN,39.16864,-86.523392,"39.16864,-86.523392",56,Patchy moderate snow
902377351,2015-01-01,Weekend,06:00:00,1-Car,Non-incapacitating,RAN OFF ROAD RIGHT,GETTYS CREEK & SR46E,39.162864,-86.414432,"39.162864,-86.414432",0,Clear
902377352,2015-01-01,Weekend,12:00:00,2-Car,No injury/unknown,FOLLOWING TOO CLOSELY,DUNCAN & SR45W,39.13504,-86.596192,"39.13504,-86.596192",9,Clear
902377369,2015-01-03,Weekday,12:00:00,2-Car,No injury/unknown,UNSAFE BACKING,EAST KIRKWOOD,39.16664,-86.52798041,"39.16664,-86.52798041",57,Patchy moderate snow
902377481,2015-01-03,Weekday,10:00:00,Pedestrian,Incapacitating,PEDESTRIAN ACTION,17TH & N WALNUT,39.178944,-86.533392,"39.178944,-86.533392",58,Patchy moderate snow
902377564,2015-01-03,Weekday,07:00:00,2-Car,Incapacitating,LEFT OF CENTER,ANNALEE & W BLOOMFIELD,39.15810156,-86.55750275,"39.15810156,-86.55750275",53,Patchy moderate snow
902377599,2015-01-02,Weekday,17:00:00,3+ Cars,No injury/unknown,UNSAFE SPEED,SR37S & VERNAL,39.17896726,-86.55952979,"39.17896726,-86.55952979",51,Clear
902377725,2015-01-03,Weekday,21:00:00,2-Car,No injury/unknown,DISREGARD SIGNAL/REG SIGN,ROCKPORT & TAPP,39.136448,-86.548704,"39.136448,-86.548704",57,Patchy moderate snow
902377737,2015-01-03,Weekday,20:00:00,2-Car,Non-incapacitating,FOLLOWING TOO CLOSELY,SR37S & SR45E,39.232688,-86.623056,"39.232688,-86.623056",1,Patchy moderate snow
902377754,2015-01-03,Weekday,16:00:00,2-Car,Incapacitating,FOLLOWING TOO CLOSELY,HARTSTRAIGHT & SR46W,39.20619965,-86.61134338,"39.20619965,-86.61134338",6,Patchy moderate snow
902377852,2015-01-01,Weekend,04:00:00,1-Car,No injury/unknown,RAN OFF ROAD RIGHT,NORTH DUNN & OLD STATE ROAD 37 NORTH,39.20801975,-86.52872428,"39.20801975,-86.52872428",48,Clear
902377867,2015-01-06,Weekday,07:00:00,1-Car,No injury/unknown,ROADWAY SURFACE CONDITION,SR37N & W 3RD,39.16747214,-86.57272682,"39.16747214,-86.57272682",51,Light freezing rain
902377874,2015-01-02,Weekday,07:00:00,2-Car,No injury/unknown,FAILURE TO YIELD RIGHT OF WAY,SISCOE & SR46W,39.27146912,-86.67021209,"39.27146912,-86.67021209",2,Clear
902377987,2015-01-04,Weekday,09:00:00,2-Car,No injury/unknown,FOLLOWING TOO CLOSELY,7TH & COLLEGE,39.168656,-86.534784,"39.168656,-86.534784",58,Patchy rain possible
902377993,2015-01-04,Weekday,08:00:00,Bus,Non-incapacitating,FAILURE TO YIELD RIGHT OF WAY,S WALNUT & WINSLOW,39.136144,-86.528688,"39.136144,-86.528688",58,Patchy rain possible
902378105,2015-01-04,Weekday,11:00:00,2-Car,No injury/unknown,DRIVER DISTRACTED - EXPLAIN IN NARRATIVE,2ND & HIGHLAND,39.16105025,-86.51772022,"39.16105025,-86.51772022",55,Patchy rain possible
902378125,2015-01-03,Weekday,09:00:00,2-Car,No injury/unknown,FOLLOWING TOO CLOSELY,N OLD ST RD 37 & N WALNUT,39.18336019,-86.53415009,"39.18336019,-86.53415009",57,Patchy moderate snow
902378144,2015-01-04,Weekday,11:00:00,3+ Cars,No injury/unknown,OTHER (DRIVER) - EXPLAIN IN NARRATIVE,OLD SR 37 & WALNUT,39.20704,-86.534704,"39.20704,-86.534704",50,Patchy rain possible
902378176,2015-01-04,Weekday,07:00:00,2-Car,No injury/unknown,FAILURE TO YIELD RIGHT OF WAY,SMITH & SR46E,39.210144,-86.5832,"39.210144,-86.5832",44,Patchy rain possible
902378462,2015-01-03,Weekday,12:00:00,2-Car,No injury/unknown,,E 10TH & HILLTOP,39.1730517,-86.5041985,"39.1730517,-86.5041985",52,Patchy moderate snow
902378489,2015-01-04,Weekday,18:00:00,2-Car,Non-incapacitating,FOLLOWING TOO CLOSELY,COVENANTER & S COLLEGE MALL,39.155152,-86.497888,"39.155152,-86.497888",52,Patchy rain possible
902378525,2015-01-04,Weekday,18:00:00,1-Car,No injury/unknown,ANIMAL/OBJECT IN ROADWAY,ADAMS & ALLEN,39.155943,-86.55112098,"39.155943,-86.55112098",57,Patchy rain possible
902378531,2015-01-04,Weekday,06:00:00,2-Car,No injury/unknown,UNSAFE BACKING,E 16TH & N LINCOLN,39.177792,-86.530864,"39.177792,-86.530864",58,Patchy rain possible
902378616,2015-01-05,Weekday,06:00:00,2-Car,No injury/unknown,FOLLOWING TOO CLOSELY,E 10TH & N SMITH,39.172752,-86.482288,"39.172752,-86.482288",50,Clear
902378710,2015-01-04,Weekday,13:00:00,1-Car,No injury/unknown,UNSAFE SPEED,BETHEL & STIDD,39.21424702,-86.47831157,"39.21424702,-86.47831157",3,Patchy rain possible
902378718,2015-01-03,Weekday,07:00:00,2-Car,No injury/unknown,IMPROPER TURNING,S LEONARD SPRINGS ROAD & SR45,39.142048,-86.582592,"39.142048,-86.582592",50,Patchy moderate snow
902378775,2015-01-05,Weekday,09:00:00,2-Car,No injury/unknown,FOLLOWING TOO CLOSELY,TENTH & WOODLAWN,39.17162998,-86.52351778,"39.17162998,-86.52351778",56,Clear
902378796,2015-01-05,Weekday,12:00:00,2-Car,No injury/unknown,UNSAFE LANE MOVEMENT,S WALNUT & SMITH,39.162848,-86.5336,"39.162848,-86.5336",58,Clear
902378814,2015-01-05,Weekday,13:00:00,2-Car,No injury/unknown,DRIVER DISTRACTED - EXPLAIN IN NARRATIVE,10TH & SR46E,39.171648,-86.502096,"39.171648,-86.502096",52,Clear
902378927,2015-01-06,Weekday,08:00:00,2-Car,No injury/unknown,SPEED TOO FAST FOR WEATHER CONDITIONS,CURRY & SR46E,39.15835953,-86.58274637,"39.15835953,-86.58274637",50,Light freezing rain
902379041,2015-01-05,Weekday,19:00:00,2-Car,No injury/unknown,FAILURE TO YIELD RIGHT OF WAY,11TH & INDIANA,39.17344,-86.527056,"39.17344,-86.527056",57,Clear
902379059,2015-01-05,Weekday,19:00:00,2-Car,No injury/unknown,FAILURE TO YIELD RIGHT OF WAY,11TH & INDIANA,39.17344,-86.527056,"39.17344,-86.527056",57,Clear
902379085,2015-01-05,Weekday,20:00:00,2-Car,No injury/unknown,FOLLOWING TOO CLOSELY,10TH & WALNUT,39.171744,-86.53352,"39.171744,-86.53352",58,Clear
902379086,2015-01-04,Weekday,18:00:00,2-Car,No injury/unknown,ANIMAL/OBJECT IN ROADWAY,SOUTH ROCKPORT & WEST TAPP,39.136448,-86.548704,"39.136448,-86.548704",57,Patchy rain possible
902379088,2015-01-05,Weekday,21:00:00,2-Car,No injury/unknown,FAILURE TO YIELD RIGHT OF WAY,INDIANA & THIRTEENTH,39.17524746,-86.52701896,"39.17524746,-86.52701896",57,Clear
902379090,2015-01-05,Weekday,19:00:00,2-Car,No injury/unknown,IMPROPER LANE USAGE,COLLEGE & DODDS,39.157568,-86.534896,"39.157568,-86.534896",58,Clear
902379093,2015-01-05,Weekday,21:00:00,1-Car,No injury/unknown,FAILURE TO YIELD RIGHT OF WAY,N WALNUT,39.16880751,-86.53356506,"39.16880751,-86.53356506",58,Clear
902379167,2015-01-03,Weekday,12:00:00,2-Car,No injury/unknown,FOLLOWING TOO CLOSELY,BRUMMETTS CREEK & SR45E,39.22039032,-86.41104355,"39.22039032,-86.41104355",1,Patchy moderate snow
902379291,2015-01-06,Weekday,10:00:00,2-Car,No injury/unknown,,ATWATER & S DUNN,39.164448,-86.528096,"39.164448,-86.528096",58,Light freezing rain
902379357,2015-01-06,Weekday,07:00:00,3+ Cars,No injury/unknown,DRIVER DISTRACTED - EXPLAIN IN NARRATIVE,SR37 & SR45W,39.30670166,-86.51615394,"39.30670166,-86.51615394",0,Light freezing rain
902379507,2015-01-05,Weekday,20:00:00,2-Car,No injury/unknown,UNSAFE BACKING,E 17TH,39.17896,-86.521088,"39.17896,-86.521088",56,Clear
902379517,2015-01-06,Weekday,17:00:00,2-Car,No injury/unknown,OTHER (DRIVER) - EXPLAIN IN NARRATIVE,W 2ND,39.16153611,-86.53976784,"39.16153611,-86.53976784",57,Light freezing rain
902379526,2015-01-06,Weekday,15:00:00,2-Car,No injury/unknown,UNSAFE SPEED,EAST 3RD & SOUTH COLLRGE MALL,39.16424006,-86.49827018,"39.16424006,-86.49827018",52,Light freezing rain
902379555,2015-01-05,Weekday,20:00:00,2-Car,No injury/unknown,IMPROPER TURNING,FEE & JORDAN,39.18384,-86.5192,"39.18384,-86.5192",54,Clear
902379562,2015-01-06,Weekday,17:00:00,2-Car,No injury/unknown,IMPROPER TURNING,E 10TH,39.171648,-86.50435515,"39.171648,-86.50435515",52,Light freezing rain
902379564,2015-01-06,Weekday,17:00:00,2-Car,Non-incapacitating,IMPROPER LANE USAGE,3RD & SWAIN,39.16425012,-86.51525996,"39.16425012,-86.51525996",55,Light freezing rain
902379636,2015-01-06,Weekend,22:00:00,2-Car,No injury/unknown,DISREGARD SIGNAL/REG SIGN,3RD & WALNUT,39.16464,-86.5336,"39.16464,-86.5336",58,Light freezing rain
902379686,2015-01-07,Weekend,08:00:00,2-Car,Non-incapacitating,FAILURE TO YIELD RIGHT OF WAY,N MADISON & W 17TH,39.178992,-86.537792,"39.178992,-86.537792",57,Overcast
902379711,2015-01-07,Weekend,02:00:00,1-Car,No injury/unknown,RAN OFF ROAD RIGHT,SOUTH LEONARD SPRINGS & W FOWLER,39.100752,-86.593504,"39.100752,-86.593504",0,Overcast
902379724,2015-01-07,Weekend,12:00:00,2-Car,No injury/unknown,FAILURE TO YIELD RIGHT OF WAY,GATES & JACOB,39.16562006,-86.57599993,"39.16562006,-86.57599993",50,Overcast
902379730,2015-01-07,Weekend,10:00:00,2-Car,No injury/unknown,UNSAFE BACKING,ATWATER & FACULTY,39.16310246,-86.52108721,"39.16310246,-86.52108721",55,Overcast
902379731,2015-01-07,Weekend,11:00:00,1-Car,No injury/unknown,UNSAFE LANE MOVEMENT,E ATWATER,39.16315913,-86.52214653,"39.16315913,-86.52214653",56,Overcast