Master Record Number,Date,Weekend?,Hour,Collision Type,Injury Type,Primary Factor,Reported_Location,Latitude,Longitude,Location,Number of Bars,Weather Condition
902391235,2015-02-04,Weekday,20:00:00,2-Car,No injury/unknown,ROADWAY SURFACE CONDITION,S FIELDSTONE & W COBBLE STONE,39.16040987,-86.60478003,"39.16040987,-86.60478003",7,Clear
902391244,2015-02-02,Weekday,22:00:00,1-Car,No injury/unknown,RAN OFF ROAD RIGHT,E RHORER & S SARE,39.12144005,-86.51157997,"39.12144005,-86.51157997",27,Overcast
902391704,2015-02-03,Weekday,10:00:00,1-Car,No injury/unknown,INSECURE/LEAKY LOAD,FLUCK MILL & VICTOR,39.07377988,-86.57107003,"39.07377988,-86.57107003",0,Clear
902391715,2015-02-03,Weekday,17:00:00,2-Car,No injury/unknown,FAILURE TO YIELD RIGHT OF WAY,WALNUT & WALNUT STREET,39.107344,-86.5264,"39.107344,-86.5264",3,Clear
902391716,2015-02-03,Weekday,15:00:00,Bus,Incapacitating,DRIVER ILLNESS,BURKS,39.15584,-86.506496,"39.15584,-86.506496",52,Clear
902391729,2015-02-03,Weekday,15:00:00,Pedestrian,Incapacitating,IMPROPER TURNING,DUNN & KIRKWOOD,39.16664,-86.528192,"39.16664,-86.528192",58,Clear
902391778,2015-02-03,Weekday,20:00:00,Pedestrian,Non-incapacitating,PEDESTRIAN ACTION,HILLSIDE & WALNUT,39.150544,-86.5336,"39.150544,-86.5336",58,Clear
902391872,2015-02-04,Weekday,00:00:00,1-Car,Non-incapacitating,ANIMAL/OBJECT IN ROADWAY,N LITTLE WOLF MOUNTAIN & N WOLF MOUNTAIN,39.30224,-86.663808,"39.30224,-86.663808",1,Clear
902391928,2015-02-04,Weekday,06:00:00,2-Car,No injury/unknown,UNSAFE LANE MOVEMENT,SR37S & VERNAL,39.20835355,-86.56252288,"39.20835355,-86.56252288",45,Clear
902392021,2015-02-03,Weekday,14:00:00,2-Car,No injury/unknown,UNSAFE BACKING,EAST KIRKWOOD,39.16677127,-86.54552653,"39.16677127,-86.54552653",57,Clear
902392239,2015-02-01,Weekday,19:00:00,3+ Cars,Incapacitating,LEFT OF CENTER,SEWELL & SR46,39.15171874,-86.38255516,"39.15171874,-86.38255516",1,Light freezing rain
902392272,2015-02-04,Weekday,12:00:00,2-Car,No injury/unknown,FOLLOWING TOO CLOSELY,E GRIMES & S WALNUT,39.15344,-86.5336,"39.15344,-86.5336",58,Clear
902392483,2015-02-04,Weekday,15:00:00,2-Car,No injury/unknown,UNSAFE LANE MOVEMENT,E 3RD & S BALLANTINE,39.16424,-86.518992,"39.16424,-86.518992",55,Clear
902392542,2015-02-04,Weekday,17:00:00,2-Car,No injury/unknown,UNSAFE SPEED,SR37 & VERNAL,39.17543601,-86.56396724,"39.17543601,-86.56396724",51,Clear
902392635,2015-02-02,Weekday,08:00:00,2-Car,No injury/unknown,OTHER (VEHICLE) - EXPLAIN IN NARRATIVE,3RD,39.164848,-86.57602133,"39.164848,-86.57602133",50,Overcast
902392703,2015-02-06,Weekday,12:00:00,2-Car,No injury/unknown,UNSAFE BACKING,115 N GLENWOOD AVE W & LONGVIEW,39.167248,-86.484192,"39.167248,-86.484192",51,Clear
902392713,2015-02-05,Weekday,08:00:00,1-Car,No injury/unknown,UNSAFE BACKING,2602 S SOUTHERN PINES & SOUTHERN RIDGE,39.13934716,-86.54755656,"39.13934716,-86.54755656",57,Clear
902392737,2015-02-05,Weekday,09:00:00,1-Car,No injury/unknown,ROADWAY SURFACE CONDITION,S OLD SR 37 & SR37,39.04018419,-86.54416009,"39.04018419,-86.54416009",3,Clear
902392820,2015-02-05,Weekday,11:00:00,2-Car,No injury/unknown,FAILURE TO YIELD RIGHT OF WAY,N MONROE & SR4546W,39.186944,-86.5468,"39.186944,-86.5468",56,Clear
902392852,2015-02-05,Weekday,12:00:00,2-Car,No injury/unknown,UNSAFE BACKING,KIRKWOOD & WALNUT,39.16664,-86.5336,"39.16664,-86.5336",58,Clear
902393012,2015-02-05,Weekday,14:00:00,2-Car,Incapacitating,FOLLOWING TOO CLOSELY,10TH & UNION,39.171472,-86.509376,"39.171472,-86.509376",53,Clear
902393053,2015-02-05,Weekday,17:00:00,2-Car,No injury/unknown,FOLLOWING TOO CLOSELY,SR37N & W VERNAL,39.17599001,-86.56318363,"39.17599001,-86.56318363",51,Clear
902393077,2015-02-05,Weekday,18:00:00,2-Car,No injury/unknown,FOLLOWING TOO CLOSELY,S CURRY & W 3RD,39.16463971,-86.58292002,"39.16463971,-86.58292002",50,Clear
902393080,2015-02-05,Weekday,18:00:00,2-Car,No injury/unknown,IMPROPER PASSING,14TH & LINDBERGH,39.176048,-86.552592,"39.176048,-86.552592",57,Clear
902393102,2015-02-04,Weekday,14:00:00,2-Car,No injury/unknown,FAILURE TO YIELD RIGHT OF WAY,SMITH & SR46W,39.210144,-86.5832,"39.210144,-86.5832",44,Clear
902393118,2015-02-05,Weekday,20:00:00,Pedestrian,Non-incapacitating,OTHER (DRIVER) - EXPLAIN IN NARRATIVE,E THIRD,39.0803299,-86.51473999,"39.0803299,-86.51473999",0,Clear
902393151,2015-02-05,Weekday,22:00:00,2-Car,No injury/unknown,OTHER (DRIVER) - EXPLAIN IN NARRATIVE,WALNUT,39.165648,-86.5336,"39.165648,-86.5336",58,Clear
902393180,2015-02-05,Weekday,22:00:00,Cyclist,No injury/unknown,FAILURE TO YIELD RIGHT OF WAY,WINSLOW,39.136144,-86.523744,"39.136144,-86.523744",56,Clear
902393182,2015-02-05,Weekday,21:00:00,1-Car,Non-incapacitating,RAN OFF ROAD RIGHT,2 ND & FAIRFAX,39.082166,-86.5157979,"39.082166,-86.5157979",0,Clear
902393218,2015-02-06,Weekday,04:00:00,2-Car,No injury/unknown,OTHER (DRIVER) - EXPLAIN IN NARRATIVE,NORTH MADISON & WEST 17TH,39.178992,-86.537792,"39.178992,-86.537792",57,Clear
902393295,2015-02-05,Weekday,07:00:00,2-Car,No injury/unknown,UNSAFE BACKING,RHORER & WALNUT STREET,39.12144,-86.526496,"39.12144,-86.526496",29,Clear
902393296,2015-02-05,Weekday,07:00:00,1-Car,Incapacitating,RAN OFF ROAD RIGHT,CHAMBERS & SR37S,39.30432,-86.5168,"39.30432,-86.5168",0,Clear
902393300,2015-02-06,Weekday,08:00:00,1-Car,No injury/unknown,VIEW OBSTRUCTED,6TH & ELM,39.167712,-86.5452,"39.167712,-86.5452",57,Clear
902393477,2015-02-06,Weekday,07:00:00,2-Car,No injury/unknown,FOLLOWING TOO CLOSELY,SR4546 & TENTH,39.176848,-86.478192,"39.176848,-86.478192",44,Clear
902393510,2015-02-05,Weekday,08:00:00,2-Car,No injury/unknown,FAILURE TO YIELD RIGHT OF WAY,SR46W & UNION VALLEY,39.21328558,-86.59020994,"39.21328558,-86.59020994",14,Clear
902393547,2015-02-05,Weekday,13:00:00,2-Car,No injury/unknown,UNSAFE BACKING,N MADISON & W 6TH,39.167664,-86.537296,"39.167664,-86.537296",58,Clear
902393689,2015-02-06,Weekday,11:00:00,2-Car,Non-incapacitating,DISREGARD SIGNAL/REG SIGN,N OLD ST RD 37 & N WALNUT,39.18336019,-86.53415009,"39.18336019,-86.53415009",57,Clear
902393699,2015-02-06,Weekday,11:00:00,2-Car,No injury/unknown,FAILURE TO YIELD RIGHT OF WAY,N MADISON & W 17TH,39.178992,-86.537792,"39.178992,-86.537792",57,Clear
902393701,2015-02-06,Weekday,12:00:00,2-Car,No injury/unknown,FAILURE TO YIELD RIGHT OF WAY,SOUTH WALNUT,39.154352,-86.5336,"39.154352,-86.5336",58,Clear
902393740,2015-02-06,Weekday,14:00:00,2-Car,No injury/unknown,FOLLOWING TOO CLOSELY,EAST 3RD & SOUTH JEFFERSON,39.164304,-86.506992,"39.164304,-86.506992",52,Clear
902393842,2015-02-06,Weekday,18:00:00,3+ Cars,Non-incapacitating,FOLLOWING TOO CLOSELY,THIRD & WALNUT,39.08217966,-85.81297853,"39.08217966,-85.81297853",0,Clear
902393854,2015-02-06,Weekday,17:00:00,2-Car,No injury/unknown,FOLLOWING TOO CLOSELY,N CURRY & SR46W,39.19377136,-86.57120616,"39.19377136,-86.57120616",50,Clear
902393869,2015-02-06,Weekday,18:00:00,3+ Cars,No injury/unknown,FOLLOWING TOO CLOSELY,N SMITH & SR46W,39.210144,-86.5832,"39.210144,-86.5832",44,Clear
902393896,2015-02-04,Weekday,18:00:00,1-Car,Non-incapacitating,UNSAFE SPEED,EAST DILLMAN & SOUTH FAIRFAX,39.09264,-86.51672,"39.09264,-86.51672",1,Clear
902393904,2015-02-06,Weekday,03:00:00,2-Car,No injury/unknown,OVERCORRECTING/OVERSTEERING,E 2ND & S WASHINGTON,39.16144,-86.5324,"39.16144,-86.5324",58,Clear
902393906,2015-02-05,Weekday,15:00:00,2-Car,No injury/unknown,DRIVER DISTRACTED - EXPLAIN IN NARRATIVE,SR37N & VERNAL,39.17617467,-86.56292242,"39.17617467,-86.56292242",51,Clear
902393922,2015-02-06,Weekend,21:00:00,2-Car,No injury/unknown,FAILURE TO YIELD RIGHT OF WAY,SR45 & WALNUT,39.186368,-86.5344,"39.186368,-86.5344",57,Clear
902393958,2015-02-06,Weekend,22:00:00,1-Car,Non-incapacitating,OTHER (DRIVER) - EXPLAIN IN NARRATIVE,S COLLEGE,39.16115717,-86.53485253,"39.16115717,-86.53485253",58,Clear
902393978,2015-02-07,Weekend,04:00:00,2-Car,No injury/unknown,OTHER (DRIVER) - EXPLAIN IN NARRATIVE,S LIBERTY,39.189248,-86.531472,"39.189248,-86.531472",57,Clear
902393981,2015-02-06,Weekend,23:00:00,2-Car,No injury/unknown,,DUNN & KIRKWOOD,39.16664,-86.52822728,"39.16664,-86.52822728",58,Clear
902394021,2015-02-07,Weekend,08:00:00,2-Car,No injury/unknown,IMPROPER TURNING,4TH & COLLEGE,39.165664,-86.5348,"39.165664,-86.5348",58,Clear
902394245,2015-02-04,Weekday,22:00:00,1-Car,Non-incapacitating,ROADWAY SURFACE CONDITION,LOUDEN & RATLIFF,39.21657228,-86.63986124,"39.21657228,-86.63986124",2,Clear
902394378,2015-02-07,Weekend,17:00:00,2-Car,No injury/unknown,UNSAFE BACKING,S COLLEGE,39.17088686,-86.534768,"39.17088686,-86.534768",58,Clear
902394432,2015-02-07,Weekend,16:00:00,2-Car,No injury/unknown,DISREGARD SIGNAL/REG SIGN,W STATE ROAD 45,39.125312,-86.610496,"39.125312,-86.610496",5,Clear
902394440,2015-02-05,Weekday,16:00:00,2-Car,No injury/unknown,FOLLOWING TOO CLOSELY,SR37S & TAPP,39.13704,-86.572896,"39.13704,-86.572896",51,Clear
902394445,2015-02-07,Weekend,20:00:00,1-Car,No injury/unknown,ANIMAL/OBJECT IN ROADWAY,CURRY & SR46W,39.15835953,-86.58256264,"39.15835953,-86.58256264",50,Clear
902394690,2015-02-01,Weekend,12:00:00,2-Car,No injury/unknown,FAILURE TO YIELD RIGHT OF WAY,SO WESTPLEX & W 3RD,39.16440971,-86.55389986,"39.16440971,-86.55389986",55,Light freezing rain
902394698,2015-02-01,Weekend,07:00:00,2-Car,Non-incapacitating,DISREGARD SIGNAL/REG SIGN,COLLEGE & KIRKWOOD,39.16664,-86.5348,"39.16664,-86.5348",58,Light freezing rain
902394868,2015-02-01,Weekend,16:00:00,2-Car,No injury/unknown,UNSAFE BACKING,E KIRKWOOD,39.16664,-86.53096555,"39.16664,-86.53096555",58,Light freezing rain
902394889,2015-02-01,Weekend,18:00:00,2-Car,No injury/unknown,IMPROPER PASSING,3RD & FESS,39.16444271,-86.52561573,"39.16444271,-86.52561573",57,Light freezing rain
902394952,2015-02-01,Weekday,21:00:00,2-Car,No injury/unknown,FOLLOWING TOO CLOSELY,OLD SR 37 & WALNUT,39.20429773,-86.53489235,"39.20429773,-86.53489235",51,Light freezing rain
902394986,2015-02-01,Weekend,02:00:00,2-Car,No injury/unknown,RAN OFF ROAD RIGHT,E 3RD,39.164544,-86.55236237,"39.164544,-86.55236237",57,Light freezing rain
902395152,2015-02-02,Weekday,08:00:00,2-Car,No injury/unknown,FAILURE TO YIELD RIGHT OF WAY,E MILLER & S COVEY,39.146976,-86.516192,"39.146976,-86.516192",55,Overcast
902395203,2015-02-02,Weekday,09:00:00,2-Car,No injury/unknown,FAILURE TO YIELD RIGHT OF WAY,2ND & WASHINGTON,39.16144,-86.5324,"39.16144,-86.5324",58,Overcast
902395216,2015-02-02,Weekday,10:00:00,2-Car,No injury/unknown,ROADWAY SURFACE CONDITION,E 3RD & PETE ELLIS,39.16424,-86.495088,"39.16424,-86.495088",52,Overcast
902395246,2015-02-02,Weekday,10:00:00,1-Car,No injury/unknown,RAN OFF ROAD RIGHT,RHORER & SARE,39.12989028,-86.51157997,"39.12989028,-86.51157997",53,Overcast
902395278,2015-02-02,Weekday,10:00:00,2-Car,No injury/unknown,SPEED TOO FAST FOR WEATHER CONDITIONS,45 46 & WALNUT,38.475955,-86.541435,"38.475955,-86.541435",0,Overcast
902395307,2015-02-02,Weekday,11:00:00,2-Car,No injury/unknown,SPEED TOO FAST FOR WEATHER CONDITIONS,3RD & LIBERTY,39.16461021,-86.57912141,"39.16461021,-86.57912141",50,Overcast
902395309,2015-02-02,Weekday,10:00:00,1-Car,No injury/unknown,SPEED TOO FAST FOR WEATHER CONDITIONS,MATLOCK & SR46W,39.18504585,-86.51656815,"39.18504585,-86.51656815",54,Overcast
902395402,2015-02-02,Weekday,12:00:00,Bus,No injury/unknown,ROADWAY SURFACE CONDITION,455 N COLLEGE & 9TH,39.170544,-86.534768,"39.170544,-86.534768",58,Overcast
902395428,2015-02-02,Weekday,12:00:00,1-Car,No injury/unknown,SPEED TOO FAST FOR WEATHER CONDITIONS,SR37N & WAYPORT,39.26167132,-86.52280192,"39.26167132,-86.52280192",0,Overcast
902395614,2015-02-02,Weekday,15:00:00,2-Car,No injury/unknown,FOLLOWING TOO CLOSELY,MARTHA & SR46E,39.18635409,-86.53204891,"39.18635409,-86.53204891",57,Overcast
902395702,2015-02-02,Weekday,14:00:00,2-Car,Non-incapacitating,SPEED TOO FAST FOR WEATHER CONDITIONS,3RD & GATES,39.16459009,-86.57619975,"39.16459009,-86.57619975",50,Overcast
902395708,2015-02-02,Weekday,16:00:00,2-Car,No injury/unknown,SPEED TOO FAST FOR WEATHER CONDITIONS,6TH & DUNN,39.167728,-86.528208,"39.167728,-86.528208",58,Overcast
902395738,2015-02-02,Weekday,17:00:00,3+ Cars,No injury/unknown,FOLLOWING TOO CLOSELY,S COLLEGE & W 4TH,39.165664,-86.5348,"39.165664,-86.5348",58,Overcast
902395748,2015-02-02,Weekday,16:00:00,2-Car,No injury/unknown,FOLLOWING TOO CLOSELY,E KIRKWOOD & S DUNN,39.16664,-86.528192,"39.16664,-86.528192",58,Overcast
902395785,2015-02-02,Weekday,16:00:00,2-Car,No injury/unknown,UNSAFE SPEED,INDUSTRIAL & SR45W,39.143552,-86.580528,"39.143552,-86.580528",50,Overcast
902395786,2015-02-02,Weekday,20:00:00,2-Car,No injury/unknown,RAN OFF ROAD RIGHT,N BOTTOM & SR37N,39.3824478,-86.55792236,"39.3824478,-86.55792236",0,Light freezing rain
902395807,2015-02-02,Weekday,14:00:00,1-Car,No injury/unknown,RAN OFF ROAD RIGHT,VILLAGE & W MIDDLE,39.159168,-86.583888,"39.159168,-86.583888",50,Overcast
902395808,2015-02-02,Weekday,16:00:00,2-Car,Incapacitating,SPEED TOO FAST FOR WEATHER CONDITIONS,MCNEELY & UNION VALLEY,39.1135481,-86.59277114,"39.1135481,-86.59277114",4,Overcast
902395809,2015-02-02,Weekday,18:00:00,1-Car,No injury/unknown,SPEED TOO FAST FOR WEATHER CONDITIONS,AIRPORT & SR45W,39.13724902,-86.59312023,"39.13724902,-86.59312023",20,Overcast
902395835,2015-01-03,Weekday,22:00:00,2-Car,No injury/unknown,FOLLOWING TOO CLOSELY,8TH & ROOSEVELT,39.16952,-86.505968,"39.16952,-86.505968",52,Patchy moderate snow
902395869,2015-02-01,Weekday,23:00:00,1-Car,No injury/unknown,OTHER (DRIVER) - EXPLAIN IN NARRATIVE,DUVALL,39.07711411,-86.62055969,"39.07711411,-86.62055969",0,Light freezing rain
902395904,2015-02-02,Weekday,13:00:00,2-Car,No injury/unknown,SPEED TOO FAST FOR WEATHER CONDITIONS,3RD & SMITH,39.16424,-86.480688,"39.16424,-86.480688",50,Overcast
902395937,2015-02-02,Weekday,12:00:00,1-Car,No injury/unknown,RAN OFF ROAD RIGHT,W ALLEN & W BLOOMFIELD,39.156144,-86.561296,"39.156144,-86.561296",51,Overcast
902395941,2015-02-02,Weekday,09:00:00,Bus,No injury/unknown,UNSAFE BACKING,1001 EAST 17TH (BLUE LOT) & 17TH,39.20021998,-86.5209221,"39.20021998,-86.5209221",51,Overcast
902396086,2015-02-03,Weekday,10:00:00,2-Car,No injury/unknown,FAILURE TO YIELD RIGHT OF WAY,W 3RD,39.16424,-86.48434743,"39.16424,-86.48434743",51,Clear
902396153,2015-02-02,Weekday,09:00:00,2-Car,Non-incapacitating,SPEED TOO FAST FOR WEATHER CONDITIONS,10TH & FEE,39.1715904,-86.51957008,"39.1715904,-86.51957008",55,Overcast
902396209,2015-02-02,Weekday,13:00:00,2-Car,Incapacitating,FAILURE TO YIELD RIGHT OF WAY,ALLEN & BLOOMFIELD,39.15612973,-86.56139999,"39.15612973,-86.56139999",51,Overcast
902396281,2015-02-02,Weekday,20:00:00,2-Car,No injury/unknown,RAN OFF ROAD RIGHT,N BOTTOM & SR37N,39.3824478,-86.55792236,"39.3824478,-86.55792236",0,Light freezing rain
902396300,2015-02-03,Weekday,12:00:00,2-Car,No injury/unknown,UNSAFE BACKING,3RD & HAWTHORNE,39.21712186,-86.52008995,"39.21712186,-86.52008995",3,Clear
902396469,2015-02-03,Weekday,10:00:00,2-Car,No injury/unknown,,N RANGE,39.17500611,-86.49981141,"39.17500611,-86.49981141",52,Clear
902396512,2015-02-03,Weekday,17:00:00,2-Car,No injury/unknown,FAILURE TO YIELD RIGHT OF WAY,E 3RD & S GRANT,39.16464,-86.529728,"39.16464,-86.529728",58,Clear
902396562,2015-02-03,Weekday,10:00:00,2-Car,No injury/unknown,OTHER (DRIVER) - EXPLAIN IN NARRATIVE,NORTH MORTON,39.164672,-86.536192,"39.164672,-86.536192",58,Clear
902396576,2015-02-03,Weekday,16:00:00,2-Car,Non-incapacitating,UNSAFE BACKING,E LAW & N UNION,39.17215009,-86.50939602,"39.17215009,-86.50939602",53,Clear
902396584,2015-02-03,Weekday,19:00:00,2-Car,Non-incapacitating,FAILURE TO YIELD RIGHT OF WAY,3RD & INDIANA,39.164448,-86.5268,"39.164448,-86.5268",57,Clear
902396707,2015-02-04,Weekday,02:00:00,1-Car,No injury/unknown,SPEED TOO FAST FOR WEATHER CONDITIONS,18TH & DUNN,39.18021467,-86.5284,"39.18021467,-86.5284",58,Clear
902396733,2015-02-04,Weekday,05:00:00,1-Car,No injury/unknown,OVERCORRECTING/OVERSTEERING,HEDRICK & SR46W,39.27775955,-86.67736536,"39.27775955,-86.67736536",2,Clear
902397021,2015-02-04,Weekday,09:00:00,2-Car,No injury/unknown,UNSAFE BACKING,ODELL,39.1264008,-86.52882926,"39.1264008,-86.52882926",54,Clear
902397033,2015-02-04,Weekday,09:00:00,1-Car,No injury/unknown,OTHER (DRIVER) - EXPLAIN IN NARRATIVE,E 11TH & WALNUT,39.17344,-86.520944,"39.17344,-86.520944",55,Clear
902397034,2015-02-04,Weekday,10:00:00,1-Car,No injury/unknown,SPEED TOO FAST FOR WEATHER CONDITIONS,E 9TH & N LINCOLN,39.170544,-86.530992,"39.170544,-86.530992",58,Clear
902397036,2015-02-04,Weekday,09:00:00,1-Car,No injury/unknown,RAN OFF ROAD RIGHT,E ATWATER & S ARBUTUS,39.16838714,-86.51218011,"39.16838714,-86.51218011",54,Clear
902397042,2015-02-04,Weekday,07:00:00,2-Car,No injury/unknown,UNSAFE BACKING,N GRANT,39.17344,-86.529696,"39.17344,-86.529696",58,Clear
902397081,2015-02-04,Weekday,12:00:00,1-Car,No injury/unknown,RAN OFF ROAD RIGHT,SR37N & W 2ND,39.20370561,-86.53729248,"39.20370561,-86.53729248",51,Clear
902397088,2015-02-03,Weekday,13:00:00,2-Car,No injury/unknown,IMPROPER TURNING,13TH & 709 N FEE (PARKING GARAGE),39.175152,-86.518992,"39.175152,-86.518992",55,Clear
902397371,2015-02-04,Weekday,16:00:00,2-Car,No injury/unknown,UNSAFE LANE MOVEMENT,SR446S & SR46E,39.135648,-86.462,"39.135648,-86.462",9,Clear
902397421,2015-02-04,Weekday,16:00:00,3+ Cars,No injury/unknown,FAILURE TO YIELD RIGHT OF WAY,CONSITUTION & CURRY,39.15127024,-86.58262029,"39.15127024,-86.58262029",50,Clear
902397426,2015-02-04,Weekday,15:00:00,2-Car,No injury/unknown,FOLLOWING TOO CLOSELY,S MULLER,39.16180998,-86.56743228,"39.16180998,-86.56743228",51,Clear
902397442,2015-02-04,Weekday,19:00:00,2-Car,No injury/unknown,UNSAFE BACKING,COLLEGE & KIRKWOOD,39.16664,-86.5348,"39.16664,-86.5348",58,Clear
902397489,2015-02-04,Weekday,20:00:00,3+ Cars,No injury/unknown,FOLLOWING TOO CLOSELY,BUICK CADILLAC & COLLEGE MALL,39.15816,-86.497792,"39.15816,-86.497792",52,Clear
902397501,2015-02-04,Weekday,17:00:00,2-Car,No injury/unknown,FAILURE TO YIELD RIGHT OF WAY,RHORER & S WALNUT,39.12144,-86.526496,"39.12144,-86.526496",29,Clear
902397746,2015-02-05,Weekday,09:00:00,2-Car,No injury/unknown,FAILURE TO YIELD RIGHT OF WAY,N WALNUT & W 11TH,39.173248,-86.533488,"39.173248,-86.533488",58,Clear
902397795,2015-02-05,Weekday,11:00:00,2-Car,No injury/unknown,UNSAFE LANE MOVEMENT,N WALNUT & SR4546W,39.186368,-86.5344,"39.186368,-86.5344",57,Clear
902397861,2015-02-05,Weekday,11:00:00,2-Car,No injury/unknown,FAILURE TO YIELD RIGHT OF WAY,THIRTEENTH & WALNUT GROVE,39.17512767,-86.52103911,"39.17512767,-86.52103911",55,Clear
902397896,2015-02-05,Weekday,11:00:00,2-Car,No injury/unknown,FOLLOWING TOO CLOSELY,S LIBERTY & W 3RD,39.16461021,-86.57910409,"39.16461021,-86.57910409",50,Clear
902398158,2015-02-05,Weekday,16:00:00,2-Car,No injury/unknown,DISREGARD SIGNAL/REG SIGN,7TH & JORDAN,39.168944,-86.516016,"39.168944,-86.516016",55,Clear
902398163,2015-02-05,Weekday,16:00:00,3+ Cars,No injury/unknown,UNSAFE LANE MOVEMENT,3RD & GRANT,39.16464,-86.529728,"39.16464,-86.529728",58,Clear
902398178,2015-02-05,Weekday,17:00:00,2-Car,No injury/unknown,FAILURE TO YIELD RIGHT OF WAY,DIXIE & FAIRVIEW,39.156752,-86.540976,"39.156752,-86.540976",57,Clear
902398315,2015-02-05,Weekday,04:00:00,1-Car,No injury/unknown,SPEED TOO FAST FOR WEATHER CONDITIONS,CHAPEL HILL & SR446S,39.02893231,-86.408064,"39.02893231,-86.408064",0,Clear
902398318,2015-02-04,Weekday,04:00:00,1-Car,No injury/unknown,RAN OFF ROAD RIGHT,SR46E & TRAILWAY,39.16355934,-86.42589328,"39.16355934,-86.42589328",1,Clear
902398390,2015-02-06,Weekday,02:00:00,2-Car,Non-incapacitating,FAILURE TO YIELD RIGHT OF WAY,ST RD 46,39.1831654,-86.5114387,"39.1831654,-86.5114387",53,Clear
902398607,2015-02-06,Weekday,08:00:00,2-Car,No injury/unknown,UNSAFE BACKING,SOUTH COPPER BEACH,39.15565833,-86.57005816,"39.15565833,-86.57005816",51,Clear
902398660,2015-02-05,Weekday,04:00:00,2-Car,No injury/unknown,SPEED TOO FAST FOR WEATHER CONDITIONS,2ND & DUNN,39.15500584,-86.52841016,"39.15500584,-86.52841016",58,Clear
902398705,2015-02-06,Weekday,08:00:00,3+ Cars,No injury/unknown,FAILURE TO YIELD RIGHT OF WAY,N ROGERS & W 7TH,39.168704,-86.538576,"39.168704,-86.538576",57,Clear
902398798,2015-02-06,Weekday,10:00:00,2-Car,No injury/unknown,OTHER (VEHICLE) - EXPLAIN IN NARRATIVE,S COLLEGE,39.16115717,-86.53485253,"39.16115717,-86.53485253",58,Clear
902398804,2015-02-05,Weekday,20:00:00,2-Car,No injury/unknown,FAILURE TO YIELD RIGHT OF WAY,COLLEGE & KIRKWOOD,39.16664,-86.5348,"39.16664,-86.5348",58,Clear
902398842,2015-02-06,Weekday,11:00:00,2-Car,No injury/unknown,FAILURE TO YIELD RIGHT OF WAY,OAK & SALE,39.232512,-86.626224,"39.232512,-86.626224",1,Clear
902398951,2015-02-06,Weekday,14:00:00,2-Car,No injury/unknown,UNSAFE BACKING,S INDIANA,39.165648,-86.526848,"39.165648,-86.526848",57,Clear
902399016,2015-02-06,Weekday,15:00:00,2-Car,No injury/unknown,FOLLOWING TOO CLOSELY,FULLERTON & SR37,39.122352,-86.5712,"39.122352,-86.5712",36,Clear
902399070,2015-02-06,Weekday,16:00:00,2-Car,No injury/unknown,FAILURE TO YIELD RIGHT OF WAY,BARGE & S LEONARD SPRINGS,39.13579732,-86.582496,"39.13579732,-86.582496",50,Clear
902399071,2015-02-06,Weekday,18:00:00,2-Car,No injury/unknown,FOLLOWING TOO CLOSELY,N CURRY & W WOODYARD,39.190672,-86.582992,"39.190672,-86.582992",50,Clear
902399072,2015-02-05,Weekday,14:00:00,2-Car,No injury/unknown,FAILURE TO YIELD RIGHT OF WAY,BROOKWOOD & HILLCREST,39.21400715,-86.60118534,"39.21400715,-86.60118534",3,Clear
902399078,2015-02-05,Weekday,20:00:00,1-Car,Non-incapacitating,SPEED TOO FAST FOR WEATHER CONDITIONS,WEST ISON & WEST LEONARD SPRINGS,39.122352,-86.6056,"39.122352,-86.6056",5,Clear
902399079,2015-02-06,Weekday,14:00:00,1-Car,Incapacitating,RAN OFF ROAD RIGHT,EAST RAMP CREEK & SOUTH SHIELDS RIDGE,39.083024,-86.472912,"39.083024,-86.472912",1,Clear
902399128,2015-02-05,Weekday,10:00:00,1-Car,No injury/unknown,RAN OFF ROAD RIGHT,SKIRVIN & SR45,39.22555741,-86.43851898,"39.22555741,-86.43851898",1,Clear
902399173,2015-02-07,Weekend,03:00:00,1-Car,No injury/unknown,RAN OFF ROAD RIGHT,DUNN & SR37W,39.18363953,-86.5283432,"39.18363953,-86.5283432",57,Clear
902399192,2015-02-05,Weekday,04:00:00,1-Car,No injury/unknown,ROADWAY SURFACE CONDITION,S ROCKPORT & SR37S,39.11732296,-86.56671395,"39.11732296,-86.56671395",6,Clear
902399194,2015-02-07,Weekend,03:00:00,2-Car,Non-incapacitating,SPEED TOO FAST FOR WEATHER CONDITIONS,10TH,39.17164802,-86.50386024,"39.17164802,-86.50386024",52,Clear
902399302,2015-02-07,Weekend,10:00:00,2-Car,No injury/unknown,SPEED TOO FAST FOR WEATHER CONDITIONS,BLOOMFIELD & SR37N,39.2109486,-86.57295227,"39.2109486,-86.57295227",38,Clear
902399319,2015-02-07,Weekend,09:00:00,2-Car,No injury/unknown,FAILURE TO YIELD RIGHT OF WAY,N KINSER,39.18182568,-86.53778021,"39.18182568,-86.53778021",57,Clear
902399405,2015-02-07,Weekend,12:00:00,2-Car,No injury/unknown,FAILURE TO YIELD RIGHT OF WAY,FORRESTER & OLCOTT,39.14021015,-86.49255976,"39.14021015,-86.49255976",51,Clear
902399407,2015-02-07,Weekend,11:00:00,2-Car,No injury/unknown,OTHER (DRIVER) - EXPLAIN IN NARRATIVE,N ROGERS,39.165696,-86.538592,"39.165696,-86.538592",57,Clear