Master Record Number,Date,Weekend?,Hour,Collision Type,Injury Type,Primary Factor,Reported_Location,Latitude,Longitude,Location,Number of Bars,Weather Condition
902399519,2015-02-07,Weekend,14:00:00,2-Car,No injury/unknown,IMPROPER TURNING,E BURKS,39.15584,-86.506496,"39.15584,-86.506496",52,Clear
902399567,2015-02-01,Weekday,21:00:00,2-Car,No injury/unknown,FOLLOWING TOO CLOSELY,ENDWRIGHT & SR46W,39.22402954,-86.61120295,"39.22402954,-86.61120295",1,Light freezing rain
902399574,2015-02-07,Weekend,15:00:00,2-Car,No injury/unknown,UNSAFE BACKING,EAST 7TH,39.168752,-86.5436,"39.168752,-86.5436",57,Clear
902399641,2015-02-07,Weekend,20:00:00,2-Car,No injury/unknown,CELL PHONE USAGE,ROCKPORT & W COUNTRY CLUB,39.136448,-86.548704,"39.136448,-86.548704",57,Clear
902399644,2015-02-07,Weekend,21:00:00,1-Car,No injury/unknown,SPEED TOO FAST FOR WEATHER CONDITIONS,N JORDAN,39.16733692,-86.51619253,"39.16733692,-86.51619253",55,Clear
902399655,2015-02-07,Weekend,21:00:00,2-Car,No injury/unknown,FOLLOWING TOO CLOSELY,10TH & SUNRISE,39.17157993,-86.51249715,"39.17157993,-86.51249715",54,Clear
902399716,2015-02-01,Weekend,04:00:00,1-Car,No injury/unknown,SPEED TOO FAST FOR WEATHER CONDITIONS,NORTH WALNUT,39.16893387,-86.53321838,"39.16893387,-86.53321838",58,Light freezing rain
902399727,2015-02-07,Weekend,01:00:00,2-Car,No injury/unknown,SPEED TOO FAST FOR WEATHER CONDITIONS,INDIANA & THIRD,39.16430652,-86.52691309,"39.16430652,-86.52691309",57,Clear
902399730,2015-02-07,Weekend,12:00:00,1-Car,No injury/unknown,OTHER (DRIVER) - EXPLAIN IN NARRATIVE,N FAIRVIEW & W 11TH,39.173152,-86.5408,"39.173152,-86.5408",57,Clear
902399859,2015-02-06,Weekday,09:00:00,Bus,No injury/unknown,UNSAFE BACKING,GATES,39.16889705,-86.57647803,"39.16889705,-86.57647803",50,Clear
902399860,2015-02-01,Weekend,09:00:00,2-Car,No injury/unknown,SPEED TOO FAST FOR WEATHER CONDITIONS,SR45W,39.125312,-86.610496,"39.125312,-86.610496",5,Light freezing rain
902399863,2015-02-01,Weekend,11:00:00,2-Car,No injury/unknown,FAILURE TO YIELD RIGHT OF WAY,2ND & LINCOLN,39.16144,-86.531056,"39.16144,-86.531056",58,Light freezing rain
902399902,2015-02-01,Weekend,13:00:00,2-Car,Non-incapacitating,FAILURE TO YIELD RIGHT OF WAY,AUTO MALL & COVENANTER,39.1550532,-86.4960877,"39.1550532,-86.4960877",52,Light freezing rain
902399927,2015-02-07,Weekend,16:00:00,1-Car,Non-incapacitating,ANIMAL/OBJECT IN ROADWAY,E BRYANTS CREEK & SR37N,39.334368,-86.5124,"39.334368,-86.5124",0,Clear
902399928,2015-02-07,Weekend,13:00:00,1-Car,No injury/unknown,IMPROPER LANE USAGE,W VERNAL LOT 59,39.179248,-86.58292,"39.179248,-86.58292",50,Clear
902400008,2015-02-01,Weekend,15:00:00,1-Car,No injury/unknown,RAN OFF ROAD RIGHT,S HINDS & SR45W,39.099152,-86.652,"39.099152,-86.652",0,Light freezing rain
902400010,2015-02-01,Weekend,17:00:00,2-Car,No injury/unknown,FAILURE TO YIELD RIGHT OF WAY,KINSER & SR46W,39.186544,-86.537888,"39.186544,-86.537888",56,Light freezing rain
902400023,2015-02-01,Weekday,20:00:00,2-Car,No injury/unknown,FAILURE TO YIELD RIGHT OF WAY,37 & 3RD,39.164752,-86.573104,"39.164752,-86.573104",51,Light freezing rain
902400113,2015-02-01,Weekend,01:00:00,1-Car,No injury/unknown,RAN OFF ROAD RIGHT,E BETHEL & N OLD SR 37,39.215344,-86.521392,"39.215344,-86.521392",5,Light freezing rain
902400202,2015-02-02,Weekday,07:00:00,1-Car,Incapacitating,RAN OFF ROAD RIGHT,ARLINGTON & MAPLE GROVE,39.20235537,-86.55888157,"39.20235537,-86.55888157",46,Overcast
902400242,2015-02-02,Weekday,08:00:00,Bus,No injury/unknown,IMPROPER PASSING,INDIANA & THIRD,39.16430652,-86.52691309,"39.16430652,-86.52691309",57,Overcast
902400309,2015-02-02,Weekday,11:00:00,2-Car,Non-incapacitating,FOLLOWING TOO CLOSELY,PATTERSON & ROGERS,39.15379018,-86.53875008,"39.15379018,-86.53875008",57,Overcast
902400317,2015-02-02,Weekday,11:00:00,2-Car,No injury/unknown,UNSAFE BACKING,N JACOB,39.16852154,-86.57362014,"39.16852154,-86.57362014",50,Overcast
902400353,2015-02-02,Weekday,10:00:00,2-Car,Non-incapacitating,FOLLOWING TOO CLOSELY,7TH & ROGERS,39.168704,-86.538576,"39.168704,-86.538576",57,Overcast
902400404,2015-02-02,Weekday,11:00:00,Bus,No injury/unknown,OTHER (DRIVER) - EXPLAIN IN NARRATIVE,3RD & INDIANA,39.164448,-86.5268,"39.164448,-86.5268",57,Overcast
902406594,2015-03-02,Weekday,18:00:00,1-Car,Non-incapacitating,RAN OFF ROAD RIGHT,ADAMS & ALLEN,39.15586017,-86.5505671,"39.15586017,-86.5505671",57,Partly cloudy
902406596,2015-03-03,Weekday,08:00:00,2-Car,No injury/unknown,DISREGARD SIGNAL/REG SIGN,SO ROGERS & W 2ND,39.16152,-86.538592,"39.16152,-86.538592",57,Cloudy
902406633,2015-03-03,Weekday,08:00:00,1-Car,Non-incapacitating,RAN OFF ROAD RIGHT,JORDAN & READ N,39.16719055,-86.51600953,"39.16719055,-86.51600953",55,Cloudy
902406663,2015-03-03,Weekday,11:00:00,2-Car,No injury/unknown,FAILURE TO YIELD RIGHT OF WAY,LONGVIEW & PETE ELLIS,39.166944,-86.495056,"39.166944,-86.495056",52,Cloudy
902406889,2015-03-02,Weekday,22:00:00,1-Car,No injury/unknown,FAILURE TO YIELD RIGHT OF WAY,GREEN & ROGERS,39.13126204,-86.53875987,"39.13126204,-86.53875987",57,Partly cloudy
902406895,2015-03-03,Weekday,15:00:00,2-Car,No injury/unknown,UNSAFE BACKING,S ROCKPORT,39.14144,-86.543632,"39.14144,-86.543632",57,Cloudy
902406971,2015-03-03,Weekday,17:00:00,1-Car,No injury/unknown,UNSAFE BACKING,JEFFERSON & TENTH,39.17163462,-86.50672396,"39.17163462,-86.50672396",52,Cloudy
902406991,2015-03-03,Weekday,18:00:00,2-Car,No injury/unknown,FAILURE TO YIELD RIGHT OF WAY,E GRIMES & S WALNUT,39.15344,-86.5336,"39.15344,-86.5336",58,Cloudy
902406996,2015-03-02,Weekday,14:00:00,2-Car,No injury/unknown,OTHER (DRIVER) - EXPLAIN IN NARRATIVE,NORTH KINSER,39.18714881,-86.53782472,"39.18714881,-86.53782472",56,Partly cloudy
902406998,2015-03-03,Weekday,18:00:00,2-Car,Incapacitating,FAILURE TO YIELD RIGHT OF WAY,2ND & ADAMS,39.160544,-86.5508,"39.160544,-86.5508",57,Cloudy
902407005,2015-03-03,Weekday,15:00:00,2-Car,No injury/unknown,FAILURE TO YIELD RIGHT OF WAY,KIRKWOOD & MADISON,39.166656,-86.537296,"39.166656,-86.537296",58,Cloudy
902407044,2015-03-03,Weekday,21:00:00,2-Car,No injury/unknown,FOLLOWING TOO CLOSELY,10TH & CAMPBELL,39.17158999,-86.51394031,"39.17158999,-86.51394031",55,Cloudy
902407133,2015-03-03,Weekday,10:00:00,2-Car,Non-incapacitating,OTHER (DRIVER) - EXPLAIN IN NARRATIVE,WINSLOW & XAVIER,39.13601987,-86.51343002,"39.13601987,-86.51343002",54,Cloudy
902407178,2015-02-07,Weekend,10:00:00,3+ Cars,No injury/unknown,DRIVER DISTRACTED - EXPLAIN IN NARRATIVE,CHAMBERS & SR37N,39.32528608,-86.51651,"39.32528608,-86.51651",0,Clear
902407181,2015-03-02,Weekday,12:00:00,2-Car,No injury/unknown,UNSAFE LANE MOVEMENT,N BRYANTS CREEK & SR37N,39.33204816,-86.51427777,"39.33204816,-86.51427777",0,Partly cloudy
902407182,2015-03-02,Weekday,14:00:00,2-Car,No injury/unknown,FAILURE TO YIELD RIGHT OF WAY,S BURCH & W EVANS,39.079552,-86.666592,"39.079552,-86.666592",1,Partly cloudy
902407236,2015-03-04,Weekday,08:00:00,1-Car,No injury/unknown,,W THIRD,39.164337,-86.582344,"39.164337,-86.582344",50,Heavy rain at times
902407454,2015-03-04,Weekday,12:00:00,2-Car,No injury/unknown,FAILURE TO YIELD RIGHT OF WAY,45 46 & WALNUT,38.48634351,-86.541435,"38.48634351,-86.541435",0,Moderate or heavy rain shower
902407697,2015-03-04,Weekday,17:00:00,2-Car,No injury/unknown,SPEED TOO FAST FOR WEATHER CONDITIONS,N CURRY & W WOODYARD,39.190672,-86.582992,"39.190672,-86.582992",50,Heavy rain at times
902407711,2015-03-04,Weekday,17:00:00,3+ Cars,Non-incapacitating,SPEED TOO FAST FOR WEATHER CONDITIONS,11TH & INDIANA,39.17344,-86.527056,"39.17344,-86.527056",57,Heavy rain at times
902407712,2015-03-04,Weekday,17:00:00,2-Car,No injury/unknown,FAILURE TO YIELD RIGHT OF WAY,MATLOCK & SR46,39.18599938,-86.51983282,"39.18599938,-86.51983282",54,Heavy rain at times
902407716,2015-03-04,Weekday,18:00:00,2-Car,No injury/unknown,ROADWAY SURFACE CONDITION,W RICHLAND PLAZA,39.21656191,-86.59487865,"39.21656191,-86.59487865",5,Heavy rain at times
902407718,2015-03-04,Weekday,14:00:00,1-Car,Incapacitating,RAN OFF ROAD RIGHT,BANTA & W COUNTRY CLUB,39.136304,-86.544592,"39.136304,-86.544592",57,Heavy rain at times
902407725,2015-03-04,Weekday,17:00:00,3+ Cars,Incapacitating,ROADWAY SURFACE CONDITION,FRITZ & NORTH WALNUT,39.191248,-86.532896,"39.191248,-86.532896",57,Heavy rain at times
902407734,2015-03-04,Weekday,06:00:00,1-Car,No injury/unknown,ROADWAY SURFACE CONDITION,NORTH KINSER & WEST 17TH,39.178992,-86.537792,"39.178992,-86.537792",57,Heavy rain at times
902407741,2015-03-04,Weekday,18:00:00,2-Car,No injury/unknown,ROADWAY SURFACE CONDITION,3RD,39.16471159,-86.5719019,"39.16471159,-86.5719019",51,Heavy rain at times
902407746,2015-03-04,Weekday,16:00:00,Bus,No injury/unknown,SPEED TOO FAST FOR WEATHER CONDITIONS,JORDAN & TENTH,39.17209438,-86.51564949,"39.17209438,-86.51564949",55,Heavy rain at times
902407747,2015-02-05,Weekday,17:00:00,2-Car,No injury/unknown,DRIVER DISTRACTED - EXPLAIN IN NARRATIVE,CHANDLER & MAIN,39.23376,-86.621888,"39.23376,-86.621888",1,Clear
902407748,2015-03-01,Weekday,19:00:00,2-Car,No injury/unknown,FAILURE TO YIELD RIGHT OF WAY,SALE & TEMPERANCE,39.23384,-86.624704,"39.23384,-86.624704",1,Patchy moderate snow
902407758,2015-03-04,Weekday,16:00:00,2-Car,No injury/unknown,SPEED TOO FAST FOR WEATHER CONDITIONS,17TH & JORDAN,39.178848,-86.51214665,"39.178848,-86.51214665",54,Heavy rain at times
902407762,2015-03-04,Weekday,17:00:00,2-Car,No injury/unknown,FOLLOWING TOO CLOSELY,ELWREN & SR45W,39.107648,-86.643696,"39.107648,-86.643696",0,Heavy rain at times
902407763,2015-03-04,Weekday,18:00:00,1-Car,No injury/unknown,SPEED TOO FAST FOR WEATHER CONDITIONS,ROCKPORT & STANSIFER,39.10749433,-86.57594304,"39.10749433,-86.57594304",2,Heavy rain at times
902407767,2015-03-04,Weekday,17:00:00,2-Car,No injury/unknown,SPEED TOO FAST FOR WEATHER CONDITIONS,ALLEN & BLOOMFIELD,39.156144,-86.561296,"39.156144,-86.561296",51,Heavy rain at times
902407768,2015-03-04,Weekday,18:00:00,2-Car,No injury/unknown,SPEED TOO FAST FOR WEATHER CONDITIONS,LANDMARK & W 3RD,39.16442983,-86.55630983,"39.16442983,-86.55630983",53,Heavy rain at times
902407769,2015-03-04,Weekday,18:00:00,2-Car,No injury/unknown,SPEED TOO FAST FOR WEATHER CONDITIONS,ATWATER & HIGHLAND,39.16305989,-86.51773028,"39.16305989,-86.51773028",55,Heavy rain at times
902407772,2015-03-04,Weekday,10:00:00,2-Car,No injury/unknown,OTHER (VEHICLE) - EXPLAIN IN NARRATIVE,EAST 17TH,39.17906329,-86.5209221,"39.17906329,-86.5209221",55,Heavy rain at times
902407777,2015-03-04,Weekday,17:00:00,2-Car,No injury/unknown,SPEED TOO FAST FOR WEATHER CONDITIONS,COUNTRYSIDE & ROCKPORT,39.136448,-86.548704,"39.136448,-86.548704",57,Heavy rain at times
902407778,2015-03-04,Weekday,18:00:00,2-Car,No injury/unknown,FAILURE TO YIELD RIGHT OF WAY,E 3RD & S GRANT,39.16464,-86.529728,"39.16464,-86.529728",58,Heavy rain at times
902407782,2015-03-04,Weekday,16:00:00,2-Car,No injury/unknown,SPEED TOO FAST FOR WEATHER CONDITIONS,E 10TH & RANGE,39.171504,-86.495312,"39.171504,-86.495312",52,Heavy rain at times
902407786,2015-03-04,Weekday,18:00:00,2-Car,No injury/unknown,SPEED TOO FAST FOR WEATHER CONDITIONS,3RD & ROSE,39.164352,-86.510944,"39.164352,-86.510944",53,Heavy rain at times
902407803,2015-03-04,Weekday,17:00:00,1-Car,No injury/unknown,RAN OFF ROAD RIGHT,SMITHVILLE & SR37,39.16424,-86.480688,"39.16424,-86.480688",50,Heavy rain at times
902407804,2015-03-04,Weekday,21:00:00,2-Car,No injury/unknown,SPEED TOO FAST FOR WEATHER CONDITIONS,LOIS & ROGERS,39.12984,-86.538496,"39.12984,-86.538496",56,Heavy rain at times
902407814,2015-03-04,Weekday,18:00:00,2-Car,No injury/unknown,ROADWAY SURFACE CONDITION,3RD & GRANT,39.16464,-86.529728,"39.16464,-86.529728",58,Heavy rain at times
902407818,2015-03-04,Weekday,16:00:00,Bus,No injury/unknown,FOLLOWING TOO CLOSELY,N COLLEGE & W 6TH,39.167648,-86.534784,"39.167648,-86.534784",58,Heavy rain at times
902407824,2015-03-04,Weekday,18:00:00,2-Car,No injury/unknown,RAN OFF ROAD RIGHT,E 17TH & N WALNUT,39.178944,-86.533392,"39.178944,-86.533392",58,Heavy rain at times
902407825,2015-03-04,Weekday,16:00:00,2-Car,No injury/unknown,ROADWAY SURFACE CONDITION,17TH & N KINSER,39.178992,-86.537792,"39.178992,-86.537792",57,Heavy rain at times
902407827,2015-03-04,Weekday,14:00:00,2-Car,Incapacitating,FAILURE TO YIELD RIGHT OF WAY,E 3RD & S PARK RIDGE,39.16424,-86.476096,"39.16424,-86.476096",31,Heavy rain at times
902407828,2015-03-04,Weekday,17:00:00,2-Car,No injury/unknown,OTHER (DRIVER) - EXPLAIN IN NARRATIVE,E 7TH & N WASHINGTON,39.16864,-86.5324,"39.16864,-86.5324",58,Heavy rain at times
902407829,2015-03-04,Weekday,16:00:00,3+ Cars,No injury/unknown,OTHER (DRIVER) - EXPLAIN IN NARRATIVE,E 7TH & N WASHINGTON,39.16864,-86.5324,"39.16864,-86.5324",58,Heavy rain at times
902407832,2015-03-04,Weekday,17:00:00,3+ Cars,No injury/unknown,FOLLOWING TOO CLOSELY,E 17TH & S WALNUT,39.178944,-86.533392,"39.178944,-86.533392",58,Heavy rain at times
902407844,2015-03-04,Weekday,17:00:00,2-Car,No injury/unknown,SPEED TOO FAST FOR WEATHER CONDITIONS,11TH & INDIANA,39.17344,-86.527056,"39.17344,-86.527056",57,Heavy rain at times
902407976,2015-03-03,Weekday,09:00:00,2-Car,No injury/unknown,OTHER (DRIVER) - EXPLAIN IN NARRATIVE,LIBERTY,39.145264,-86.577616,"39.145264,-86.577616",50,Cloudy
902408256,2015-03-05,Weekday,11:00:00,2-Car,No injury/unknown,IMPROPER LANE USAGE,HENDERSON & SMITH,39.16280977,-86.52725011,"39.16280977,-86.52725011",57,Overcast
902408397,2015-03-04,Weekday,18:00:00,2-Car,No injury/unknown,UNSAFE SPEED,E BETHEL LANE & SR45,39.209952,-86.463392,"39.209952,-86.463392",1,Heavy rain at times
902408403,2015-03-04,Weekday,17:00:00,Bus,No injury/unknown,FOLLOWING TOO CLOSELY,CURRY & GIFFORD,39.156896,-86.582704,"39.156896,-86.582704",50,Heavy rain at times
902408404,2015-03-04,Weekday,06:00:00,2-Car,No injury/unknown,DISREGARD SIGNAL/REG SIGN,ADAMS & ALLEN,39.155952,-86.550592,"39.155952,-86.550592",57,Heavy rain at times
902408457,2015-03-05,Weekday,14:00:00,Bus,No injury/unknown,IMPROPER LANE USAGE,7TH & DUNN,39.16851014,-86.52825423,"39.16851014,-86.52825423",58,Overcast
902408509,2015-03-05,Weekday,14:00:00,2-Car,No injury/unknown,UNSAFE BACKING,519 W HOOSIER COURT,39.186048,-86.550976,"39.186048,-86.550976",56,Overcast
902408513,2015-03-05,Weekday,16:00:00,2-Car,No injury/unknown,UNSAFE LANE MOVEMENT,7TH & WASHINGTON,39.16864,-86.5324,"39.16864,-86.5324",58,Overcast
902408521,2015-03-05,Weekday,17:00:00,2-Car,No injury/unknown,FOLLOWING TOO CLOSELY,FEE & LAW,39.174048,-86.518896,"39.174048,-86.518896",55,Overcast
902408553,2015-03-05,Weekday,19:00:00,2-Car,No injury/unknown,IMPROPER TURNING,3RD & JORDAN,39.16426018,-86.5163999,"39.16426018,-86.5163999",55,Overcast
902408554,2015-03-04,Weekday,17:00:00,2-Car,No injury/unknown,SPEED TOO FAST FOR WEATHER CONDITIONS,BARRINGTON,39.17191923,-86.48921169,"39.17191923,-86.48921169",51,Heavy rain at times
902408569,2015-03-04,Weekday,17:00:00,1-Car,No injury/unknown,ROADWAY SURFACE CONDITION,S CURRY & SR45,39.14328396,-86.582592,"39.14328396,-86.582592",50,Heavy rain at times
902408583,2015-03-05,Weekday,17:00:00,2-Car,No injury/unknown,UNSAFE LANE MOVEMENT,THIRTEENTH & WOODLAWN,39.17521693,-86.52386099,"39.17521693,-86.52386099",56,Overcast
902408595,2015-03-05,Weekday,15:00:00,Bus,No injury/unknown,UNSAFE BACKING,N DANIELS,39.16671172,-86.59908838,"39.16671172,-86.59908838",7,Overcast
902408598,2015-03-05,Weekday,15:00:00,1-Car,No injury/unknown,RAN OFF ROAD RIGHT,MT CARMEL & N LITTLE WOLF MOUNTAIN,39.32272484,-86.66278813,"39.32272484,-86.66278813",1,Overcast
902408599,2015-03-05,Weekday,20:00:00,2-Car,No injury/unknown,FOLLOWING TOO CLOSELY,10TH & JORDAN,39.171552,-86.515728,"39.171552,-86.515728",55,Overcast
902408607,2015-03-05,Weekday,15:00:00,2-Car,No injury/unknown,UNSAFE BACKING,E 3RD,39.16464,-86.52897556,"39.16464,-86.52897556",58,Overcast
902408611,2015-03-05,Weekday,17:00:00,2-Car,Incapacitating,DRIVER ASLEEP OR FATIGUED,SR45W & W LEONARD SPRINGS,39.12224,-86.6144,"39.12224,-86.6144",4,Overcast
902408617,2015-03-05,Weekday,14:00:00,2-Car,No injury/unknown,UNSAFE BACKING,EAST AMY,39.16934632,-86.49902455,"39.16934632,-86.49902455",52,Overcast
902408795,2015-03-06,Weekday,09:00:00,2-Car,No injury/unknown,FOLLOWING TOO CLOSELY,11TH & COLLEGE,39.173232,-86.534752,"39.173232,-86.534752",58,Clear
902408902,2015-03-05,Weekday,09:00:00,1-Car,No injury/unknown,ROADWAY SURFACE CONDITION,E 3RD,39.16423861,-86.49522852,"39.16423861,-86.49522852",52,Overcast
902409143,2015-03-06,Weekday,03:00:00,2-Car,No injury/unknown,UNSAFE BACKING,N JORDAN,39.178848,-86.511088,"39.178848,-86.511088",54,Clear
902409174,2015-03-05,Weekday,16:00:00,2-Car,No injury/unknown,DRIVER DISTRACTED - EXPLAIN IN NARRATIVE,3RD & STATE 37,39.164752,-86.573104,"39.164752,-86.573104",51,Overcast
902409200,2015-03-06,Weekday,13:00:00,2-Car,Non-incapacitating,FAILURE TO YIELD RIGHT OF WAY,17TH & JORDAN,39.1788524,-86.51285237,"39.1788524,-86.51285237",54,Clear
902409204,2015-03-03,Weekday,13:00:00,2-Car,No injury/unknown,SPEED TOO FAST FOR WEATHER CONDITIONS,S OLD 37,39.12021637,-86.52938079,"39.12021637,-86.52938079",20,Cloudy
902409265,2015-03-06,Weekday,17:00:00,2-Car,Non-incapacitating,FAILURE TO YIELD RIGHT OF WAY,S LIBERTY & SR45W,39.14499486,-86.57788929,"39.14499486,-86.57788929",50,Clear
902409281,2015-03-04,Weekday,20:00:00,1-Car,No injury/unknown,RAN OFF ROAD RIGHT,INGRAM & SR37,38.99888231,-86.53733007,"38.99888231,-86.53733007",4,Moderate or heavy rain shower
902409309,2015-03-06,Weekday,15:00:00,3+ Cars,Incapacitating,FOLLOWING TOO CLOSELY,ELWREN & SR45W,39.10327889,-86.64796949,"39.10327889,-86.64796949",0,Clear
902409310,2015-03-05,Weekday,23:00:00,2-Car,No injury/unknown,IMPROPER TURNING,E UNIVERSITY,39.16034874,-86.53080751,"39.16034874,-86.53080751",58,Overcast
902409323,2015-03-06,Weekend,20:00:00,2-Car,No injury/unknown,FOLLOWING TOO CLOSELY,10TH & SR4546S,39.176848,-86.478192,"39.176848,-86.478192",44,Clear
902409326,2015-03-06,Weekday,18:00:00,2-Car,No injury/unknown,FOLLOWING TOO CLOSELY,E SAMPLE & SR37N,39.26341455,-86.52265395,"39.26341455,-86.52265395",0,Clear
902409327,2015-03-06,Weekday,18:00:00,2-Car,No injury/unknown,FAILURE TO YIELD RIGHT OF WAY,N HARTSTRAIT & W VERNAL,39.18676995,-86.6112703,"39.18676995,-86.6112703",6,Clear
902409328,2015-03-06,Weekend,19:00:00,2-Car,No injury/unknown,FOLLOWING TOO CLOSELY,SR45W & W AIRPORT,39.13851891,-86.59099291,"39.13851891,-86.59099291",37,Clear
902409338,2015-03-06,Weekend,22:00:00,1-Car,No injury/unknown,RAN OFF ROAD RIGHT,10TH & GRANT,39.171696,-86.529696,"39.171696,-86.529696",58,Clear
902409367,2015-03-06,Weekend,21:00:00,2-Car,No injury/unknown,UNSAFE BACKING,E EASTGATE,39.170159,-86.501186,"39.170159,-86.501186",52,Clear
902409369,2015-03-07,Weekend,01:00:00,2-Car,No injury/unknown,FAILURE TO YIELD RIGHT OF WAY,10TH & N COLLEGE,39.171744,-86.534768,"39.171744,-86.534768",58,Overcast
902409473,2015-03-07,Weekend,11:00:00,2-Car,Non-incapacitating,OTHER (DRIVER) - EXPLAIN IN NARRATIVE,NORTH WALNUT,39.18708801,-86.53371429,"39.18708801,-86.53371429",57,Overcast
902415203,2015-03-03,Weekday,12:00:00,2-Car,No injury/unknown,UNSAFE BACKING,E KIRKWOOD,39.166248,-86.528511,"39.166248,-86.528511",58,Cloudy
902415257,2015-03-04,Weekday,08:00:00,2-Car,Incapacitating,FOLLOWING TOO CLOSELY,SMITH & WALNUT,39.16284794,-86.53363526,"39.16284794,-86.53363526",58,Heavy rain at times
902415568,2015-03-03,Weekday,06:00:00,1-Car,No injury/unknown,DRIVER ASLEEP OR FATIGUED,NORTH COUNTY LINE & SR46W,39.28165586,-86.68446529,"39.28165586,-86.68446529",1,Cloudy
902415643,2015-03-04,Weekday,11:00:00,2-Car,No injury/unknown,UNSAFE SPEED,2ND,39.1609738,-86.49974204,"39.1609738,-86.49974204",52,Heavy rain at times
902415669,2015-03-03,Weekday,11:00:00,2-Car,No injury/unknown,UNSAFE BACKING,FULLERTON,39.12207413,-86.57376861,"39.12207413,-86.57376861",31,Cloudy
902415670,2015-03-03,Weekday,13:00:00,2-Car,No injury/unknown,UNSAFE BACKING,LUXBURY,39.1566124,-86.46263885,"39.1566124,-86.46263885",9,Cloudy
902415671,2015-03-04,Weekday,07:00:00,2-Car,No injury/unknown,FAILURE TO YIELD RIGHT OF WAY,DILLMAN & OLD ST RD 37,39.09295969,-86.54416009,"39.09295969,-86.54416009",1,Heavy rain at times
902415849,2015-03-05,Weekday,11:00:00,2-Car,No injury/unknown,FAILURE TO YIELD RIGHT OF WAY,E 3RD & S PETE ELLIS,39.16424,-86.495088,"39.16424,-86.495088",52,Overcast
902415948,2015-03-04,Weekday,20:00:00,1-Car,Non-incapacitating,RAN OFF ROAD RIGHT,LOWER BIRDIEGALYAN & SR46E,39.165325,-86.5263857,"39.165325,-86.5263857",57,Heavy rain at times
902416002,2015-03-06,Weekday,15:00:00,2-Car,No injury/unknown,,HILLSIDE & MAXWELL,39.150576,-86.515088,"39.150576,-86.515088",55,Clear
902416057,2015-03-05,Weekday,18:00:00,2-Car,No injury/unknown,UNSAFE BACKING,E SOUTHERN & S WALNUT,39.14977022,-86.53350032,"39.14977022,-86.53350032",58,Overcast
902416089,2015-03-02,Weekday,12:00:00,2-Car,No injury/unknown,FOLLOWING TOO CLOSELY,LOVE & SR46W,39.219152,-86.602304,"39.219152,-86.602304",2,Partly cloudy
902416092,2015-03-05,Weekday,02:00:00,1-Car,Incapacitating,RAN OFF ROAD RIGHT,S LIBERTY,39.145264,-86.577616,"39.145264,-86.577616",50,Overcast
902416098,2015-05-07,Weekend,12:00:00,2-Car,No injury/unknown,UNSAFE SPEED,SR37 & VERNAL,39.176544,-86.5624,"39.176544,-86.5624",51,Clear
902416644,2015-03-06,Weekend,23:00:00,2-Car,No injury/unknown,UNSAFE BACKING,BRITTANY & BURBURY,39.13649999,-86.52313456,"39.13649999,-86.52313456",56,Clear
902416671,2015-03-06,Weekend,23:00:00,1-Car,No injury/unknown,ANIMAL/OBJECT IN ROADWAY,SR37S & WAYPORT,39.26220126,-86.52261598,"39.26220126,-86.52261598",0,Clear
902416751,2015-03-07,Weekend,14:00:00,2-Car,No injury/unknown,UNSAFE BACKING,E 2ND,39.16144,-86.53352653,"39.16144,-86.53352653",58,Overcast
902416766,2015-03-07,Weekend,09:00:00,Bus,No injury/unknown,UNSAFE LANE MOVEMENT,E 8TH & N FORREST,39.16947214,-86.52233049,"39.16947214,-86.52233049",56,Overcast
902416776,2015-03-07,Weekend,13:00:00,2-Car,No injury/unknown,FAILURE TO YIELD RIGHT OF WAY,BLOOMFIELD & SHADELAND,39.15570997,-86.56207993,"39.15570997,-86.56207993",51,Overcast
902416889,2015-03-07,Weekend,18:00:00,1-Car,No injury/unknown,RAN OFF ROAD RIGHT,W BEECH LANE,39.20817184,-86.59114837,"39.20817184,-86.59114837",33,Overcast
902416891,2015-03-04,Weekday,16:00:00,1-Car,No injury/unknown,OTHER (ENVIRONMENTAL) - EXPLAIN IN NARR,BOTTOM & SR37N,39.35593623,-86.55792236,"39.35593623,-86.55792236",0,Patchy moderate snow
902416939,2015-03-01,Weekend,02:00:00,1-Car,No injury/unknown,RAN OFF ROAD RIGHT,SR46W,39.19782378,-86.57398881,"39.19782378,-86.57398881",49,Patchy moderate snow
902416979,2015-03-01,Weekend,09:00:00,1-Car,No injury/unknown,OVERCORRECTING/OVERSTEERING,W 17TH,39.17896,-86.53472,"39.17896,-86.53472",58,Patchy moderate snow
902416992,2015-03-01,Weekend,09:00:00,2-Car,No injury/unknown,UNSAFE BACKING,EAST HUNTER,39.162349,-86.518623,"39.162349,-86.518623",55,Patchy moderate snow
902416995,2015-03-01,Weekend,10:00:00,2-Car,No injury/unknown,FAILURE TO YIELD RIGHT OF WAY,W 3RD,39.164848,-86.57588174,"39.164848,-86.57588174",50,Patchy moderate snow