Master Record Number,Date,Weekend?,Hour,Collision Type,Injury Type,Primary Factor,Reported_Location,Latitude,Longitude,Location,Number of Bars,Weather Condition
902417000,2015-03-07,Weekend,07:00:00,1-Car,No injury/unknown,ANIMAL/OBJECT IN ROADWAY,E DILLMAN & S FOXWOOD,39.0928001,-86.52696708,"39.0928001,-86.52696708",1,Overcast
902417001,2015-03-07,Weekend,09:00:00,2-Car,No injury/unknown,FAILURE TO YIELD RIGHT OF WAY,SR37 & W TAPP,39.13704,-86.572896,"39.13704,-86.572896",51,Overcast
902417056,2015-03-01,Weekend,08:00:00,1-Car,No injury/unknown,ANIMAL/OBJECT IN ROADWAY,CURRY & SR46W,39.15835953,-86.58256264,"39.15835953,-86.58256264",50,Patchy moderate snow
902417101,2015-03-01,Weekend,14:00:00,2-Car,No injury/unknown,FOLLOWING TOO CLOSELY,2ND & PATTERSON,39.16074984,-86.54850997,"39.16074984,-86.54850997",57,Patchy moderate snow
902417103,2015-03-01,Weekend,12:00:00,2-Car,No injury/unknown,UNSAFE LANE MOVEMENT,E 10TH & N LINCOLN,39.171712,-86.530992,"39.171712,-86.530992",58,Patchy moderate snow
902417136,2015-03-01,Weekend,18:00:00,2-Car,No injury/unknown,FOLLOWING TOO CLOSELY,EAST 3RD & SOUTH BALLANTINE,39.16427024,-86.51912972,"39.16427024,-86.51912972",55,Patchy moderate snow
902417162,2015-03-01,Weekend,18:00:00,2-Car,No injury/unknown,FOLLOWING TOO CLOSELY,BURMA & SR37N,39.32229413,-86.51171127,"39.32229413,-86.51171127",0,Patchy moderate snow
902417235,2015-03-07,Weekend,22:00:00,1-Car,No injury/unknown,RAN OFF ROAD RIGHT,E STATE 45 & N BRUMMETTS CREEK,39.230544,-86.42,"39.230544,-86.42",1,Overcast
902417363,2015-03-02,Weekday,07:00:00,2-Car,Non-incapacitating,FAILURE TO YIELD RIGHT OF WAY,S LEONARD SPRINGS & W LEONARD SPRINGS,39.126976,-86.582464,"39.126976,-86.582464",46,Partly cloudy
902417368,2015-03-02,Weekday,08:00:00,2-Car,No injury/unknown,FAILURE TO YIELD RIGHT OF WAY,DUNCAN & SR45W,39.13504,-86.596192,"39.13504,-86.596192",9,Partly cloudy
902417477,2015-03-02,Weekday,11:00:00,2-Car,No injury/unknown,FOLLOWING TOO CLOSELY,ROCKPORT & TAPP,39.136448,-86.548704,"39.136448,-86.548704",57,Partly cloudy
902417660,2015-03-02,Weekday,23:00:00,2-Car,No injury/unknown,UNSAFE LANE MOVEMENT,E 3RD & SO KINGSTON,39.16424,-86.492944,"39.16424,-86.492944",51,Partly cloudy
902417767,2015-03-02,Weekday,13:00:00,1-Car,No injury/unknown,SPEED TOO FAST FOR WEATHER CONDITIONS,W MAIN STREET,39.238336,-86.629328,"39.238336,-86.629328",1,Partly cloudy
902418005,2015-03-02,Weekday,16:00:00,2-Car,No injury/unknown,FOLLOWING TOO CLOSELY,SR37S & TAPP,39.13704,-86.572896,"39.13704,-86.572896",51,Partly cloudy
902418014,2015-03-02,Weekday,18:00:00,2-Car,No injury/unknown,UNSAFE BACKING,W 17TH,39.17896,-86.53472,"39.17896,-86.53472",58,Partly cloudy
902418058,2015-03-02,Weekday,22:00:00,2-Car,No injury/unknown,FAILURE TO YIELD RIGHT OF WAY,7TH & WALNUT,39.16864,-86.533568,"39.16864,-86.533568",58,Partly cloudy
902418409,2015-03-03,Weekday,11:00:00,2-Car,No injury/unknown,FOLLOWING TOO CLOSELY,W 3RD & WESTPLEX,39.16440971,-86.55389986,"39.16440971,-86.55389986",55,Cloudy
902418410,2015-03-03,Weekday,11:00:00,2-Car,No injury/unknown,IMPROPER LANE USAGE,3RD & WALNUT,39.16464,-86.5336,"39.16464,-86.5336",58,Cloudy
902418664,2015-03-03,Weekday,17:00:00,2-Car,No injury/unknown,UNSAFE BACKING,N FEE,39.17281455,-86.51879273,"39.17281455,-86.51879273",55,Cloudy
902418666,2015-03-03,Weekday,18:00:00,1-Car,No injury/unknown,RAN OFF ROAD RIGHT,DUNN & SECOND,39.16144,-86.528288,"39.16144,-86.528288",58,Cloudy
902418701,2015-03-03,Weekday,19:00:00,2-Car,No injury/unknown,UNSAFE BACKING,SR45W,39.125312,-86.610496,"39.125312,-86.610496",5,Cloudy
902418726,2015-03-03,Weekday,16:00:00,2-Car,No injury/unknown,FAILURE TO YIELD RIGHT OF WAY,3RD & LIBERTY,39.1646097,-86.57912351,"39.1646097,-86.57912351",50,Cloudy
902418734,2015-03-03,Weekday,15:00:00,1-Car,No injury/unknown,RAN OFF ROAD RIGHT,CHAFFIN CHAPEL & SR46W,39.25960159,-86.64377545,"39.25960159,-86.64377545",2,Cloudy
902418918,2015-03-04,Weekday,08:00:00,1-Car,No injury/unknown,ANIMAL/OBJECT IN ROADWAY,ACUFF & SR37N,39.41962367,-86.55677032,"39.41962367,-86.55677032",0,Patchy moderate snow
902419037,2015-03-03,Weekday,07:00:00,2-Car,Non-incapacitating,FOLLOWING TOO CLOSELY,N BRYANTS CREEK & SR37N,39.32945497,-86.51541754,"39.32945497,-86.51541754",0,Cloudy
902419038,2015-03-06,Weekday,13:00:00,1-Car,No injury/unknown,TIRE FAILURE OR DEFECTIVE,CURRY & VERNAL,39.17915985,-86.58308029,"39.17915985,-86.58308029",50,Clear
902419149,2015-03-04,Weekday,20:00:00,2-Car,No injury/unknown,FAILURE TO YIELD RIGHT OF WAY,BLOOMFIELD & LAKE CREST,39.15543973,-86.5624997,"39.15543973,-86.5624997",51,Heavy rain at times
902419150,2015-03-03,Weekday,12:00:00,2-Car,No injury/unknown,UNSAFE BACKING,E 7TH,39.16858267,-86.52091725,"39.16858267,-86.52091725",55,Cloudy
902419227,2015-03-04,Weekday,14:00:00,Bus,No injury/unknown,FAILURE TO YIELD RIGHT OF WAY,E 10TH & FEE,39.171584,-86.518688,"39.171584,-86.518688",55,Heavy rain at times
902419247,2015-03-04,Weekday,16:00:00,2-Car,No injury/unknown,IMPROPER TURNING,3RD & INDIANA,39.164448,-86.5268,"39.164448,-86.5268",57,Heavy rain at times
902419326,2015-03-04,Weekday,16:00:00,3+ Cars,No injury/unknown,FAILURE TO YIELD RIGHT OF WAY,14TH & COLLEGE,39.175984,-86.534736,"39.175984,-86.534736",58,Heavy rain at times
902419670,2015-03-06,Weekend,22:00:00,1-Car,No injury/unknown,OTHER (VEHICLE) - EXPLAIN IN NARRATIVE,WEST GORDON,39.12557983,-86.57916259,"39.12557983,-86.57916259",46,Clear
902419705,2015-03-05,Weekday,13:00:00,2-Car,No injury/unknown,OTHER (DRIVER) - EXPLAIN IN NARRATIVE,GRANT & SECOND,39.16144,-86.52976,"39.16144,-86.52976",58,Overcast
902419712,2015-03-05,Weekday,18:00:00,3+ Cars,No injury/unknown,FOLLOWING TOO CLOSELY,17TH & FEE,39.178928,-86.518992,"39.178928,-86.518992",55,Overcast
902419729,2015-03-01,Weekend,16:00:00,2-Car,No injury/unknown,IMPROPER LANE USAGE,E 3RD,39.16423861,-86.49522852,"39.16423861,-86.49522852",52,Patchy moderate snow
902419734,2015-03-05,Weekday,18:00:00,2-Car,No injury/unknown,IMPROPER LANE USAGE,E 3RD & HIGHLAND,39.16427367,-86.51771488,"39.16427367,-86.51771488",55,Overcast
902419754,2015-03-04,Weekday,22:00:00,1-Car,No injury/unknown,ANIMAL/OBJECT IN ROADWAY,FULLERTON & SR37S,39.12431712,-86.57199314,"39.12431712,-86.57199314",46,Heavy rain at times
902419766,2015-03-05,Weekday,23:00:00,2-Car,No injury/unknown,OTHER (DRIVER) - EXPLAIN IN NARRATIVE,E EASTGATE,39.170086,-86.50234,"39.170086,-86.50234",52,Overcast
902419835,2015-03-03,Weekday,07:00:00,2-Car,No injury/unknown,LEFT OF CENTER,LOST MANS & TRUESDEL,39.22317021,-86.59190592,"39.22317021,-86.59190592",1,Cloudy
902420009,2015-03-06,Weekday,08:00:00,2-Car,No injury/unknown,IMPROPER LANE USAGE,UNION,39.166848,-86.509296,"39.166848,-86.509296",53,Clear
902420145,2015-03-04,Weekday,17:00:00,1-Car,No injury/unknown,UNSAFE BACKING,NORTH JORDAN,39.166912,-86.516224,"39.166912,-86.516224",55,Heavy rain at times
902420166,2015-03-06,Weekday,15:00:00,2-Car,No injury/unknown,FOLLOWING TOO CLOSELY,RANGE & SR46S,39.17522812,-86.49550628,"39.17522812,-86.49550628",52,Clear
902420178,2015-03-06,Weekday,14:00:00,2-Car,No injury/unknown,FOLLOWING TOO CLOSELY,10TH & SR4546N,39.176848,-86.478192,"39.176848,-86.478192",44,Clear
902420197,2015-03-06,Weekday,17:00:00,2-Car,No injury/unknown,FAILURE TO YIELD RIGHT OF WAY,KIRKWOOD & MADISON,39.166656,-86.537296,"39.166656,-86.537296",58,Clear
902420343,2015-03-07,Weekend,10:00:00,2-Car,No injury/unknown,FAILURE TO YIELD RIGHT OF WAY,WEST 11TH,39.17344,-86.52354547,"39.17344,-86.52354547",56,Overcast
902420360,2015-03-07,Weekend,08:00:00,1-Car,No injury/unknown,RAN OFF ROAD RIGHT,N HEADLEY & TREADWELL,39.19008,-86.514288,"39.19008,-86.514288",54,Overcast
902420367,2015-03-07,Weekend,11:00:00,1-Car,No injury/unknown,IMPROPER TURNING,EAST 3RD,39.16422196,-86.50215134,"39.16422196,-86.50215134",52,Overcast
902420455,2015-03-07,Weekend,16:00:00,2-Car,No injury/unknown,IMPROPER TURNING,DELTA ZETA PARKING LOT EXIT & NORTH JORDAN,39.182448,-86.512496,"39.182448,-86.512496",54,Overcast
902420478,2015-03-07,Weekend,13:00:00,2-Car,No injury/unknown,UNSAFE BACKING,E 10TH,39.17638171,-86.47901486,"39.17638171,-86.47901486",46,Overcast
902420518,2015-03-07,Weekend,19:00:00,1-Car,No injury/unknown,OVERCORRECTING/OVERSTEERING,E 7TH & WOODLAWN,39.16864,-86.523392,"39.16864,-86.523392",56,Overcast
902420733,2015-03-05,Weekday,13:00:00,2-Car,No injury/unknown,IMPROPER TURNING,WEST VERNAL,39.17750168,-86.58057403,"39.17750168,-86.58057403",50,Overcast
902420736,2015-03-06,Weekend,20:00:00,2-Car,No injury/unknown,FOLLOWING TOO CLOSELY,SR37S & TAPP,39.13566671,-86.572896,"39.13566671,-86.572896",51,Clear
902420743,2015-03-01,Weekend,16:00:00,3+ Cars,No injury/unknown,FAILURE TO YIELD RIGHT OF WAY,LINCOLN & WYLIE,39.15834993,-86.53129018,"39.15834993,-86.53129018",58,Patchy moderate snow
902420956,2015-03-02,Weekday,08:00:00,Bus,No injury/unknown,UNSAFE BACKING,GRAHAM & S ROCKPORT,39.140144,-86.54496,"39.140144,-86.54496",57,Partly cloudy
902420964,2015-03-07,Weekend,12:00:00,2-Car,No injury/unknown,FAILURE TO YIELD RIGHT OF WAY,SR45W,39.125312,-86.610496,"39.125312,-86.610496",5,Overcast
902420971,2015-03-02,Weekday,08:00:00,2-Car,Non-incapacitating,DISREGARD SIGNAL/REG SIGN,3RD & CORY,39.16447761,-86.56014195,"39.16447761,-86.56014195",51,Partly cloudy
902421016,2015-03-02,Weekday,03:00:00,2-Car,No injury/unknown,UNSAFE BACKING,W NORTHLANE,39.1826541,-86.53809428,"39.1826541,-86.53809428",56,Partly cloudy
902421262,2015-03-02,Weekday,14:00:00,2-Car,No injury/unknown,FAILURE TO YIELD RIGHT OF WAY,WALNUT & WALNUT PARK ACCESS,39.107344,-86.5264,"39.107344,-86.5264",3,Partly cloudy
902421307,2015-03-02,Weekday,15:00:00,2-Car,Non-incapacitating,FOLLOWING TOO CLOSELY,E 10TH & SR4546S,39.176848,-86.478192,"39.176848,-86.478192",44,Partly cloudy
902421321,2015-03-02,Weekday,14:00:00,2-Car,No injury/unknown,FAILURE TO YIELD RIGHT OF WAY,2ND & SR46W,39.232064,-86.622176,"39.232064,-86.622176",1,Partly cloudy
902421379,2015-03-02,Weekday,17:00:00,Bus,No injury/unknown,UNSAFE BACKING,LIVE OAK & STERLING,39.11382996,-86.48140981,"39.11382996,-86.48140981",7,Partly cloudy
902421391,2015-03-02,Weekday,03:00:00,2-Car,No injury/unknown,FOLLOWING TOO CLOSELY,N FOX HOLLOW & SR37N,39.28909855,-86.51842001,"39.28909855,-86.51842001",0,Partly cloudy
902421431,2015-03-02,Weekday,22:00:00,2-Car,Incapacitating,IMPROPER TURNING,LAMPKINS RIDGE & SR446E,39.41460647,-86.47139351,"39.41460647,-86.47139351",1,Cloudy
902421523,2015-03-03,Weekday,06:00:00,1-Car,No injury/unknown,ANIMAL/OBJECT IN ROADWAY,SR37 & ZIKES,39.04670943,-86.53586743,"39.04670943,-86.53586743",3,Cloudy
902421586,2015-03-02,Weekday,16:00:00,1-Car,No injury/unknown,UNSAFE BACKING,2931 E 10TH (DOCK) & RANGE,39.17148598,-86.49535006,"39.17148598,-86.49535006",52,Partly cloudy
902421588,2015-03-03,Weekday,10:00:00,2-Car,No injury/unknown,OTHER (DRIVER) - EXPLAIN IN NARRATIVE,SR45W,39.125312,-86.610496,"39.125312,-86.610496",5,Cloudy
902421590,2015-03-02,Weekday,14:00:00,2-Car,No injury/unknown,FOLLOWING TOO CLOSELY,SR45W & STANFORD,39.08949755,-86.66685515,"39.08949755,-86.66685515",1,Partly cloudy
902421658,2015-03-02,Weekday,09:00:00,2-Car,Incapacitating,FAILURE TO YIELD RIGHT OF WAY,ACUFF & SR37N,39.20824,-86.554704,"39.20824,-86.554704",46,Partly cloudy
902421660,2015-03-03,Weekday,09:00:00,2-Car,No injury/unknown,DISREGARD SIGNAL/REG SIGN,W 3RD,39.164752,-86.573104,"39.164752,-86.573104",51,Cloudy
902421779,2015-03-03,Weekday,14:00:00,2-Car,No injury/unknown,DISREGARD SIGNAL/REG SIGN,RHORER & WALNUT,39.12144,-86.526496,"39.12144,-86.526496",29,Cloudy
902421842,2015-03-03,Weekday,13:00:00,Cyclist,No injury/unknown,UNSAFE LANE MOVEMENT,GATES & JACOB,39.16562006,-86.57599993,"39.16562006,-86.57599993",50,Cloudy
902421898,2015-03-03,Weekday,10:00:00,2-Car,No injury/unknown,,ATWATER & BALLANTINE,39.17364398,-86.51912972,"39.17364398,-86.51912972",55,Cloudy
902421904,2015-03-03,Weekday,17:00:00,3+ Cars,No injury/unknown,FOLLOWING TOO CLOSELY,RANGE & SR46S,39.171504,-86.495312,"39.171504,-86.495312",52,Cloudy
902421908,2015-03-03,Weekday,17:00:00,2-Car,No injury/unknown,FAILURE TO YIELD RIGHT OF WAY,3RD & KINGSTON,39.16424,-86.492944,"39.16424,-86.492944",51,Cloudy
902421921,2015-03-03,Weekday,18:00:00,2-Car,No injury/unknown,FOLLOWING TOO CLOSELY,KINSER,39.186544,-86.537888,"39.186544,-86.537888",56,Cloudy
902421931,2015-03-03,Weekday,17:00:00,1-Car,No injury/unknown,RAN OFF ROAD RIGHT,N LOWER BIRDIE GALYAN & SR46E,39.17547989,-86.41352081,"39.17547989,-86.41352081",0,Cloudy
902421946,2015-03-03,Weekday,20:00:00,2-Car,No injury/unknown,FAILURE TO YIELD RIGHT OF WAY,EAST THIRD & GRANT,39.16464,-86.529728,"39.16464,-86.529728",58,Cloudy
902421967,2015-03-03,Weekday,15:00:00,Pedestrian,Incapacitating,UNSAFE BACKING,W SR 46,39.2512,-86.652504,"39.2512,-86.652504",2,Cloudy
902421968,2015-03-03,Weekday,20:00:00,2-Car,No injury/unknown,FOLLOWING TOO CLOSELY,S OLD STATE ROAD 37 & SR37S,39.085632,-86.542304,"39.085632,-86.542304",0,Cloudy
902421972,2015-03-03,Weekday,17:00:00,Moped/Motorcycle,Incapacitating,FAILURE TO YIELD RIGHT OF WAY,TECUMSEH & THOMAS,39.222848,-86.63048,"39.222848,-86.63048",1,Cloudy
902422021,2015-04-04,Weekday,00:00:00,1-Car,No injury/unknown,RAN OFF ROAD RIGHT,E STRATUM,39.15718451,-86.49233847,"39.15718451,-86.49233847",51,Cloudy
902422058,2015-03-03,Weekday,10:00:00,2-Car,Incapacitating,IMPROPER PASSING,ROGERS & WATSON,39.13704243,-86.5381751,"39.13704243,-86.5381751",57,Cloudy
902422080,2015-04-04,Weekday,06:00:00,1-Car,No injury/unknown,DRIVER ASLEEP OR FATIGUED,BRYANTS CREEK & SR37,39.33556319,-86.51152924,"39.33556319,-86.51152924",0,Cloudy
902422112,2015-04-04,Weekday,09:00:00,2-Car,No injury/unknown,FAILURE TO YIELD RIGHT OF WAY,7TH & ROGERS,39.168704,-86.538576,"39.168704,-86.538576",57,Cloudy
902422134,2015-04-04,Weekday,07:00:00,2-Car,No injury/unknown,FAILURE TO YIELD RIGHT OF WAY,2700 BLK S WALNUT & WINSLOW,39.13566829,-86.52833531,"39.13566829,-86.52833531",58,Cloudy
902422195,2015-04-04,Weekday,10:00:00,2-Car,Non-incapacitating,FOLLOWING TOO CLOSELY,BURKS & S WALNUT,39.11610549,-86.53136998,"39.11610549,-86.53136998",8,Cloudy
902422201,2015-04-04,Weekday,11:00:00,1-Car,No injury/unknown,RAN OFF ROAD RIGHT,MEADOWCREEK & SARE,39.21934722,-86.49999015,"39.21934722,-86.49999015",0,Cloudy
902422202,2015-04-04,Weekday,10:00:00,2-Car,No injury/unknown,FAILURE TO YIELD RIGHT OF WAY,GRIMES & HENDERSON,39.1533,-86.52696982,"39.1533,-86.52696982",57,Cloudy
902422365,2015-03-03,Weekday,21:00:00,2-Car,Incapacitating,LEFT OF CENTER,SR37 & VICTOR,39.10328611,-86.54911173,"39.10328611,-86.54911173",2,Cloudy
902422396,2015-04-04,Weekday,17:00:00,2-Car,No injury/unknown,FOLLOWING TOO CLOSELY,COUNTRY CLUB & MILTON,39.13615095,-86.53988873,"39.13615095,-86.53988873",57,Cloudy
902422404,2015-04-04,Weekday,17:00:00,2-Car,No injury/unknown,FOLLOWING TOO CLOSELY,KIRKWOOD & MAPLE,39.16672,-86.542096,"39.16672,-86.542096",57,Cloudy
902422442,2015-04-04,Weekday,15:00:00,1-Car,No injury/unknown,UNSAFE BACKING,NORTH MONROE,39.17212343,-86.547104,"39.17212343,-86.547104",57,Cloudy
902422444,2015-04-04,Weekday,15:00:00,2-Car,No injury/unknown,FOLLOWING TOO CLOSELY,N CRESTWOOD & N UNION VALLEY,39.217648,-86.5928,"39.217648,-86.5928",4,Cloudy
902422445,2015-04-04,Weekday,19:00:00,2-Car,No injury/unknown,UNSAFE BACKING,NORTH FEE,39.17524114,-86.51896409,"39.17524114,-86.51896409",55,Cloudy
902422449,2015-04-04,Weekday,17:00:00,2-Car,No injury/unknown,UNSAFE BACKING,N WALNUT,39.232544,-86.540704,"39.232544,-86.540704",0,Cloudy
902422450,2015-04-04,Weekday,17:00:00,2-Car,No injury/unknown,FOLLOWING TOO CLOSELY,KINSER & STATE RD 45 46 BYPASS,39.186544,-86.537888,"39.186544,-86.537888",56,Cloudy
902422469,2015-04-04,Weekday,18:00:00,2-Car,No injury/unknown,FOLLOWING TOO CLOSELY,E 12TH & N LINCOLN,39.174416,-86.530992,"39.174416,-86.530992",58,Cloudy
902422471,2015-04-04,Weekday,17:00:00,2-Car,No injury/unknown,IMPROPER PASSING,CEDAR CHASE & W RED ROCK,39.131712,-86.58536,"39.131712,-86.58536",49,Cloudy
902422539,2015-03-03,Weekday,16:00:00,2-Car,No injury/unknown,OTHER (DRIVER) - EXPLAIN IN NARRATIVE,EAST 10TH,39.17164591,-86.50199444,"39.17164591,-86.50199444",52,Cloudy
902422865,2015-04-05,Weekday,13:00:00,2-Car,No injury/unknown,IMPROPER LANE USAGE,3RD & FACULTY,39.164352,-86.521088,"39.164352,-86.521088",55,Clear
902423049,2015-04-05,Weekday,20:00:00,2-Car,No injury/unknown,UNSAFE BACKING,SR45 & SR46,39.20824814,-86.58039093,"39.20824814,-86.58039093",45,Clear
902423074,2015-04-05,Weekday,18:00:00,2-Car,No injury/unknown,FOLLOWING TOO CLOSELY,N HARTSTRAIT & W VERNAL,39.186752,-86.611504,"39.186752,-86.611504",6,Clear
902423077,2015-04-05,Weekday,20:00:00,2-Car,No injury/unknown,FOLLOWING TOO CLOSELY,SR37N & W 3RD,39.164752,-86.573104,"39.164752,-86.573104",51,Clear
902423152,2015-04-06,Weekday,01:00:00,1-Car,Incapacitating,RAN OFF ROAD RIGHT,DUVALL & KOONTZ,39.08611455,-86.619792,"39.08611455,-86.619792",0,Clear
902423255,2015-04-06,Weekday,10:00:00,2-Car,No injury/unknown,UNSAFE BACKING,W 3RD,39.164848,-86.581504,"39.164848,-86.581504",50,Clear
902423282,2015-04-06,Weekday,12:00:00,2-Car,No injury/unknown,SPEED TOO FAST FOR WEATHER CONDITIONS,ATWATER & HAWTHORNE,39.16309007,-86.52020998,"39.16309007,-86.52020998",55,Clear
902423301,2015-04-05,Weekday,09:00:00,Bus,No injury/unknown,FAILURE TO YIELD RIGHT OF WAY,3RD & COLLEGE,39.16464,-86.534816,"39.16464,-86.534816",58,Clear
902423352,2015-04-05,Weekday,16:00:00,2-Car,No injury/unknown,IMPROPER LANE USAGE,SR45W,39.125312,-86.610496,"39.125312,-86.610496",5,Clear
902423355,2015-04-06,Weekday,08:00:00,3+ Cars,No injury/unknown,OTHER (DRIVER) - EXPLAIN IN NARRATIVE,SR37,39.071056,-86.5356,"39.071056,-86.5356",3,Clear
902423413,2015-04-05,Weekday,20:00:00,2-Car,Non-incapacitating,FAILURE TO YIELD RIGHT OF WAY,N WALNUT & W 7TH,39.16864,-86.533568,"39.16864,-86.533568",58,Clear
902423420,2015-03-07,Weekend,15:00:00,3+ Cars,Non-incapacitating,FOLLOWING TOO CLOSELY,FRITZ & N WALNUT,39.191248,-86.532896,"39.191248,-86.532896",57,Overcast
902423463,2015-04-06,Weekday,16:00:00,1-Car,No injury/unknown,OVERCORRECTING/OVERSTEERING,N DUNN & SR37N,39.18363953,-86.52835617,"39.18363953,-86.52835617",57,Clear
902423468,2015-04-06,Weekday,15:00:00,2-Car,No injury/unknown,FOLLOWING TOO CLOSELY,N WILLIS & W 17TH,39.179104,-86.544016,"39.179104,-86.544016",57,Clear
902423501,2015-04-06,Weekend,21:00:00,2-Car,No injury/unknown,DISREGARD SIGNAL/REG SIGN,N ROGERS & W 11TH,39.173184,-86.538528,"39.173184,-86.538528",57,Clear
902423589,2015-04-06,Weekday,09:00:00,Pedestrian,No injury/unknown,OTHER (DRIVER) - EXPLAIN IN NARRATIVE,WEST ALLEN,39.156128,-86.560912,"39.156128,-86.560912",51,Clear
902423612,2015-04-07,Weekend,10:00:00,2-Car,No injury/unknown,FAILURE TO YIELD RIGHT OF WAY,HICKORY LEAF & SR45W,39.14499486,-86.57788929,"39.14499486,-86.57788929",50,Patchy rain possible
902423613,2015-04-07,Weekend,11:00:00,2-Car,No injury/unknown,FAILURE TO YIELD RIGHT OF WAY,N ROGERS & W 6TH,39.16768,-86.538592,"39.16768,-86.538592",57,Patchy rain possible
902423678,2015-04-07,Weekend,13:00:00,2-Car,No injury/unknown,FAILURE TO YIELD RIGHT OF WAY,LIBERTY & W 3RD,39.13288687,-86.57913006,"39.13288687,-86.57913006",50,Patchy rain possible
902423717,2015-04-07,Weekend,18:00:00,1-Car,No injury/unknown,UNSAFE SPEED,1ST & WALKER,39.15946975,-86.5460202,"39.15946975,-86.5460202",57,Patchy rain possible
902423739,2015-04-07,Weekend,19:00:00,3+ Cars,Incapacitating,FOLLOWING TOO CLOSELY,DUNN & SR46E,39.186352,-86.528496,"39.186352,-86.528496",57,Patchy rain possible
902423741,2015-04-05,Weekday,20:00:00,2-Car,No injury/unknown,ROADWAY SURFACE CONDITION,EAST THIRD STREET & HAWTHORNE,39.17482447,-86.52008995,"39.17482447,-86.52008995",55,Clear
902423835,2015-04-07,Weekend,14:00:00,2-Car,No injury/unknown,UNSAFE BACKING,CANTERBURRY,39.19635013,-86.55580222,"39.19635013,-86.55580222",50,Patchy rain possible
902423918,2015-04-01,Weekend,10:00:00,3+ Cars,No injury/unknown,OTHER (DRIVER) - EXPLAIN IN NARRATIVE,10 & SR46S,38.826425,-86.789182,"38.826425,-86.789182",0,Clear
902423995,2015-04-01,Weekend,16:00:00,2-Car,No injury/unknown,UNSAFE BACKING,E 10TH,39.171648,-86.5027701,"39.171648,-86.5027701",52,Clear
902424011,2015-04-07,Weekend,18:00:00,2-Car,No injury/unknown,IMPROPER TURNING,2ND & WALKER,39.161648,-86.546128,"39.161648,-86.546128",57,Patchy rain possible
902424036,2015-04-01,Weekday,19:00:00,2-Car,No injury/unknown,FAILURE TO YIELD RIGHT OF WAY,E 9TH & N INDIANA,39.170544,-86.526992,"39.170544,-86.526992",57,Clear
902424548,2015-04-02,Weekday,14:00:00,2-Car,No injury/unknown,FOLLOWING TOO CLOSELY,ATWATER & HIGH,39.16308001,-86.50846995,"39.16308001,-86.50846995",52,Clear
902424692,2015-04-02,Weekday,16:00:00,2-Car,Incapacitating,FAILURE TO YIELD RIGHT OF WAY,SOUTH CLARIZZ,39.15263367,-86.49272918,"39.15263367,-86.49272918",51,Clear
902424699,2015-04-02,Weekday,17:00:00,3+ Cars,Non-incapacitating,FOLLOWING TOO CLOSELY,10TH & SR46E,39.21399732,-86.53102874,"39.21399732,-86.53102874",8,Clear
902424701,2015-04-07,Weekend,15:00:00,2-Car,Non-incapacitating,OTHER (VEHICLE) - EXPLAIN IN NARRATIVE,N RICHARDSON & SR45E,39.23984,-86.387696,"39.23984,-86.387696",1,Patchy rain possible
902424705,2015-04-01,Weekend,16:00:00,2-Car,No injury/unknown,LEFT OF CENTER,MAPLE GROVE & STANTON,39.30312795,-86.56154014,"39.30312795,-86.56154014",0,Clear
902424706,2015-04-01,Weekday,21:00:00,1-Car,No injury/unknown,ANIMAL/OBJECT IN ROADWAY,SOUTH SHORE & TUNNEL,39.25155829,-86.41900164,"39.25155829,-86.41900164",1,Clear
902424707,2015-04-07,Weekend,20:00:00,1-Car,No injury/unknown,OTHER (DRIVER) - EXPLAIN IN NARRATIVE,SR37S,39.12660505,-86.5726527,"39.12660505,-86.5726527",47,Patchy rain possible
902424806,2015-04-03,Weekday,07:00:00,2-Car,No injury/unknown,UNSAFE BACKING,E 3RD,39.16424,-86.5173551,"39.16424,-86.5173551",55,Heavy rain at times
902424928,2015-04-03,Weekday,08:00:00,2-Car,No injury/unknown,UNSAFE BACKING,E HOLLYWOOD & E POST,39.169648,-86.4828,"39.169648,-86.4828",51,Heavy rain at times
902425023,2015-04-03,Weekday,08:00:00,2-Car,No injury/unknown,UNSAFE BACKING,EAST 10TH,39.17157943,-86.51826514,"39.17157943,-86.51826514",55,Heavy rain at times
902425148,2015-04-02,Weekday,14:00:00,2-Car,Non-incapacitating,UNSAFE SPEED,SR45 & W ELWREN,39.107648,-86.643696,"39.107648,-86.643696",0,Clear
902425251,2015-04-03,Weekday,10:00:00,2-Car,No injury/unknown,DRIVER DISTRACTED - EXPLAIN IN NARRATIVE,SR37 & VICTOR,39.09431839,-86.55906677,"39.09431839,-86.55906677",1,Heavy rain at times
902425263,2015-04-03,Weekday,14:00:00,2-Car,No injury/unknown,FOLLOWING TOO CLOSELY,S PATTERSON & W 2ND,39.16075,-86.54851238,"39.16075,-86.54851238",57,Heavy rain at times
902425336,2015-04-03,Weekday,22:00:00,2-Car,No injury/unknown,LEFT OF CENTER,SR37S & TAPP,39.13704,-86.572896,"39.13704,-86.572896",51,Heavy rain at times
902425359,2015-04-04,Weekday,02:00:00,1-Car,No injury/unknown,RAN OFF ROAD RIGHT,NORTH ROGERS & WEST KIRKWOOD,39.166672,-86.538608,"39.166672,-86.538608",57,Cloudy
902425436,2015-04-07,Weekend,17:00:00,1-Car,No injury/unknown,RAN OFF ROAD RIGHT,FLATWOODS ROAD & SR46E,39.25037815,-86.65158204,"39.25037815,-86.65158204",1,Patchy rain possible