Master Record Number,Date,Weekend?,Hour,Collision Type,Injury Type,Primary Factor,Reported_Location,Latitude,Longitude,Location,Number of Bars,Weather Condition
902442213,2015-05-06,Weekday,15:00:00,3+ Cars,No injury/unknown,FAILURE TO YIELD RIGHT OF WAY,N WALNUT,39.186368,-86.5344,"39.186368,-86.5344",57,Clear
902442322,2015-05-06,Weekend,20:00:00,2-Car,No injury/unknown,UNSAFE BACKING,CHRIS & EMERY,39.13970527,-86.51947975,"39.13970527,-86.51947975",55,Clear
902442327,2015-05-07,Weekend,07:00:00,2-Car,No injury/unknown,DISREGARD SIGNAL/REG SIGN,10TH & LINCOLN,39.171712,-86.530992,"39.171712,-86.530992",58,Clear
902442344,2015-05-06,Weekday,12:00:00,1-Car,No injury/unknown,OTHER (DRIVER) - EXPLAIN IN NARRATIVE,1ST & MORTON,39.15938996,-86.53629988,"39.15938996,-86.53629988",58,Clear
902442379,2015-05-07,Weekend,10:00:00,2-Car,Non-incapacitating,DRIVER DISTRACTED - EXPLAIN IN NARRATIVE,CURRY & SR45W,39.14223567,-86.58233447,"39.14223567,-86.58233447",50,Clear
902442391,2015-05-07,Weekend,11:00:00,2-Car,No injury/unknown,UNSAFE BACKING,NORTH GATES,39.16987228,-86.57498168,"39.16987228,-86.57498168",50,Clear
902442395,2015-05-07,Weekend,08:00:00,2-Car,No injury/unknown,FOLLOWING TOO CLOSELY,SR37N & VERNAL,39.176544,-86.5624,"39.176544,-86.5624",51,Clear
902442445,2015-05-06,Weekend,19:00:00,1-Car,No injury/unknown,ANIMAL/OBJECT IN ROADWAY,SR45W & W ELLER,39.12206498,-86.61467174,"39.12206498,-86.61467174",3,Clear
902442493,2015-05-07,Weekend,15:00:00,2-Car,No injury/unknown,UNSAFE BACKING,E 17TH,39.179008,-86.525888,"39.179008,-86.525888",57,Clear
902442730,2015-05-01,Weekend,09:00:00,Bus,No injury/unknown,UNSAFE LANE MOVEMENT,BURMA & SR37,39.59882053,-86.55104064,"39.59882053,-86.55104064",0,Clear
902442818,2015-05-07,Weekend,12:00:00,2-Car,No injury/unknown,FAILURE TO YIELD RIGHT OF WAY,FOREST PARK & SR46E,39.212048,-86.5872,"39.212048,-86.5872",25,Clear
902442819,2015-05-01,Weekend,14:00:00,2-Car,No injury/unknown,FOLLOWING TOO CLOSELY,HARTSTRAIGHT & SR46E,39.20619965,-86.61134338,"39.20619965,-86.61134338",6,Clear
902442834,2015-05-01,Weekend,15:00:00,2-Car,No injury/unknown,,E 3RD,39.16424,-86.49368135,"39.16424,-86.49368135",51,Clear
902442862,2015-05-07,Weekend,08:00:00,1-Car,No injury/unknown,OTHER (DRIVER) - EXPLAIN IN NARRATIVE,7TH & ADAMS,39.168576,-86.5496,"39.168576,-86.5496",57,Clear
902442905,2015-05-07,Weekend,17:00:00,Moped/Motorcycle,No injury/unknown,FAILURE TO YIELD RIGHT OF WAY,LOIS & ROGERS,39.12984,-86.538496,"39.12984,-86.538496",56,Clear
902442943,2015-05-01,Weekday,22:00:00,1-Car,No injury/unknown,ROADWAY SURFACE CONDITION,ALLEN & PATTERSON,39.13448613,-86.54330983,"39.13448613,-86.54330983",57,Clear
902443106,2015-05-06,Weekday,12:00:00,2-Car,No injury/unknown,UNSAFE BACKING,10TH & 1319 E 10TH ST,39.176848,-86.478192,"39.176848,-86.478192",44,Clear
902443111,2015-05-01,Weekend,12:00:00,Moped/Motorcycle,Non-incapacitating,LEFT OF CENTER,HAYS & SR446S,39.04464,-86.407952,"39.04464,-86.407952",0,Clear
902443167,2015-05-02,Weekday,09:00:00,2-Car,No injury/unknown,OTHER (DRIVER) - EXPLAIN IN NARRATIVE,WEST 1ST,39.159344,-86.53237322,"39.159344,-86.53237322",58,Clear
902443249,2015-05-07,Weekend,17:00:00,2-Car,No injury/unknown,FOLLOWING TOO CLOSELY,S OLD STATE ROAD 37 & W HOBART,39.01368968,-86.54097966,"39.01368968,-86.54097966",3,Clear
902443250,2015-05-01,Weekday,19:00:00,2-Car,Non-incapacitating,DRIVER DISTRACTED - EXPLAIN IN NARRATIVE,N SKIRVIN & SR45E,39.22681256,-86.43548939,"39.22681256,-86.43548939",1,Clear
902443286,2015-05-02,Weekday,07:00:00,1-Car,No injury/unknown,UNSAFE SPEED,E FENBROOK,39.15850067,-86.47673034,"39.15850067,-86.47673034",36,Clear
902443306,2015-05-02,Weekday,11:00:00,2-Car,No injury/unknown,UNSAFE BACKING,N FEE,39.175152,-86.518992,"39.175152,-86.518992",55,Clear
902443308,2015-05-02,Weekday,12:00:00,1-Car,Non-incapacitating,SPEED TOO FAST FOR WEATHER CONDITIONS,DUNN & OLD STATE ROAD 37,39.208048,-86.528704,"39.208048,-86.528704",48,Clear
902443426,2015-05-02,Weekday,13:00:00,1-Car,Incapacitating,RAN OFF ROAD RIGHT,SR45E & TUNNEL,39.23075611,-86.42494389,"39.23075611,-86.42494389",1,Clear
902443487,2015-05-02,Weekday,16:00:00,2-Car,No injury/unknown,,S WALNUT,39.137264,-86.529808,"39.137264,-86.529808",58,Clear
902443521,2015-05-02,Weekday,13:00:00,2-Car,No injury/unknown,IMPROPER PASSING,E 3RD,39.16464,-86.5324,"39.16464,-86.5324",58,Clear
902443549,2015-05-02,Weekday,17:00:00,2-Car,No injury/unknown,FAILURE TO YIELD RIGHT OF WAY,20TH & DUNN,39.18184,-86.5284,"39.18184,-86.5284",58,Clear
902443611,2015-05-02,Weekday,20:00:00,2-Car,No injury/unknown,FAILURE TO YIELD RIGHT OF WAY,EAST ATWATER & SOUTH HIGHLAND,39.1632,-86.517584,"39.1632,-86.517584",55,Clear
902443624,2015-05-02,Weekday,14:00:00,2-Car,No injury/unknown,IMPROPER TURNING,S WALNUT,39.142555,-86.531238,"39.142555,-86.531238",58,Clear
902443640,2015-05-02,Weekday,17:00:00,2-Car,No injury/unknown,FOLLOWING TOO CLOSELY,SR45W & W JOHN WILLIAMS,39.10108185,-86.64842657,"39.10108185,-86.64842657",0,Clear
902443641,2015-05-02,Weekday,17:00:00,2-Car,Non-incapacitating,FOLLOWING TOO CLOSELY,SR37S & W 3RD,39.164752,-86.573104,"39.164752,-86.573104",51,Clear
902443644,2015-05-02,Weekday,15:00:00,2-Car,No injury/unknown,FOLLOWING TOO CLOSELY,E 10TH & SR46,39.17163351,-86.50139055,"39.17163351,-86.50139055",52,Clear
902443693,2015-05-03,Weekday,03:00:00,2-Car,No injury/unknown,UNSAFE SPEED,16TH & LINCOLN,39.17765469,-86.53086645,"39.17765469,-86.53086645",58,Clear
902443769,2015-05-03,Weekday,07:00:00,2-Car,No injury/unknown,FOLLOWING TOO CLOSELY,RIDGEVIEW & SOUTH WALNUT,39.13725255,-86.53143972,"39.13725255,-86.53143972",58,Clear
902443977,2015-05-03,Weekday,08:00:00,2-Car,No injury/unknown,DISREGARD SIGNAL/REG SIGN,PATTERSON & ROGERS,39.15379287,-86.53875256,"39.15379287,-86.53875256",57,Clear
902444304,2015-05-03,Weekday,19:00:00,Cyclist,Incapacitating,DISREGARD SIGNAL/REG SIGN,4TH & S WALNUT,39.165648,-86.5336,"39.165648,-86.5336",58,Clear
902444315,2015-05-03,Weekday,05:00:00,1-Car,No injury/unknown,RAN OFF ROAD RIGHT,SR37S & VICTOR,39.105552,-86.551104,"39.105552,-86.551104",3,Clear
902444321,2015-05-03,Weekday,15:00:00,2-Car,No injury/unknown,UNSAFE BACKING,S ROCKPORT,39.165648,-86.505792,"39.165648,-86.505792",52,Clear
902444437,2015-05-04,Weekday,08:00:00,2-Car,No injury/unknown,FAILURE TO YIELD RIGHT OF WAY,ROGERS & WEST KIRKWOOD,39.16660979,-86.53868324,"39.16660979,-86.53868324",57,Clear
902444456,2015-05-03,Weekday,07:00:00,2-Car,No injury/unknown,FAILURE TO YIELD RIGHT OF WAY,RUSSELL & SR45E,39.17763138,-86.48161112,"39.17763138,-86.48161112",50,Clear
902444540,2015-05-04,Weekday,12:00:00,2-Car,Non-incapacitating,DISREGARD SIGNAL/REG SIGN,SR37 & SR45W,39.148144,-86.572992,"39.148144,-86.572992",51,Clear
902444813,2015-05-03,Weekday,16:00:00,2-Car,No injury/unknown,FOLLOWING TOO CLOSELY,N CURRY & W PROFILE,39.17196013,-86.58297105,"39.17196013,-86.58297105",50,Clear
902444814,2015-05-06,Weekday,03:00:00,2-Car,No injury/unknown,IMPROPER TURNING,12TH & INDIANA,39.17409344,-86.52707853,"39.17409344,-86.52707853",57,Clear
902444834,2015-05-06,Weekend,21:00:00,2-Car,No injury/unknown,LEFT OF CENTER,LAKEVIEW,39.22525499,-86.60525511,"39.22525499,-86.60525511",1,Clear
902444835,2015-05-04,Weekday,20:00:00,1-Car,Incapacitating,OTHER (DRIVER) - EXPLAIN IN NARRATIVE,E CHAMBERS & SR37N,39.30405363,-86.51688615,"39.30405363,-86.51688615",0,Clear
902444959,2015-05-04,Weekday,13:00:00,1-Car,No injury/unknown,OTHER (DRIVER) - EXPLAIN IN NARRATIVE,OLD STATE ROAD 37 SOUTH & WAYSIDE,39.10917968,-86.53117015,"39.10917968,-86.53117015",4,Clear
902444996,2015-05-05,Weekday,08:00:00,2-Car,No injury/unknown,UNSAFE BACKING,E 10TH,39.17157747,-86.51808392,"39.17157747,-86.51808392",55,Clear
902445088,2015-05-04,Weekday,12:00:00,Moped/Motorcycle,Incapacitating,FAILURE TO YIELD RIGHT OF WAY,SALE & VINE,39.234384,-86.624064,"39.234384,-86.624064",1,Clear
902445100,2015-05-05,Weekday,17:00:00,2-Car,No injury/unknown,,EAST THIRD,39.16416496,-86.4952138,"39.16416496,-86.4952138",52,Clear
902445112,2015-05-05,Weekday,09:00:00,2-Car,No injury/unknown,DISREGARD SIGNAL/REG SIGN,N WALNUT & W KIRKWOOD,39.16664,-86.5336,"39.16664,-86.5336",58,Clear
902445126,2015-05-04,Weekday,16:00:00,2-Car,No injury/unknown,FAILURE TO YIELD RIGHT OF WAY,10TH & LINCOLN,39.171712,-86.530992,"39.171712,-86.530992",58,Clear
902445136,2015-05-03,Weekday,20:00:00,2-Car,No injury/unknown,DRIVER DISTRACTED - EXPLAIN IN NARRATIVE,RAUBS,39.23007314,-86.635728,"39.23007314,-86.635728",1,Clear
902445441,2015-05-05,Weekday,20:00:00,2-Car,No injury/unknown,FAILURE TO YIELD RIGHT OF WAY,MILLER & WALNUT,39.146944,-86.532544,"39.146944,-86.532544",58,Clear
902445442,2015-05-05,Weekday,18:00:00,2-Car,No injury/unknown,FOLLOWING TOO CLOSELY,SR37S & VICTOR,39.10649288,-86.55238793,"39.10649288,-86.55238793",3,Clear
902445513,2015-05-05,Weekday,21:00:00,1-Car,Incapacitating,RAN OFF ROAD RIGHT,E RHORER & S HARRELL,39.121808,-86.498784,"39.121808,-86.498784",33,Clear
902445527,2015-05-06,Weekday,01:00:00,1-Car,No injury/unknown,ANIMAL/OBJECT IN ROADWAY,WALNUT,39.186368,-86.5344,"39.186368,-86.5344",57,Clear
902445589,2015-05-06,Weekday,07:00:00,2-Car,No injury/unknown,FOLLOWING TOO CLOSELY,S MADISON & W COUNTRY CLUB,39.136048,-86.536992,"39.136048,-86.536992",58,Clear
902445591,2015-05-04,Weekday,07:00:00,2-Car,No injury/unknown,FAILURE TO YIELD RIGHT OF WAY,N SMITH & SR46W,39.210144,-86.5832,"39.210144,-86.5832",44,Clear
902445622,2015-05-06,Weekday,08:00:00,2-Car,No injury/unknown,FOLLOWING TOO CLOSELY,S CORY & W BLOOMFIELD,39.15710002,-86.55969008,"39.15710002,-86.55969008",51,Clear
902445769,2015-05-06,Weekday,10:00:00,2-Car,No injury/unknown,IMPROPER TURNING,INDIANA & KIRKWOOD,39.16664,-86.52700185,"39.16664,-86.52700185",57,Clear
902445788,2015-05-06,Weekday,09:00:00,1-Car,No injury/unknown,ANIMAL/OBJECT IN ROADWAY,300 N PETE ELLIS & E BRAESIDE,39.168192,-86.49504,"39.168192,-86.49504",52,Clear
902445818,2015-05-06,Weekday,12:00:00,Bus,No injury/unknown,UNSAFE LANE MOVEMENT,10TH & UNION,39.171472,-86.509376,"39.171472,-86.509376",53,Clear
902445825,2015-05-06,Weekday,11:00:00,2-Car,No injury/unknown,OTHER (DRIVER) - EXPLAIN IN NARRATIVE,SO COLLEGE MALL,39.1571027,-86.49775855,"39.1571027,-86.49775855",52,Clear
902445834,2015-05-06,Weekday,12:00:00,2-Car,No injury/unknown,FAILURE TO YIELD RIGHT OF WAY,N KINSER,39.222752,-86.550096,"39.222752,-86.550096",0,Clear
902445854,2015-05-06,Weekday,14:00:00,2-Car,No injury/unknown,UNSAFE LANE MOVEMENT,STATE RD 45 46 & WALNUT,39.186368,-86.5344,"39.186368,-86.5344",57,Clear
902445894,2015-05-06,Weekday,15:00:00,2-Car,Incapacitating,UNSAFE SPEED,DUNN & SR37N,39.18363953,-86.5283432,"39.18363953,-86.5283432",57,Clear
902445895,2015-05-06,Weekday,14:00:00,2-Car,No injury/unknown,UNSAFE BACKING,S LANDMARK,39.16103363,-86.55483245,"39.16103363,-86.55483245",54,Clear
902445988,2015-05-06,Weekend,19:00:00,2-Car,No injury/unknown,UNSAFE BACKING,E 3RD,39.164272,-86.50177208,"39.164272,-86.50177208",52,Clear
902445991,2015-05-06,Weekday,16:00:00,3+ Cars,No injury/unknown,BRAKE FAILURE OR DEFECTIVE,E 3RD,39.16424,-86.49259396,"39.16424,-86.49259396",51,Clear
902446041,2015-05-06,Weekend,23:00:00,2-Car,No injury/unknown,OTHER (DRIVER) - EXPLAIN IN NARRATIVE,4TH & DUNN,39.165648,-86.52793231,"39.165648,-86.52793231",57,Clear
902446168,2015-05-07,Weekend,09:00:00,2-Car,No injury/unknown,FAILURE TO YIELD RIGHT OF WAY,ALLEN & PEACH TREE,39.15592991,-86.55581027,"39.15592991,-86.55581027",53,Clear
902446248,2015-05-07,Weekend,13:00:00,2-Car,No injury/unknown,FAILURE TO YIELD RIGHT OF WAY,11TH & ROGERS,39.173184,-86.538528,"39.173184,-86.538528",57,Clear
902446279,2015-05-07,Weekend,15:00:00,2-Car,No injury/unknown,IMPROPER TURNING,3RD & S HIGHLAND,39.16427367,-86.51771488,"39.16427367,-86.51771488",55,Clear
902446287,2015-05-07,Weekend,15:00:00,2-Car,No injury/unknown,FOLLOWING TOO CLOSELY,SR37S & VERNAL,39.176544,-86.5624,"39.176544,-86.5624",51,Clear
902446353,2015-05-07,Weekend,17:00:00,1-Car,No injury/unknown,OVERCORRECTING/OVERSTEERING,SR37S & ZIKES,39.04670943,-86.53586743,"39.04670943,-86.53586743",3,Clear
902446371,2015-05-07,Weekend,19:00:00,2-Car,No injury/unknown,UNSAFE BACKING,S ROCKPORT,39.14144,-86.543632,"39.14144,-86.543632",57,Clear
902446387,2015-05-07,Weekend,17:00:00,2-Car,No injury/unknown,FOLLOWING TOO CLOSELY,E MOORES & S FENBROOK,39.15022016,-86.48725971,"39.15022016,-86.48725971",51,Clear
902446398,2015-05-07,Weekend,19:00:00,2-Car,No injury/unknown,IMPROPER TURNING,S WALKER & W 1ST,39.159648,-86.546,"39.159648,-86.546",57,Clear
902446411,2015-05-07,Weekend,20:00:00,1-Car,No injury/unknown,ANIMAL/OBJECT IN ROADWAY,BOTTOM & SR37N,39.11733209,-86.55792236,"39.11733209,-86.55792236",6,Clear
902446533,2015-05-01,Weekend,07:00:00,1-Car,No injury/unknown,ANIMAL/OBJECT IN ROADWAY,SR37N & TAPP,39.14390618,-86.57297357,"39.14390618,-86.57297357",51,Clear
902446555,2015-05-06,Weekday,12:00:00,1-Car,No injury/unknown,OTHER (ENVIRONMENTAL) - EXPLAIN IN NARR,S BORUFF & W BOLIN,39.10032973,-86.57021977,"39.10032973,-86.57021977",1,Clear
902446634,2015-05-06,Weekday,18:00:00,2-Car,No injury/unknown,OTHER (DRIVER) - EXPLAIN IN NARRATIVE,45,39.16424,-86.48664897,"39.16424,-86.48664897",51,Clear
902446744,2015-05-01,Weekend,03:00:00,1-Car,Incapacitating,RAN OFF ROAD RIGHT,E MONROE DAM,39.010368,-86.507216,"39.010368,-86.507216",4,Clear
902446754,2015-05-07,Weekend,00:00:00,2-Car,No injury/unknown,UNSAFE BACKING,8TH & WALNUT,39.169552,-86.533552,"39.169552,-86.533552",58,Clear
902446793,2015-05-01,Weekday,23:00:00,1-Car,No injury/unknown,RAN OFF ROAD RIGHT,SR37S & TAPP,39.13704,-86.572896,"39.13704,-86.572896",51,Clear
902446794,2015-05-02,Weekday,00:00:00,1-Car,No injury/unknown,ANIMAL/OBJECT IN ROADWAY,FOX HOLLOW & SR37N,39.28536159,-86.52063038,"39.28536159,-86.52063038",0,Clear
902446944,2015-05-02,Weekday,09:00:00,2-Car,No injury/unknown,OTHER (DRIVER) - EXPLAIN IN NARRATIVE,WEST POINTE & WOODHILL,39.1571597,-86.54823454,"39.1571597,-86.54823454",57,Clear
902446949,2015-05-02,Weekday,06:00:00,1-Car,No injury/unknown,ANIMAL/OBJECT IN ROADWAY,RATLIFF & STARNES,39.2168697,-86.65880658,"39.2168697,-86.65880658",1,Clear
902447037,2015-05-06,Weekday,15:00:00,3+ Cars,No injury/unknown,UNSAFE SPEED,SR45 & STANFORD,39.08984,-86.666304,"39.08984,-86.666304",0,Clear
902447213,2015-05-02,Weekday,16:00:00,3+ Cars,No injury/unknown,FOLLOWING TOO CLOSELY,7TH & SR46N,39.16713579,-86.49984108,"39.16713579,-86.49984108",52,Clear
902447267,2015-04-01,Weekend,17:00:00,2-Car,No injury/unknown,UNSAFE BACKING,E 10TH,39.17164591,-86.50199444,"39.17164591,-86.50199444",52,Clear
902447296,2015-05-02,Weekday,21:00:00,2-Car,No injury/unknown,FAILURE TO YIELD RIGHT OF WAY,ALLENDALE & WINSLOW,39.136096,-86.516,"39.136096,-86.516",55,Clear
902447379,2015-05-04,Weekday,16:00:00,2-Car,Incapacitating,UNSAFE SPEED,SR37 & TAPP,39.03085178,-86.55490112,"39.03085178,-86.55490112",2,Clear
902447432,2015-05-02,Weekday,12:00:00,2-Car,No injury/unknown,FAILURE TO YIELD RIGHT OF WAY,LANDMARK & W 3RD,39.16442983,-86.5563068,"39.16442983,-86.5563068",53,Clear
902447593,2015-05-03,Weekday,09:00:00,2-Car,Non-incapacitating,FAILURE TO YIELD RIGHT OF WAY,HINDS & SR45W,39.099152,-86.652,"39.099152,-86.652",0,Clear
902447624,2015-05-03,Weekday,08:00:00,2-Car,No injury/unknown,DISREGARD SIGNAL/REG SIGN,SR37N & VERNAL,39.176544,-86.5624,"39.176544,-86.5624",51,Clear
902447659,2015-05-03,Weekday,10:00:00,2-Car,No injury/unknown,UNSAFE BACKING,E 10TH,39.171648,-86.50249682,"39.171648,-86.50249682",52,Clear
902447852,2015-05-01,Weekday,22:00:00,1-Car,No injury/unknown,ANIMAL/OBJECT IN ROADWAY,JOHN WILLIAMS & SR45W,39.10108185,-86.64842657,"39.10108185,-86.64842657",0,Clear
902447853,2015-05-02,Weekday,15:00:00,1-Car,No injury/unknown,ROADWAY SURFACE CONDITION,CHAPEL HILL & SR446S,39.02923435,-86.40806318,"39.02923435,-86.40806318",0,Clear
902447955,2015-05-02,Weekday,06:00:00,2-Car,No injury/unknown,UNSAFE BACKING,E HILLSIDE,39.170848,-86.503696,"39.170848,-86.503696",52,Clear
902447989,2015-05-03,Weekday,15:00:00,2-Car,No injury/unknown,UNSAFE BACKING,COMMON & WESTMINSTER,39.13298026,-86.52176029,"39.13298026,-86.52176029",56,Clear
902448001,2015-05-03,Weekday,17:00:00,2-Car,Non-incapacitating,LEFT OF CENTER,N MADISON & W 17TH,39.178992,-86.537792,"39.178992,-86.537792",57,Clear
902448098,2015-05-02,Weekday,22:00:00,1-Car,Incapacitating,RAN OFF ROAD RIGHT,SOUTH HANDY,39.09397888,-86.49208068,"39.09397888,-86.49208068",1,Clear
902448153,2015-05-03,Weekday,13:00:00,2-Car,No injury/unknown,UNSAFE LANE MOVEMENT,3RD & FACULTY,39.164352,-86.52126441,"39.164352,-86.52126441",56,Clear
902448177,2015-02-02,Weekday,09:00:00,1-Car,No injury/unknown,SPEED TOO FAST FOR WEATHER CONDITIONS,SR37 & WAYPORT,39.263024,-86.52264,"39.263024,-86.52264",0,Overcast
902448179,2015-05-03,Weekday,08:00:00,3+ Cars,Non-incapacitating,FOLLOWING TOO CLOSELY,SR37 & VERNAL,39.17639627,-86.56260897,"39.17639627,-86.56260897",51,Clear
902448207,2015-05-03,Weekday,07:00:00,2-Car,No injury/unknown,FOLLOWING TOO CLOSELY,BOLIN & VICTOR,39.10024993,-86.55795,"39.10024993,-86.55795",1,Clear
902448209,2015-05-04,Weekday,07:00:00,2-Car,No injury/unknown,UNSAFE LANE MOVEMENT,SMITH & SR46E,39.210144,-86.5832,"39.210144,-86.5832",44,Clear
902448241,2015-05-04,Weekday,10:00:00,2-Car,No injury/unknown,UNSAFE BACKING,S COLLEGE MALL,39.15357139,-86.4978567,"39.15357139,-86.4978567",52,Clear
902448433,2015-05-04,Weekday,12:00:00,2-Car,No injury/unknown,DISREGARD SIGNAL/REG SIGN,17TH & DUNN,39.17904,-86.5284,"39.17904,-86.5284",58,Clear
902448448,2015-05-04,Weekday,13:00:00,2-Car,No injury/unknown,FAILURE TO YIELD RIGHT OF WAY,FULLERTON & SR37S,39.12221146,-86.57353973,"39.12221146,-86.57353973",34,Clear
902448620,2015-05-04,Weekday,18:00:00,3+ Cars,No injury/unknown,FOLLOWING TOO CLOSELY,E WINSLOW & S WALNUT STREET,39.136144,-86.528688,"39.136144,-86.528688",58,Clear
902448624,2015-05-04,Weekday,17:00:00,3+ Cars,Non-incapacitating,FAILURE TO YIELD RIGHT OF WAY,GRAHAM & ROGERS,39.13992,-86.538416,"39.13992,-86.538416",57,Clear
902448648,2015-05-04,Weekday,14:00:00,2-Car,Incapacitating,FAILURE TO YIELD RIGHT OF WAY,N ROGERS & W 8TH,39.169584,-86.538576,"39.169584,-86.538576",57,Clear
902448725,2015-05-04,Weekday,07:00:00,2-Car,No injury/unknown,UNSAFE LANE MOVEMENT,SR37N & VERNAL,39.1807259,-86.55787222,"39.1807259,-86.55787222",52,Clear
902448732,2015-05-04,Weekday,10:00:00,2-Car,No injury/unknown,IMPROPER TURNING,E 3RD,39.16424,-86.49425989,"39.16424,-86.49425989",51,Clear
902448745,2015-05-05,Weekday,06:00:00,1-Car,No injury/unknown,ANIMAL/OBJECT IN ROADWAY,SOUTH OLD STATE ROAD 37 & SR37S,39.08660818,-86.54353988,"39.08660818,-86.54353988",0,Clear
902448765,2015-05-04,Weekday,12:00:00,2-Car,No injury/unknown,FOLLOWING TOO CLOSELY,SR37N & VERNAL,39.17469734,-86.56501204,"39.17469734,-86.56501204",51,Clear
902448780,2015-05-05,Weekday,07:00:00,1-Car,No injury/unknown,,1ST & MORTON,39.159472,-86.536272,"39.159472,-86.536272",58,Clear
902448842,2015-05-04,Weekday,12:00:00,2-Car,No injury/unknown,FAILURE TO YIELD RIGHT OF WAY,CURRY & VERNAL,39.17915985,-86.58308029,"39.17915985,-86.58308029",50,Clear
902449156,2015-05-03,Weekday,20:00:00,1-Car,Incapacitating,RAN OFF ROAD RIGHT,OLD STATE ROAD 37 & WILEY,39.251296,-86.500832,"39.251296,-86.500832",0,Clear
902449228,2015-05-02,Weekday,15:00:00,2-Car,Incapacitating,SPEED TOO FAST FOR WEATHER CONDITIONS,CHAPEL & SR446S,39.18135445,-86.40534811,"39.18135445,-86.40534811",0,Clear
902449487,2015-05-05,Weekday,22:00:00,2-Car,No injury/unknown,UNSAFE BACKING,E 2ND,39.16099191,-86.51598885,"39.16099191,-86.51598885",55,Clear
902449491,2015-05-05,Weekday,07:00:00,2-Car,No injury/unknown,FOLLOWING TOO CLOSELY,SR37 & VERNAL PIKE,39.19513144,-86.56252288,"39.19513144,-86.56252288",49,Clear
902449496,2015-05-06,Weekday,00:00:00,Moped/Motorcycle,Incapacitating,ACCELERATOR FAILURE OR DEFECTIVE,W RAPPEL,39.187683,-86.54618,"39.187683,-86.54618",56,Clear
902449588,2015-05-05,Weekday,01:00:00,2-Car,No injury/unknown,FAILURE TO YIELD RIGHT OF WAY,OLD STATE ROAD 37,39.138688,-86.465968,"39.138688,-86.465968",9,Clear
902449700,2015-05-06,Weekday,10:00:00,2-Car,No injury/unknown,UNSAFE BACKING,DUNN & KIRKWOOD,39.16664,-86.52808615,"39.16664,-86.52808615",58,Clear
902449804,2015-05-06,Weekday,13:00:00,2-Car,Non-incapacitating,FAILURE TO YIELD RIGHT OF WAY,2ND & WALKER,39.16142978,-86.54614023,"39.16142978,-86.54614023",57,Clear
902449897,2015-05-06,Weekend,19:00:00,2-Car,Incapacitating,DISREGARD SIGNAL/REG SIGN,2ND & COLLEGE,39.16144,-86.534848,"39.16144,-86.534848",58,Clear
902449919,2015-05-02,Weekday,15:00:00,2-Car,No injury/unknown,FOLLOWING TOO CLOSELY,S FAIRFAX & S WALNUT STREET,39.10715997,-86.52650982,"39.10715997,-86.52650982",3,Clear
902449979,2015-05-07,Weekend,01:00:00,1-Car,No injury/unknown,ANIMAL/OBJECT IN ROADWAY,E POINTE & POINTE VIEW,39.03492004,-86.50864329,"39.03492004,-86.50864329",3,Clear
902450078,2015-05-07,Weekend,09:00:00,2-Car,No injury/unknown,UNSAFE BACKING,WEST ALLEN,39.155708,-86.548507,"39.155708,-86.548507",57,Clear
902450108,2015-05-07,Weekend,12:00:00,2-Car,No injury/unknown,FOLLOWING TOO CLOSELY,COUNTRY CLUB & ROCKPORT,39.136448,-86.548704,"39.136448,-86.548704",57,Clear
902450202,2015-05-07,Weekend,14:00:00,2-Car,No injury/unknown,DRIVER DISTRACTED - EXPLAIN IN NARRATIVE,SR37 & W 3RD,39.164752,-86.573104,"39.164752,-86.573104",51,Clear
902450355,2015-05-07,Weekend,13:00:00,Pedestrian,Non-incapacitating,PEDESTRIAN ACTION,6TH & GRANT,39.167712,-86.529696,"39.167712,-86.529696",58,Clear
902450425,2015-05-01,Weekend,07:00:00,2-Car,No injury/unknown,OTHER (VEHICLE) - EXPLAIN IN NARRATIVE,COUNTRYSIDE,39.132704,-86.544432,"39.132704,-86.544432",57,Clear
902450434,2015-05-01,Weekend,10:00:00,2-Car,No injury/unknown,WRONG WAY ON ONE WAY,ATWATER & MITCHELL,39.16308001,-86.5141797,"39.16308001,-86.5141797",55,Clear
902450463,2015-05-06,Weekday,16:00:00,2-Car,No injury/unknown,FAILURE TO YIELD RIGHT OF WAY,S CURRY & SR45W,39.142048,-86.582592,"39.142048,-86.582592",50,Clear
902450514,2015-05-01,Weekend,12:00:00,1-Car,Incapacitating,RAN OFF ROAD RIGHT,GROSS & KNIGHTRIDGE,39.12668981,-86.435733,"39.12668981,-86.435733",2,Clear
902450585,2015-05-07,Weekend,16:00:00,2-Car,No injury/unknown,BRAKE FAILURE OR DEFECTIVE,S LEONARD SPRINGS,39.142048,-86.582592,"39.142048,-86.582592",50,Clear
902450586,2015-05-01,Weekend,15:00:00,2-Car,No injury/unknown,ENGINE FAILURE OR DEFECTIVE,SR37S & W TAPP,39.13704,-86.572896,"39.13704,-86.572896",51,Clear
902450713,2015-05-01,Weekend,12:00:00,2-Car,No injury/unknown,UNSAFE BACKING,WEST SR 45,39.161296,-86.589792,"39.161296,-86.589792",39,Clear
902450842,2015-05-06,Weekend,20:00:00,2-Car,Incapacitating,FAILURE TO YIELD RIGHT OF WAY,SR37S & WEST SMITHVILLE,39.071056,-86.5356,"39.071056,-86.5356",3,Clear
902450952,2015-05-03,Weekday,01:00:00,2-Car,No injury/unknown,UNSAFE BACKING,ALEXANDER & W 11TH,39.173344,-86.549296,"39.173344,-86.549296",57,Clear
902451071,2015-05-03,Weekday,09:00:00,1-Car,No injury/unknown,OTHER (ENVIRONMENTAL) - EXPLAIN IN NARR,N COLLEGE,39.168656,-86.534784,"39.168656,-86.534784",58,Clear