Master Record Number,Date,Weekend?,Hour,Collision Type,Injury Type,Primary Factor,Reported_Location,Latitude,Longitude,Location,Number of Bars,Weather Condition
902462127,2015-06-07,Weekend,22:00:00,2-Car,Incapacitating,FAILURE TO YIELD RIGHT OF WAY,3RD & COLLEGE,39.16464,-86.534816,"39.16464,-86.534816",58,Clear
902462198,2015-06-07,Weekend,06:00:00,1-Car,No injury/unknown,RAN OFF ROAD RIGHT,MONROE DAM & TAILWATER,38.74560983,-86.51796028,"38.74560983,-86.51796028",0,Clear
902462221,2015-06-07,Weekend,10:00:00,2-Car,No injury/unknown,UNSAFE LANE MOVEMENT,9TH & WALNUT,39.170544,-86.533536,"39.170544,-86.533536",58,Clear
902462253,2015-06-04,Weekday,11:00:00,2-Car,No injury/unknown,FOLLOWING TOO CLOSELY,GORDON & OLD STATE ROAD 37,39.121552,-86.531296,"39.121552,-86.531296",30,Clear
902462254,2015-06-07,Weekend,12:00:00,2-Car,No injury/unknown,DRIVER DISTRACTED - EXPLAIN IN NARRATIVE,SR446S,39.135648,-86.462248,"39.135648,-86.462248",9,Clear
902462495,2015-06-07,Weekend,23:00:00,1-Car,No injury/unknown,UNSAFE BACKING,N MADISON,39.176048,-86.537696,"39.176048,-86.537696",57,Clear
902462527,2015-06-01,Weekend,17:00:00,3+ Cars,Non-incapacitating,DRIVER ILLNESS,W 3RD,39.16424,-86.4812,"39.16424,-86.4812",50,Overcast
902462530,2015-06-01,Weekend,13:00:00,2-Car,No injury/unknown,FAILURE TO YIELD RIGHT OF WAY,WEST 3RD & WYNNEDALE,39.164672,-86.570288,"39.164672,-86.570288",51,Overcast
902462743,2015-06-04,Weekday,02:00:00,1-Car,No injury/unknown,DRIVER ASLEEP OR FATIGUED,SOUTH CRAMER,39.12221909,-86.54727172,"39.12221909,-86.54727172",40,Clear
902462857,2015-06-02,Weekday,08:00:00,3+ Cars,No injury/unknown,FAILURE TO YIELD RIGHT OF WAY,DUNLAP & SR45W,39.11902366,-86.61946886,"39.11902366,-86.61946886",1,Partly cloudy
902462962,2015-06-02,Weekday,11:00:00,2-Car,No injury/unknown,UNSAFE BACKING,E MAPLECREST & N HEADLEY,39.188944,-86.5144,"39.188944,-86.5144",54,Partly cloudy
902463091,2015-06-04,Weekday,19:00:00,2-Car,Non-incapacitating,FAILURE TO YIELD RIGHT OF WAY,S CURRY & W 3RD,39.16463971,-86.5829157,"39.16463971,-86.5829157",50,Clear
902463097,2015-06-05,Weekday,13:00:00,2-Car,No injury/unknown,UNSAFE BACKING,10TH & COLLEGE,39.171744,-86.534768,"39.171744,-86.534768",58,Partly cloudy
902463119,2015-06-02,Weekday,11:00:00,3+ Cars,Non-incapacitating,FOLLOWING TOO CLOSELY,MADISON & WEST 2ND,39.16141033,-86.53743549,"39.16141033,-86.53743549",57,Partly cloudy
902463462,2015-06-02,Weekday,13:00:00,2-Car,No injury/unknown,IMPROPER TURNING,N WALNUT,39.16871445,-86.53356669,"39.16871445,-86.53356669",58,Partly cloudy
902463470,2015-06-05,Weekday,17:00:00,1-Car,No injury/unknown,OTHER (ENVIRONMENTAL) - EXPLAIN IN NARR,ARLINGTON & SR46W,39.20840345,-86.58055083,"39.20840345,-86.58055083",45,Partly cloudy
902463471,2015-06-05,Weekday,21:00:00,1-Car,No injury/unknown,OTHER (DRIVER) - EXPLAIN IN NARRATIVE,RATLIFF,39.21679527,-86.64838135,"39.21679527,-86.64838135",1,Partly cloudy
902463472,2015-06-02,Weekday,17:00:00,2-Car,No injury/unknown,FOLLOWING TOO CLOSELY,FULLERTON & SR7N,39.12221146,-86.57353973,"39.12221146,-86.57353973",34,Partly cloudy
902463499,2015-05-05,Weekday,22:00:00,1-Car,No injury/unknown,RAN OFF ROAD RIGHT,TOWER & W ISON,39.104944,-86.61032,"39.104944,-86.61032",1,Clear
902463603,2015-06-02,Weekday,13:00:00,2-Car,No injury/unknown,OTHER (DRIVER) - EXPLAIN IN NARRATIVE,WEST 2ND,39.16144,-86.527152,"39.16144,-86.527152",57,Partly cloudy
902463702,2015-06-03,Weekday,08:00:00,2-Car,No injury/unknown,UNSAFE BACKING,11TH & FORREST,39.17341992,-86.52240141,"39.17341992,-86.52240141",56,Clear
902463710,2015-06-03,Weekday,09:00:00,2-Car,No injury/unknown,FAILURE TO YIELD RIGHT OF WAY,LEONARD SPRINGS & SR45W,39.142048,-86.582592,"39.142048,-86.582592",50,Clear
902463727,2015-06-03,Weekday,09:00:00,2-Car,No injury/unknown,UNSAFE BACKING,JONES & JORDAN,39.16540012,-86.51645322,"39.16540012,-86.51645322",55,Clear
902463833,2015-06-06,Weekday,11:00:00,2-Car,No injury/unknown,,LIBERTY,39.145264,-86.577616,"39.145264,-86.577616",50,Clear
902463905,2015-06-03,Weekday,08:00:00,2-Car,No injury/unknown,UNSAFE BACKING,W 8TH,39.169664,-86.550928,"39.169664,-86.550928",57,Clear
902463991,2015-06-03,Weekday,09:00:00,2-Car,No injury/unknown,ACCELERATOR FAILURE OR DEFECTIVE,SOUTH FAIRFAX & WALNUT STREET,39.10715997,-86.52650982,"39.10715997,-86.52650982",3,Clear
902464120,2015-06-02,Weekday,20:00:00,2-Car,No injury/unknown,UNSAFE BACKING,N GATES,39.16987228,-86.57498168,"39.16987228,-86.57498168",50,Partly cloudy
902464128,2015-06-02,Weekday,20:00:00,2-Car,No injury/unknown,OTHER (DRIVER) - EXPLAIN IN NARRATIVE,N DANIELS,39.16671172,-86.59908838,"39.16671172,-86.59908838",7,Partly cloudy
902464265,2015-06-07,Weekend,23:00:00,1-Car,No injury/unknown,ANIMAL/OBJECT IN ROADWAY,CHAPEL HILL & SR446S,39.02483704,-86.40536989,"39.02483704,-86.40536989",0,Clear
902464304,2015-05-06,Weekend,21:00:00,2-Car,Non-incapacitating,FOLLOWING TOO CLOSELY,2ND & ROGERS,39.16140027,-86.53867028,"39.16140027,-86.53867028",57,Clear
902464408,2015-06-04,Weekday,08:00:00,2-Car,No injury/unknown,FAILURE TO YIELD RIGHT OF WAY,2ND & COLLEGE MALL,39.160944,-86.497696,"39.160944,-86.497696",52,Clear
902464414,2015-06-04,Weekday,06:00:00,1-Car,Incapacitating,RAN OFF ROAD RIGHT,RUSH RIDGE & SR446S,39.08472,-86.420688,"39.08472,-86.420688",1,Clear
902464445,2015-06-02,Weekday,22:00:00,Moped/Motorcycle,Incapacitating,UNSAFE SPEED,E MONROE DAM & S VALLEY MISSION,39.009344,-86.510096,"39.009344,-86.510096",4,Overcast
902464723,2015-06-04,Weekday,14:00:00,2-Car,No injury/unknown,UNSAFE BACKING,N COLLEGE,39.168656,-86.534784,"39.168656,-86.534784",58,Clear
902464777,2015-06-04,Weekday,15:00:00,3+ Cars,No injury/unknown,FOLLOWING TOO CLOSELY,S LIBERTY & W 3RD,39.14874854,-86.57913006,"39.14874854,-86.57913006",50,Clear
902465029,2015-06-04,Weekday,22:00:00,2-Car,Non-incapacitating,FAILURE TO YIELD RIGHT OF WAY,WALNUT & WINSLOW,39.13597025,-86.5311098,"39.13597025,-86.5311098",58,Clear
902465100,2015-06-05,Weekday,07:00:00,Moped/Motorcycle,Incapacitating,FOLLOWING TOO CLOSELY,E 1ST & S WALNUT,39.159344,-86.5336,"39.159344,-86.5336",58,Partly cloudy
902465176,2015-06-05,Weekday,07:00:00,2-Car,No injury/unknown,DISREGARD SIGNAL/REG SIGN,COLLEGE & KIRKWOOD,39.16664,-86.5348,"39.16664,-86.5348",58,Partly cloudy
902465239,2015-06-05,Weekday,10:00:00,2-Car,No injury/unknown,UNSAFE BACKING,S COLLEGE MALL,39.15760751,-86.49780963,"39.15760751,-86.49780963",52,Partly cloudy
902465253,2015-06-05,Weekday,08:00:00,1-Car,No injury/unknown,DRIVER ASLEEP OR FATIGUED,EAST SR RD 46,39.18658829,-86.54039001,"39.18658829,-86.54039001",56,Partly cloudy
902465255,2015-06-05,Weekday,12:00:00,2-Car,No injury/unknown,OTHER (DRIVER) - EXPLAIN IN NARRATIVE,N SMITH,39.172048,-86.4816,"39.172048,-86.4816",50,Partly cloudy
902465381,2015-06-05,Weekday,14:00:00,2-Car,No injury/unknown,FAILURE TO YIELD RIGHT OF WAY,10TH & LINCOLN,39.171712,-86.530992,"39.171712,-86.530992",58,Partly cloudy
902465412,2015-06-05,Weekday,15:00:00,3+ Cars,No injury/unknown,FOLLOWING TOO CLOSELY,SR37N & W VERNAL,39.12373205,-86.56252288,"39.12373205,-86.56252288",45,Partly cloudy
902465433,2015-06-05,Weekday,16:00:00,2-Car,No injury/unknown,FOLLOWING TOO CLOSELY,E 10TH & SR4546S,39.176848,-86.478192,"39.176848,-86.478192",44,Partly cloudy
902465494,2015-06-05,Weekday,18:00:00,1-Car,Incapacitating,RAN OFF ROAD RIGHT,N WALNUT & SR46E,39.186368,-86.5344,"39.186368,-86.5344",57,Partly cloudy
902465497,2015-06-05,Weekday,16:00:00,2-Car,No injury/unknown,FAILURE TO YIELD RIGHT OF WAY,S WALNUT,39.13736,-86.529904,"39.13736,-86.529904",58,Partly cloudy
902465499,2015-06-05,Weekday,16:00:00,1-Car,Incapacitating,RAN OFF ROAD RIGHT,DALLAS & HARTSTRAIT,39.19955087,-86.61207966,"39.19955087,-86.61207966",6,Partly cloudy
902465509,2015-06-05,Weekday,15:00:00,2-Car,No injury/unknown,UNSAFE BACKING,SOUTH OLD STATE ROAD 37,39.0138258,-86.54091596,"39.0138258,-86.54091596",3,Partly cloudy
902465512,2015-06-05,Weekday,18:00:00,2-Car,No injury/unknown,FOLLOWING TOO CLOSELY,FRANKLIN & W 3RD,39.164688,-86.5712,"39.164688,-86.5712",51,Partly cloudy
902465535,2015-06-05,Weekday,21:00:00,Pedestrian,Non-incapacitating,FAILURE TO YIELD RIGHT OF WAY,KINSER & SR4546W,39.186544,-86.537888,"39.186544,-86.537888",56,Partly cloudy
902465642,2015-06-06,Weekday,00:00:00,2-Car,Incapacitating,WRONG WAY ON ONE WAY,17TH & SR46E,39.18226243,-86.51045827,"39.18226243,-86.51045827",53,Clear
902465717,2015-06-05,Weekday,09:00:00,1-Car,No injury/unknown,ANIMAL/OBJECT IN ROADWAY,EVANS & HARMONY,39.07731105,-86.62865271,"39.07731105,-86.62865271",0,Partly cloudy
902465742,2015-06-06,Weekday,08:00:00,1-Car,No injury/unknown,RAN OFF ROAD RIGHT,6TH & COLLEGE,39.167648,-86.534784,"39.167648,-86.534784",58,Clear
902465776,2015-06-06,Weekday,09:00:00,2-Car,No injury/unknown,UNSAFE BACKING,S CLARIZZ,39.15260696,-86.49272918,"39.15260696,-86.49272918",51,Clear
902465939,2015-06-06,Weekday,11:00:00,2-Car,No injury/unknown,FAILURE TO YIELD RIGHT OF WAY,SO WALNUT & W 1ST,39.176848,-86.533424,"39.176848,-86.533424",58,Clear
902465949,2015-06-06,Weekday,12:00:00,2-Car,No injury/unknown,FOLLOWING TOO CLOSELY,2ND & MADISON,39.161488,-86.537296,"39.161488,-86.537296",58,Clear
902465957,2015-06-06,Weekday,12:00:00,2-Car,No injury/unknown,FAILURE TO YIELD RIGHT OF WAY,3RD & ROSE,39.164352,-86.510944,"39.164352,-86.510944",53,Clear
902466017,2015-06-06,Weekday,13:00:00,3+ Cars,No injury/unknown,FOLLOWING TOO CLOSELY,3RD & UNION,39.164352,-86.5088,"39.164352,-86.5088",52,Clear
902466116,2015-06-06,Weekday,15:00:00,2-Car,No injury/unknown,FAILURE TO YIELD RIGHT OF WAY,2ND & MITCHELL,39.16112,-86.514096,"39.16112,-86.514096",55,Clear
902466120,2015-06-06,Weekday,16:00:00,2-Car,No injury/unknown,UNSAFE LANE MOVEMENT,3RD & CURRY,39.164544,-86.560096,"39.164544,-86.560096",51,Clear
902466134,2015-06-06,Weekday,17:00:00,2-Car,No injury/unknown,UNSAFE BACKING,N DUNN,39.206144,-86.528592,"39.206144,-86.528592",50,Clear
902466206,2015-06-06,Weekday,18:00:00,2-Car,No injury/unknown,FAILURE TO YIELD RIGHT OF WAY,SR37 & W 3RD,39.164752,-86.573104,"39.164752,-86.573104",51,Clear
902466256,2015-06-06,Weekend,23:00:00,1-Car,Incapacitating,RAN OFF ROAD RIGHT,WEST VERNAL,39.17356873,-86.55478668,"39.17356873,-86.55478668",54,Clear
902466293,2015-06-07,Weekend,00:00:00,1-Car,No injury/unknown,OTHER (DRIVER) - EXPLAIN IN NARRATIVE,W KIRKWOOD,39.166784,-86.5468,"39.166784,-86.5468",57,Clear
902466389,2015-06-07,Weekend,10:00:00,2-Car,Incapacitating,FAILURE TO YIELD RIGHT OF WAY,ATWATER & E 3RD,39.164448,-86.528096,"39.164448,-86.528096",58,Clear
902466462,2015-06-06,Weekend,22:00:00,1-Car,No injury/unknown,FOLLOWING TOO CLOSELY,S BREEDEN & SR45W,39.086832,-86.671984,"39.086832,-86.671984",1,Clear
902466518,2015-06-06,Weekend,20:00:00,2-Car,No injury/unknown,OTHER (DRIVER) - EXPLAIN IN NARRATIVE,E 3RD & S PETE ELLIS,39.16424,-86.495088,"39.16424,-86.495088",52,Clear
902466574,2015-06-07,Weekend,20:00:00,2-Car,No injury/unknown,,E 3RD,39.16424,-86.49250645,"39.16424,-86.49250645",51,Clear
902466615,2015-06-07,Weekend,10:00:00,2-Car,Incapacitating,BRAKE FAILURE OR DEFECTIVE,LEONARD SPRINGS & SR45,39.142048,-86.582592,"39.142048,-86.582592",50,Clear
902466616,2015-06-07,Weekend,13:00:00,1-Car,No injury/unknown,RAN OFF ROAD RIGHT,ROCKPORT & TAPP,39.13426528,-86.55084379,"39.13426528,-86.55084379",57,Clear
902466623,2015-06-07,Weekend,21:00:00,2-Car,No injury/unknown,UNSAFE BACKING,N WALNUT,39.16865861,-86.53356767,"39.16865861,-86.53356767",58,Clear
902466635,2015-06-07,Weekend,15:00:00,2-Car,No injury/unknown,OTHER (DRIVER) - EXPLAIN IN NARRATIVE,S OAKLAWN,39.13090897,-86.50070953,"39.13090897,-86.50070953",52,Clear
902466801,2015-06-05,Weekday,13:00:00,2-Car,No injury/unknown,OTHER (DRIVER) - EXPLAIN IN NARRATIVE,ASSOCIATION & FIRST,39.2308,-86.622032,"39.2308,-86.622032",1,Partly cloudy
902466834,2015-06-01,Weekend,14:00:00,1-Car,No injury/unknown,UNSAFE BACKING,S VICTOR,39.10649041,-86.55034722,"39.10649041,-86.55034722",3,Overcast
902466958,2015-06-01,Weekend,18:00:00,2-Car,No injury/unknown,FAILURE TO YIELD RIGHT OF WAY,ASTER & ZINNIA,39.03616995,-86.51847995,"39.03616995,-86.51847995",3,Overcast
902467002,2015-06-07,Weekend,21:00:00,1-Car,No injury/unknown,ANIMAL/OBJECT IN ROADWAY,S OLD STATE RD 37 & SR37S,39.09265515,-86.5313034,"39.09265515,-86.5313034",1,Clear
902467009,2015-06-01,Weekend,00:00:00,1-Car,No injury/unknown,RAN OFF ROAD RIGHT,OARD & SR48W,39.16400931,-86.62335763,"39.16400931,-86.62335763",6,Overcast
902467080,2015-06-07,Weekend,16:00:00,1-Car,No injury/unknown,UNSAFE SPEED,S LEONARD SPRINGS & W MAY,39.09344,-86.591792,"39.09344,-86.591792",0,Clear
902467081,2015-06-07,Weekend,17:00:00,2-Car,No injury/unknown,FAILURE TO YIELD RIGHT OF WAY,S SMITH & W WOODYARD,39.1906355,-86.58307661,"39.1906355,-86.58307661",50,Clear
902467082,2015-06-04,Weekday,18:00:00,2-Car,No injury/unknown,UNSAFE LANE MOVEMENT,S CURRY & W 3RD,39.16463971,-86.58292002,"39.16463971,-86.58292002",50,Clear
902467437,2015-06-02,Weekday,09:00:00,1-Car,No injury/unknown,UNSAFE BACKING,7TH & N COLLEGE,39.168656,-86.534784,"39.168656,-86.534784",58,Partly cloudy
902467942,2015-06-02,Weekday,14:00:00,Moped/Motorcycle,Incapacitating,RAN OFF ROAD RIGHT,N OLD SR 37 & N PAYNE,39.27496,-86.499216,"39.27496,-86.499216",0,Partly cloudy
902467999,2015-06-02,Weekday,20:00:00,2-Car,No injury/unknown,UNSAFE BACKING,6TH & WALNUT,39.167648,-86.533584,"39.167648,-86.533584",58,Partly cloudy
902468088,2015-06-02,Weekday,21:00:00,Cyclist,Incapacitating,IMPROPER PASSING,N ADAMS & W 7TH,39.168576,-86.5496,"39.168576,-86.5496",57,Partly cloudy
902468175,2015-06-03,Weekday,07:00:00,1-Car,No injury/unknown,OTHER (DRIVER) - EXPLAIN IN NARRATIVE,N MORTON,39.16786971,-86.536,"39.16786971,-86.536",58,Clear
902468210,2015-06-03,Weekday,06:00:00,2-Car,No injury/unknown,FOLLOWING TOO CLOSELY,BLOOMFIELD & SR37S,39.1475296,-86.57295227,"39.1475296,-86.57295227",51,Clear
902468230,2015-06-02,Weekday,09:00:00,2-Car,No injury/unknown,,NORTH MORTON,39.16786971,-86.536,"39.16786971,-86.536",58,Partly cloudy
902468259,2015-06-03,Weekday,08:00:00,1-Car,Incapacitating,RAN OFF ROAD RIGHT,BROWNRIDGE & SO SMITH,39.161248,-86.480688,"39.161248,-86.480688",51,Clear
902468608,2015-06-02,Weekday,21:00:00,Cyclist,Non-incapacitating,IMPROPER TURNING,E 3RD & S HILLSDALE,39.164272,-86.502416,"39.164272,-86.502416",52,Partly cloudy
902468612,2015-06-03,Weekday,15:00:00,1-Car,Non-incapacitating,DRIVER ILLNESS,ADAMS & ADAMS HILL,39.155952,-86.550592,"39.155952,-86.550592",57,Clear
902468642,2015-06-03,Weekday,17:00:00,2-Car,No injury/unknown,FAILURE TO YIELD RIGHT OF WAY,S LIBERTY & W 3RD,39.16461021,-86.57913006,"39.16461021,-86.57913006",50,Clear
902468808,2015-06-04,Weekday,04:00:00,1-Car,No injury/unknown,LEFT OF CENTER,MOORES & SR 446,39.15035024,-86.47130328,"39.15035024,-86.47130328",17,Clear
902468816,2015-06-03,Weekday,13:00:00,2-Car,No injury/unknown,OTHER (DRIVER) - EXPLAIN IN NARRATIVE,W 11TH,39.173344,-86.544272,"39.173344,-86.544272",57,Clear
902468826,2015-06-04,Weekday,06:00:00,2-Car,No injury/unknown,LEFT OF CENTER,DUNLAP & SR45W,39.119344,-86.618896,"39.119344,-86.618896",1,Clear
902469049,2015-06-04,Weekday,18:00:00,2-Car,No injury/unknown,UNSAFE BACKING,WEST 2ND,39.16026688,-86.54013824,"39.16026688,-86.54013824",57,Clear
902469071,2015-06-04,Weekday,09:00:00,3+ Cars,No injury/unknown,OTHER (DRIVER) - EXPLAIN IN NARRATIVE,2ND & MORTON,39.16139022,-86.53630994,"39.16139022,-86.53630994",58,Clear
902469266,2015-06-03,Weekday,16:00:00,2-Car,No injury/unknown,FAILURE TO YIELD RIGHT OF WAY,LIBERTY & W 3RD,39.16461021,-86.57908677,"39.16461021,-86.57908677",50,Clear
902469274,2015-06-04,Weekday,16:00:00,1-Car,Non-incapacitating,OTHER (DRIVER) - EXPLAIN IN NARRATIVE,E 3RD,39.16464,-86.56913891,"39.16464,-86.56913891",51,Clear
902469329,2015-06-04,Weekday,16:00:00,2-Car,No injury/unknown,DISREGARD SIGNAL/REG SIGN,MATTHEWS & SR46W,39.234768,-86.626384,"39.234768,-86.626384",1,Clear
902469466,2015-06-04,Weekday,10:00:00,2-Car,No injury/unknown,FOLLOWING TOO CLOSELY,E 3RD & S SMITH,39.16424,-86.480688,"39.16424,-86.480688",50,Clear
902469517,2015-06-05,Weekday,08:00:00,2-Car,No injury/unknown,FOLLOWING TOO CLOSELY,3RD & SMITH,39.16424,-86.480688,"39.16424,-86.480688",50,Partly cloudy
902469565,2015-06-07,Weekend,00:00:00,1-Car,No injury/unknown,OVERCORRECTING/OVERSTEERING,FRIENDSHIP & GROSS,39.14029031,-86.4023659,"39.14029031,-86.4023659",1,Clear
902469598,2015-06-05,Weekday,08:00:00,1-Car,Non-incapacitating,SPEED TOO FAST FOR WEATHER CONDITIONS,DUNN & SR37N,39.18363953,-86.52836915,"39.18363953,-86.52836915",57,Partly cloudy
902469663,2015-06-05,Weekday,07:00:00,2-Car,No injury/unknown,FOLLOWING TOO CLOSELY,FEE & SR46E,39.186032,-86.51984,"39.186032,-86.51984",54,Partly cloudy
902469734,2015-06-05,Weekday,14:00:00,2-Car,No injury/unknown,FAILURE TO YIELD RIGHT OF WAY,S COLLEGE & W KIRKWOOD,39.16664,-86.5348,"39.16664,-86.5348",58,Partly cloudy
902469764,2015-06-05,Weekday,14:00:00,2-Car,No injury/unknown,FOLLOWING TOO CLOSELY,SR37S & VERNAL,39.176544,-86.5624,"39.176544,-86.5624",51,Partly cloudy
902469797,2015-06-05,Weekday,14:00:00,1-Car,No injury/unknown,RAN OFF ROAD RIGHT,SR37S & SR46W,39.194144,-86.554592,"39.194144,-86.554592",53,Partly cloudy
902469907,2015-06-04,Weekday,19:00:00,2-Car,Non-incapacitating,FAILURE TO YIELD RIGHT OF WAY,N STARNES & W RATLIFF,39.2168697,-86.65871992,"39.2168697,-86.65871992",1,Clear
902469908,2015-06-07,Weekend,21:00:00,1-Car,No injury/unknown,OVERCORRECTING/OVERSTEERING,S GARRISON CHAPEL & SR48W,39.16620381,-86.65587519,"39.16620381,-86.65587519",0,Clear
902469920,2015-06-05,Weekday,18:00:00,1-Car,No injury/unknown,RAN OFF ROAD RIGHT,E COLLINS & N MT GILEAD,39.1958089,-86.44152,"39.1958089,-86.44152",5,Partly cloudy
902469953,2015-06-06,Weekday,00:00:00,1-Car,No injury/unknown,SPEED TOO FAST FOR WEATHER CONDITIONS,S LEONARD SPRINGS & W LIZZY,39.1987365,-86.59514017,"39.1987365,-86.59514017",11,Clear
902470235,2015-06-06,Weekday,10:00:00,2-Car,Non-incapacitating,TIRE FAILURE OR DEFECTIVE,PATTERSON & ROGERS,39.15379018,-86.53874142,"39.15379018,-86.53874142",57,Clear
902470350,2015-06-06,Weekday,12:00:00,2-Car,No injury/unknown,FAILURE TO YIELD RIGHT OF WAY,NUCKLES & VERNAL,39.17677,-86.56129002,"39.17677,-86.56129002",51,Clear
902470498,2015-06-04,Weekday,08:00:00,2-Car,No injury/unknown,UNSAFE SPEED,SR37,38.99468154,-86.53719892,"38.99468154,-86.53719892",4,Clear
902470565,2015-06-06,Weekday,14:00:00,1-Car,No injury/unknown,RAN OFF ROAD RIGHT,WAPPEHANI & WEIMER,39.12284225,-86.56384013,"39.12284225,-86.56384013",38,Clear
902470580,2015-06-06,Weekday,16:00:00,2-Car,No injury/unknown,FAILURE TO YIELD RIGHT OF WAY,E MAXWELL & S HAWTHORNE,39.157888,-86.520272,"39.157888,-86.520272",55,Clear
902470596,2015-06-06,Weekday,14:00:00,1-Car,Non-incapacitating,SPEED TOO FAST FOR WEATHER CONDITIONS,11TH & WALNUT,39.173248,-86.533488,"39.173248,-86.533488",58,Clear
902470606,2015-06-06,Weekday,18:00:00,2-Car,No injury/unknown,OTHER (DRIVER) - EXPLAIN IN NARRATIVE,CURRY & GIFFORD,39.156896,-86.582704,"39.156896,-86.582704",50,Clear
902470640,2015-06-06,Weekday,16:00:00,2-Car,No injury/unknown,DISREGARD SIGNAL/REG SIGN,E 3RD & S WASHINGTON,39.16464,-86.5324,"39.16464,-86.5324",58,Clear
902470641,2015-06-06,Weekday,11:00:00,2-Car,No injury/unknown,IMPROPER LANE USAGE,8TH & COLLEGE,39.16938721,-86.534784,"39.16938721,-86.534784",58,Clear
902470642,2015-06-06,Weekday,15:00:00,2-Car,No injury/unknown,SPEED TOO FAST FOR WEATHER CONDITIONS,CATHCART & PIAZZA,39.14885022,-86.49986006,"39.14885022,-86.49986006",52,Clear
902470656,2015-06-06,Weekday,15:00:00,2-Car,No injury/unknown,FOLLOWING TOO CLOSELY,S LIBERTY & SR45W,39.14521676,-86.57748603,"39.14521676,-86.57748603",50,Clear
902470799,2015-06-06,Weekday,12:00:00,2-Car,Incapacitating,IMPROPER TURNING,E 3RD & S KINGSTON,39.16424,-86.492944,"39.16424,-86.492944",51,Clear
902470813,2015-06-07,Weekend,06:00:00,2-Car,No injury/unknown,FAILURE TO YIELD RIGHT OF WAY,LEONARD SPRINGS & SR45W,39.142048,-86.582592,"39.142048,-86.582592",50,Clear
902471165,2015-06-05,Weekday,11:00:00,2-Car,No injury/unknown,UNSAFE BACKING,RUSSELL & SR45N,39.20498151,-86.46344752,"39.20498151,-86.46344752",6,Partly cloudy
902471166,2015-06-06,Weekday,05:00:00,1-Car,No injury/unknown,ANIMAL/OBJECT IN ROADWAY,SR37N & WYLIE,39.19857096,-86.5295245,"39.19857096,-86.5295245",54,Clear
902471406,2015-06-07,Weekend,15:00:00,1-Car,No injury/unknown,OTHER (VEHICLE) - EXPLAIN IN NARRATIVE,S CRAMER,39.123149,-86.545593,"39.123149,-86.545593",47,Clear
902471429,2015-06-04,Weekday,15:00:00,Moped/Motorcycle,Incapacitating,RAN OFF ROAD RIGHT,N RICHARDSON & SR45E,39.24700928,-86.39276627,"39.24700928,-86.39276627",1,Clear
902471430,2015-06-05,Weekday,16:00:00,2-Car,No injury/unknown,UNSAFE BACKING,EAGLEVIEW,39.13370271,-86.54604032,"39.13370271,-86.54604032",57,Partly cloudy
902471450,2015-06-07,Weekend,15:00:00,1-Car,No injury/unknown,RAN OFF ROAD RIGHT,KNAPP & W STATE RD 48,39.17540465,-86.60168007,"39.17540465,-86.60168007",7,Clear
902471452,2015-06-07,Weekend,15:00:00,2-Car,Non-incapacitating,LEFT OF CENTER,PAYNETOWN & SR446S,39.09612677,-86.42389248,"39.09612677,-86.42389248",1,Clear
902471498,2015-06-04,Weekday,23:00:00,1-Car,Incapacitating,RAN OFF ROAD RIGHT,RUSH RIDGE & SR446,39.08102094,-86.41862099,"39.08102094,-86.41862099",1,Clear
902471538,2015-06-01,Weekday,23:00:00,1-Car,Incapacitating,OTHER (DRIVER) - EXPLAIN IN NARRATIVE,EAST HUPP & SOUTH FAIRFAX,39.09464,-86.516896,"39.09464,-86.516896",1,Overcast
902471571,2015-06-01,Weekend,13:00:00,2-Car,No injury/unknown,FOLLOWING TOO CLOSELY,PETE ELLIS & THIRD,39.16424,-86.495088,"39.16424,-86.495088",52,Overcast
902471626,2015-06-06,Weekday,07:00:00,2-Car,Incapacitating,LEFT OF CENTER,NIMIT & RHORER,39.12145011,-86.52385698,"39.12145011,-86.52385698",28,Clear
902471627,2015-06-02,Weekday,06:00:00,1-Car,No injury/unknown,ANIMAL/OBJECT IN ROADWAY,BURCH & SR45W,39.08812773,-86.66905971,"39.08812773,-86.66905971",1,Partly cloudy
902471790,2015-06-02,Weekday,10:00:00,2-Car,No injury/unknown,FOLLOWING TOO CLOSELY,2ND & PATTERSON,39.16074984,-86.54850997,"39.16074984,-86.54850997",57,Partly cloudy
902471870,2015-06-02,Weekday,13:00:00,2-Car,No injury/unknown,UNSAFE BACKING,N HEADLEY,39.18671619,-86.51449029,"39.18671619,-86.51449029",54,Partly cloudy
902471884,2015-06-02,Weekday,11:00:00,2-Car,No injury/unknown,UNSAFE SPEED,10TH & 1799 EAST 10TH PARKING LOT,39.17987132,-86.511383,"39.17987132,-86.511383",54,Partly cloudy
902472004,2015-06-01,Weekend,10:00:00,1-Car,Non-incapacitating,OTHER (VEHICLE) - EXPLAIN IN NARRATIVE,SR446S & WALDRIP CREEK,39.06971087,-86.41607391,"39.06971087,-86.41607391",0,Overcast
902472005,2015-06-01,Weekend,16:00:00,2-Car,No injury/unknown,LEFT OF CENTER,SISCOE & SR46W,39.27146912,-86.67016876,"39.27146912,-86.67016876",2,Overcast
902472006,2015-06-01,Weekend,16:00:00,2-Car,No injury/unknown,LEFT OF CENTER,SISCOE & SR46W,39.27146912,-86.67016876,"39.27146912,-86.67016876",2,Overcast
902472156,2015-06-02,Weekday,15:00:00,2-Car,No injury/unknown,FOLLOWING TOO CLOSELY,WALNUT & WINSLOW,39.13597025,-86.5311098,"39.13597025,-86.5311098",58,Partly cloudy