Master Record Number,Date,Weekend?,Hour,Collision Type,Injury Type,Primary Factor,Reported_Location,Latitude,Longitude,Location,Number of Bars,Weather Condition
902486279,2015-07-06,Weekday,15:00:00,1-Car,Incapacitating,OVERCORRECTING/OVERSTEERING,COUNTY LINE & SR46W,39.28084491,-86.68138599,"39.28084491,-86.68138599",1,Partly cloudy
902486290,2015-07-02,Weekday,15:00:00,2-Car,No injury/unknown,UNSAFE BACKING,W SR 45,39.125312,-86.610496,"39.125312,-86.610496",5,Moderate rain at times
902486291,2015-07-06,Weekday,17:00:00,2-Car,No injury/unknown,FOLLOWING TOO CLOSELY,SR37S & W FULLERTON,39.17502644,-86.57353973,"39.17502644,-86.57353973",50,Clear
902486462,2015-07-03,Weekday,14:00:00,2-Car,Non-incapacitating,FOLLOWING TOO CLOSELY,2ND & ROGERS,39.16151347,-86.53832754,"39.16151347,-86.53832754",57,Moderate or heavy rain shower
902486464,2015-07-03,Weekday,13:00:00,2-Car,No injury/unknown,FAILURE TO YIELD RIGHT OF WAY,COX & SR45E,39.22185242,-86.44175194,"39.22185242,-86.44175194",1,Moderate or heavy rain shower
902486518,2015-07-03,Weekday,14:00:00,1-Car,No injury/unknown,IMPROPER TURNING,S COLLEGE,39.16115717,-86.53485253,"39.16115717,-86.53485253",58,Moderate or heavy rain shower
902486584,2015-07-03,Weekday,04:00:00,1-Car,Non-incapacitating,SPEED TOO FAST FOR WEATHER CONDITIONS,E SAMPLE,39.26616,-86.522752,"39.26616,-86.522752",0,Moderate or heavy rain shower
902486622,2015-07-04,Weekday,05:00:00,2-Car,Incapacitating,FAILURE TO YIELD RIGHT OF WAY,E WINSLOW & S WALNUT ST,39.136144,-86.528688,"39.136144,-86.528688",58,Cloudy
902486774,2015-07-03,Weekday,12:00:00,2-Car,No injury/unknown,UNSAFE BACKING,NORTH DANIELS,39.16671172,-86.59908838,"39.16671172,-86.59908838",7,Moderate or heavy rain shower
902486863,2015-07-04,Weekday,11:00:00,2-Car,No injury/unknown,OTHER (DRIVER) - EXPLAIN IN NARRATIVE,WALNUT,39.107344,-86.5264,"39.107344,-86.5264",3,Cloudy
902486880,2015-07-04,Weekday,11:00:00,2-Car,No injury/unknown,FOLLOWING TOO CLOSELY,DUNCAN & SR45W,39.13467187,-86.59671551,"39.13467187,-86.59671551",8,Cloudy
902486984,2015-07-03,Weekday,15:00:00,2-Car,No injury/unknown,FAILURE TO YIELD RIGHT OF WAY,E 3RD & S PETE ELLIS,39.16424,-86.495088,"39.16424,-86.495088",52,Moderate or heavy rain shower
902487000,2015-07-03,Weekday,17:00:00,2-Car,No injury/unknown,FAILURE TO YIELD RIGHT OF WAY,E 3RD & S LINCOLN,39.16464,-86.531024,"39.16464,-86.531024",58,Moderate or heavy rain shower
902487072,2015-07-04,Weekday,15:00:00,2-Car,No injury/unknown,DISREGARD SIGNAL/REG SIGN,N ROGERS & W KIRKWOOD,39.166672,-86.538608,"39.166672,-86.538608",57,Cloudy
902487077,2015-07-04,Weekday,12:00:00,2-Car,Incapacitating,DISREGARD SIGNAL/REG SIGN,CURRY & SR45W,39.142048,-86.582592,"39.142048,-86.582592",50,Cloudy
902487088,2015-07-04,Weekday,19:00:00,2-Car,Non-incapacitating,FAILURE TO YIELD RIGHT OF WAY,GATES & WEST THIRD,39.16459009,-86.57619975,"39.16459009,-86.57619975",50,Cloudy
902487132,2015-07-05,Weekday,17:00:00,2-Car,No injury/unknown,UNSAFE BACKING,S OLD STATE ROAD 37,39.137088,-86.53056,"39.137088,-86.53056",58,Partly cloudy
902487133,2015-07-03,Weekday,20:00:00,2-Car,No injury/unknown,FAILURE TO YIELD RIGHT OF WAY,S MCDOUGAL & W HENNESSEY,39.12593007,-86.55359007,"39.12593007,-86.55359007",52,Moderate or heavy rain shower
902487134,2015-07-04,Weekday,14:00:00,2-Car,No injury/unknown,FOLLOWING TOO CLOSELY,BIRCH & SR45W,39.08812773,-86.66905971,"39.08812773,-86.66905971",1,Cloudy
902487135,2015-07-02,Weekday,21:00:00,1-Car,No injury/unknown,ANIMAL/OBJECT IN ROADWAY,S ROCKPORT & W MAY,39.093344,-86.5868,"39.093344,-86.5868",0,Moderate rain at times
902487136,2015-07-04,Weekday,17:00:00,3+ Cars,No injury/unknown,FOLLOWING TOO CLOSELY,S LIBERTY & W 3RD,39.00599354,-86.57913006,"39.00599354,-86.57913006",1,Cloudy
902487184,2015-07-04,Weekday,04:00:00,1-Car,No injury/unknown,ANIMAL/OBJECT IN ROADWAY,CHAMBERS & SR37N,39.30298816,-86.51723076,"39.30298816,-86.51723076",0,Cloudy
902487329,2015-07-05,Weekday,10:00:00,1-Car,No injury/unknown,OTHER (DRIVER) - EXPLAIN IN NARRATIVE,S WALNUT,39.13493114,-86.52778394,"39.13493114,-86.52778394",57,Partly cloudy
902487407,2015-07-05,Weekday,12:00:00,2-Car,No injury/unknown,UNSAFE BACKING,4TH & INDIANA,39.165648,-86.526848,"39.165648,-86.526848",57,Partly cloudy
902487416,2015-07-05,Weekday,09:00:00,2-Car,Incapacitating,DISREGARD SIGNAL/REG SIGN,N WALNUT & W 17TH,39.178944,-86.533392,"39.178944,-86.533392",58,Partly cloudy
902487455,2015-07-05,Weekday,12:00:00,2-Car,No injury/unknown,FAILURE TO YIELD RIGHT OF WAY,BLOOMFIELD & SR37N,39.1475296,-86.57295227,"39.1475296,-86.57295227",51,Partly cloudy
902487490,2015-07-05,Weekday,08:00:00,2-Car,Non-incapacitating,FAILURE TO YIELD RIGHT OF WAY,SALE & SR46W,39.23384,-86.624704,"39.23384,-86.624704",1,Partly cloudy
902487495,2015-07-05,Weekday,14:00:00,3+ Cars,Non-incapacitating,FOLLOWING TOO CLOSELY,3RD & BRYAN,39.16432,-86.50824,"39.16432,-86.50824",52,Partly cloudy
902487496,2015-07-05,Weekday,13:00:00,1-Car,No injury/unknown,UNSAFE BACKING,FRIENDSHIP & SR46,39.14868611,-86.40731288,"39.14868611,-86.40731288",1,Partly cloudy
902487593,2015-07-05,Weekday,16:00:00,2-Car,No injury/unknown,FAILURE TO YIELD RIGHT OF WAY,15TH & WALNUT,39.176848,-86.533424,"39.176848,-86.533424",58,Partly cloudy
902487616,2015-07-05,Weekday,14:00:00,2-Car,No injury/unknown,FOLLOWING TOO CLOSELY,CURRY & DOYLE,39.158352,-86.582752,"39.158352,-86.582752",50,Partly cloudy
902487636,2015-07-05,Weekday,15:00:00,1-Car,No injury/unknown,RAN OFF ROAD RIGHT,WALCOTT & WOODYARD,39.20446369,-86.60413314,"39.20446369,-86.60413314",7,Partly cloudy
902487637,2015-07-05,Weekday,20:00:00,1-Car,No injury/unknown,RAN OFF ROAD RIGHT,GATES & JONATHAN,39.1846236,-86.57641969,"39.1846236,-86.57641969",49,Partly cloudy
902487652,2015-07-05,Weekday,13:00:00,1-Car,No injury/unknown,ROADWAY SURFACE CONDITION,ROCKEAST & S ROCKPORT,39.14135716,-86.61335974,"39.14135716,-86.61335974",6,Partly cloudy
902487668,2015-07-05,Weekday,20:00:00,2-Car,No injury/unknown,BRAKE FAILURE OR DEFECTIVE,N WILLIS,39.180048,-86.544,"39.180048,-86.544",57,Partly cloudy
902487690,2015-07-05,Weekday,23:00:00,1-Car,No injury/unknown,RAN OFF ROAD RIGHT,770 CURRY & DOYLE,39.158352,-86.582752,"39.158352,-86.582752",50,Partly cloudy
902487911,2015-07-06,Weekday,09:00:00,1-Car,No injury/unknown,BRAKE FAILURE OR DEFECTIVE,S WALUNT,39.16441345,-86.53406524,"39.16441345,-86.53406524",58,Clear
902488183,2015-07-06,Weekday,08:00:00,1-Car,No injury/unknown,RAN OFF ROAD RIGHT,SR46 & STINESVILLE,39.26727358,-86.66617449,"39.26727358,-86.66617449",2,Clear
902488299,2015-07-06,Weekday,10:00:00,2-Car,No injury/unknown,UNSAFE BACKING,WEST SR45,39.125312,-86.610496,"39.125312,-86.610496",5,Clear
902488407,2015-07-06,Weekend,21:00:00,2-Car,Incapacitating,FAILURE TO YIELD RIGHT OF WAY,N FEE & US4546S,39.186032,-86.51984,"39.186032,-86.51984",54,Clear
902488434,2015-07-07,Weekend,00:00:00,2-Car,No injury/unknown,FAILURE TO YIELD RIGHT OF WAY,OLD STATE ROAD 37 & WALNUT,39.20704,-86.534704,"39.20704,-86.534704",50,Partly cloudy
902488562,2015-07-05,Weekday,13:00:00,2-Car,Non-incapacitating,FAILURE TO YIELD RIGHT OF WAY,DILLMAN & FAIRFAX,39.09261033,-86.51702016,"39.09261033,-86.51702016",1,Partly cloudy
902488599,2015-07-07,Weekend,12:00:00,2-Car,No injury/unknown,OTHER (DRIVER) - EXPLAIN IN NARRATIVE,EAST THIRD & PARK RIDGE,39.16424,-86.476096,"39.16424,-86.476096",31,Partly cloudy
902488600,2015-07-06,Weekend,19:00:00,3+ Cars,Incapacitating,FOLLOWING TOO CLOSELY,S PATTERSON & W 3RD,39.16344009,-86.55128002,"39.16344009,-86.55128002",57,Clear
902488689,2015-07-07,Weekend,18:00:00,2-Car,No injury/unknown,UNSAFE BACKING,WALNUT,39.165648,-86.5336,"39.165648,-86.5336",58,Partly cloudy
902488695,2015-07-07,Weekend,16:00:00,Pedestrian,Non-incapacitating,UNSAFE BACKING,EAST 3RD,39.16464,-86.569392,"39.16464,-86.569392",51,Partly cloudy
902488739,2015-07-06,Weekday,14:00:00,1-Car,No injury/unknown,RAN OFF ROAD RIGHT,CAVE & SR48W,39.16333196,-86.63013687,"39.16333196,-86.63013687",3,Clear
902488740,2015-07-07,Weekend,16:00:00,2-Car,No injury/unknown,FAILURE TO YIELD RIGHT OF WAY,SMITH & SR46W,39.210144,-86.5832,"39.210144,-86.5832",44,Partly cloudy
902488747,2015-07-07,Weekend,18:00:00,Moped/Motorcycle,Incapacitating,FAILURE TO YIELD RIGHT OF WAY,E GRIMES & S WALNUT,39.15344,-86.5336,"39.15344,-86.5336",58,Partly cloudy
902488790,2015-07-01,Weekend,03:00:00,1-Car,Non-incapacitating,RAN OFF ROAD RIGHT,3581 MAPLE GROVE & UNION VALLEY,39.24471489,-86.58926817,"39.24471489,-86.58926817",1,Clear
902488867,2015-07-05,Weekday,07:00:00,2-Car,No injury/unknown,UNSAFE BACKING,SR45W,39.125312,-86.610496,"39.125312,-86.610496",5,Partly cloudy
902488877,2015-07-07,Weekend,09:00:00,2-Car,No injury/unknown,UNSAFE SPEED,SR37 & STONE BELT,39.30711293,-86.5282669,"39.30711293,-86.5282669",0,Partly cloudy
902489069,2015-07-01,Weekend,01:00:00,2-Car,No injury/unknown,UNSAFE BACKING,N GATES,39.16803807,-86.57621853,"39.16803807,-86.57621853",50,Clear
902489120,2015-07-01,Weekend,16:00:00,1-Car,No injury/unknown,,S WALNUT,39.15556865,-86.5336,"39.15556865,-86.5336",58,Clear
902489121,2015-07-01,Weekday,19:00:00,2-Car,Incapacitating,LEFT OF CENTER,N OLD STATE ROAD 37 & N WALNUT,39.20704,-86.534704,"39.20704,-86.534704",50,Clear
902489142,2015-07-01,Weekday,22:00:00,2-Car,No injury/unknown,CELL PHONE USAGE,2ND & WASHINGTON,39.16144,-86.5324,"39.16144,-86.5324",58,Clear
902489171,2015-07-07,Weekend,03:00:00,1-Car,No injury/unknown,ANIMAL/OBJECT IN ROADWAY,LOVE & SR46W,39.21749588,-86.59948776,"39.21749588,-86.59948776",2,Partly cloudy
902489173,2015-07-07,Weekend,21:00:00,2-Car,No injury/unknown,UNSAFE BACKING,N WALNUT,39.18198955,-86.53374367,"39.18198955,-86.53374367",58,Partly cloudy
902489187,2015-07-04,Weekday,00:00:00,2-Car,No injury/unknown,UNSAFE BACKING,WEST 2ND,39.1614452,-86.53978943,"39.1614452,-86.53978943",57,Cloudy
902489401,2015-07-02,Weekday,12:00:00,1-Car,No injury/unknown,IMPROPER PASSING,N JACKSON & W 17TH,39.179024,-86.539616,"39.179024,-86.539616",57,Moderate rain at times
902489581,2015-07-02,Weekday,14:00:00,2-Car,No injury/unknown,FAILURE TO YIELD RIGHT OF WAY,LONGVIEW & PETE ELLIS,39.166944,-86.495056,"39.166944,-86.495056",52,Moderate rain at times
902489584,2015-07-02,Weekday,12:00:00,2-Car,No injury/unknown,,N KINSER,39.20304,-86.547392,"39.20304,-86.547392",50,Moderate rain at times
902489638,2015-07-02,Weekday,16:00:00,3+ Cars,No injury/unknown,OTHER (DRIVER) - EXPLAIN IN NARRATIVE,3RD & CURRY,39.16463589,-86.58291865,"39.16463589,-86.58291865",50,Moderate rain at times
902489758,2015-07-02,Weekday,18:00:00,2-Car,No injury/unknown,FOLLOWING TOO CLOSELY,SR37 & TAPP,39.13704,-86.572896,"39.13704,-86.572896",51,Moderate rain at times
902489820,2015-07-02,Weekday,08:00:00,1-Car,Incapacitating,OTHER (VEHICLE) - EXPLAIN IN NARRATIVE,KERR CREEK,39.16664,-86.462496,"39.16664,-86.462496",8,Moderate rain at times
902489901,2015-07-05,Weekday,21:00:00,3+ Cars,No injury/unknown,FOLLOWING TOO CLOSELY,COUNTRY CLUB & S ROGERS,39.13304,-86.5384,"39.13304,-86.5384",57,Partly cloudy
902489925,2015-07-06,Weekday,10:00:00,2-Car,No injury/unknown,FAILURE TO YIELD RIGHT OF WAY,SMITH & SR46W,39.210144,-86.5832,"39.210144,-86.5832",44,Clear
902490207,2015-07-06,Weekday,11:00:00,2-Car,No injury/unknown,IMPROPER PASSING,PARK & TURTLE BACK CREEK,39.22079514,-86.61991976,"39.22079514,-86.61991976",1,Clear
902490396,2015-07-03,Weekday,18:00:00,2-Car,No injury/unknown,FOLLOWING TOO CLOSELY,3RD & FRANKLIN,39.16464161,-86.56943706,"39.16464161,-86.56943706",51,Moderate or heavy rain shower
902490428,2015-07-02,Weekday,20:00:00,1-Car,Non-incapacitating,RAN OFF ROAD RIGHT,N THOMAS & W VERNAL,39.18904,-86.630096,"39.18904,-86.630096",3,Moderate rain at times
902490496,2015-07-03,Weekday,22:00:00,2-Car,Incapacitating,IMPROPER TURNING,GORDON & OLD SR 37,39.121552,-86.531296,"39.121552,-86.531296",30,Moderate or heavy rain shower
902490583,2015-07-04,Weekday,09:00:00,2-Car,No injury/unknown,SPEED TOO FAST FOR WEATHER CONDITIONS,3RD & YANCY,39.16454774,-86.56949951,"39.16454774,-86.56949951",51,Cloudy
902490626,2015-07-04,Weekday,09:00:00,1-Car,No injury/unknown,RAN OFF ROAD RIGHT,HENDERSON & WINSLOW,39.13603999,-86.52687996,"39.13603999,-86.52687996",57,Cloudy
902490973,2015-07-04,Weekday,16:00:00,3+ Cars,Incapacitating,FOLLOWING TOO CLOSELY,N WALNUT,39.250688,-86.529744,"39.250688,-86.529744",0,Cloudy
902491022,2015-07-04,Weekday,15:00:00,2-Car,No injury/unknown,FOLLOWING TOO CLOSELY,SR37 & THAT,39.11570265,-86.56477235,"39.11570265,-86.56477235",6,Cloudy
902491110,2015-07-01,Weekend,09:00:00,2-Car,No injury/unknown,UNSAFE BACKING,NORTH JORDAN,39.16756821,-86.51656341,"39.16756821,-86.51656341",55,Clear
902491240,2015-07-03,Weekday,13:00:00,2-Car,No injury/unknown,DRIVER DISTRACTED - EXPLAIN IN NARRATIVE,DUNCAN & SR45W,39.13485593,-86.59645375,"39.13485593,-86.59645375",8,Moderate or heavy rain shower
902491428,2015-07-05,Weekday,06:00:00,2-Car,Incapacitating,IMPROPER TURNING,N COLLEGE & W 10TH,39.171744,-86.534768,"39.171744,-86.534768",58,Partly cloudy
902491518,2015-07-05,Weekday,15:00:00,2-Car,No injury/unknown,DRIVER DISTRACTED - EXPLAIN IN NARRATIVE,FOX HOLLOW & SR37,39.28585088,-86.52030912,"39.28585088,-86.52030912",0,Partly cloudy
902491555,2015-07-05,Weekday,15:00:00,2-Car,No injury/unknown,UNSAFE BACKING,MELVILLE & ROCK CREEK,39.17512626,-86.50022014,"39.17512626,-86.50022014",52,Partly cloudy
902491676,2015-07-05,Weekday,23:00:00,3+ Cars,No injury/unknown,OVERCORRECTING/OVERSTEERING,10TH & N DUNN,39.17168,-86.528256,"39.17168,-86.528256",58,Partly cloudy
902491782,2015-07-06,Weekday,07:00:00,2-Car,No injury/unknown,FOLLOWING TOO CLOSELY,ALLEN & ROGERS,39.15559072,-86.53873702,"39.15559072,-86.53873702",57,Clear
902491794,2015-07-05,Weekday,13:00:00,2-Car,No injury/unknown,OTHER (DRIVER) - EXPLAIN IN NARRATIVE,10TH & 45 46,39.17153031,-86.5023124,"39.17153031,-86.5023124",52,Partly cloudy
902491795,2015-07-06,Weekday,08:00:00,2-Car,No injury/unknown,FOLLOWING TOO CLOSELY,N OLD ST RD 37 & N WALNUT,39.18336019,-86.53415009,"39.18336019,-86.53415009",57,Clear
902495547,2015-08-03,Weekday,12:00:00,2-Car,No injury/unknown,UNSAFE BACKING,CURRY,39.15783428,-86.58258341,"39.15783428,-86.58258341",50,Clear
902495548,2015-08-04,Weekday,07:00:00,2-Car,Non-incapacitating,FAILURE TO YIELD RIGHT OF WAY,LOUDEN & RATLIFF,39.21657228,-86.63986124,"39.21657228,-86.63986124",2,Clear
902495549,2015-08-05,Weekday,08:00:00,2-Car,Incapacitating,FAILURE TO YIELD RIGHT OF WAY,BERNICE & FAIRFAX,39.06714022,-86.50289389,"39.06714022,-86.50289389",3,Clear
902495594,2015-08-04,Weekday,13:00:00,2-Car,No injury/unknown,UNSAFE LANE MOVEMENT,SOUTH OLD STATE ROAD 37,39.138688,-86.465968,"39.138688,-86.465968",9,Clear
902495694,2015-08-05,Weekday,15:00:00,2-Car,No injury/unknown,OVERCORRECTING/OVERSTEERING,17TH & SR46W,39.18300777,-86.51149532,"39.18300777,-86.51149532",53,Clear
902495719,2015-08-05,Weekday,15:00:00,2-Car,Non-incapacitating,FAILURE TO YIELD RIGHT OF WAY,S ADAMS & WOODHILL,39.15703967,-86.55060008,"39.15703967,-86.55060008",57,Clear
902495743,2015-08-05,Weekday,16:00:00,1-Car,Incapacitating,OTHER (VEHICLE) - EXPLAIN IN NARRATIVE,S ROGERS,39.15933159,-86.538592,"39.15933159,-86.538592",57,Clear
902495780,2015-07-06,Weekend,19:00:00,2-Car,Incapacitating,UNSAFE SPEED,S FAIRFAX ROAD,39.06371689,-86.49869537,"39.06371689,-86.49869537",3,Clear
902495787,2015-08-05,Weekday,14:00:00,1-Car,No injury/unknown,RAN OFF ROAD RIGHT,S COUNTY LINE & W REEVES,39.24172799,-86.68410713,"39.24172799,-86.68410713",0,Clear
902495788,2015-08-05,Weekday,16:00:00,1-Car,No injury/unknown,RAN OFF ROAD RIGHT,S CURRY & W GLEN OAKS,39.14464,-86.582592,"39.14464,-86.582592",50,Clear
902495790,2015-08-04,Weekday,13:00:00,1-Car,No injury/unknown,RAN OFF ROAD RIGHT,ANDERSON & SHILO,39.2805071,-86.46300057,"39.2805071,-86.46300057",0,Clear
902495876,2015-08-05,Weekday,22:00:00,1-Car,No injury/unknown,SPEED TOO FAST FOR WEATHER CONDITIONS,GOURLEY & SR37N,39.23940996,-86.551651,"39.23940996,-86.551651",0,Clear
902495893,2015-08-05,Weekday,13:00:00,3+ Cars,No injury/unknown,PEDESTRIAN ACTION,E 3RD & PETE ELLIS,39.16424,-86.495088,"39.16424,-86.495088",52,Clear
902496017,2015-08-06,Weekday,08:00:00,Cyclist,Incapacitating,WRONG WAY ON ONE WAY,E HILLSIDE,39.170848,-86.503696,"39.170848,-86.503696",52,Moderate rain at times
902496057,2015-08-06,Weekday,07:00:00,2-Car,Non-incapacitating,DISREGARD SIGNAL/REG SIGN,THIRD & WASHINGTON,39.16460015,-86.53235971,"39.16460015,-86.53235971",58,Moderate rain at times
902496110,2015-08-06,Weekday,09:00:00,2-Car,No injury/unknown,OTHER (DRIVER) - EXPLAIN IN NARRATIVE,WEST 3RD,39.16464373,-86.58722028,"39.16464373,-86.58722028",42,Moderate rain at times
902496278,2015-08-06,Weekday,15:00:00,2-Car,No injury/unknown,UNSAFE BACKING,W BLOOMFIELD,39.15998862,-86.55307876,"39.15998862,-86.55307876",57,Moderate rain at times
902496305,2015-08-06,Weekday,16:00:00,2-Car,No injury/unknown,FOLLOWING TOO CLOSELY,E 10TH & UNION,39.171472,-86.509376,"39.171472,-86.509376",53,Moderate rain at times
902496321,2015-08-06,Weekday,17:00:00,2-Car,No injury/unknown,UNSAFE BACKING,JOHN HINKLE,39.16934431,-86.49170279,"39.16934431,-86.49170279",51,Moderate rain at times
902496391,2015-08-06,Weekday,13:00:00,2-Car,No injury/unknown,UNSAFE BACKING,S ROGERS,39.16061486,-86.538592,"39.16061486,-86.538592",57,Moderate rain at times
902496774,2015-08-07,Weekend,03:00:00,3+ Cars,Non-incapacitating,RAN OFF ROAD RIGHT,1ST & FAIRFAX,39.079552,-86.513392,"39.079552,-86.513392",0,Clear
902496775,2015-08-07,Weekend,23:00:00,1-Car,No injury/unknown,RAN OFF ROAD RIGHT,2ND & FAIRFAX,39.082144,-86.515488,"39.082144,-86.515488",0,Clear
902496800,2015-08-05,Weekday,06:00:00,2-Car,Incapacitating,DISREGARD SIGNAL/REG SIGN,SR37S & TAPP,39.13704,-86.572896,"39.13704,-86.572896",51,Clear
902496854,2015-08-01,Weekend,03:00:00,1-Car,No injury/unknown,RAN OFF ROAD RIGHT,SMITH PIKE & WOODYARD,39.29645022,-86.58307661,"39.29645022,-86.58307661",0,Clear
902496876,2015-08-01,Weekend,05:00:00,1-Car,No injury/unknown,RAN OFF ROAD RIGHT,MEADOWBROOK & PARK,39.165344,-86.484128,"39.165344,-86.484128",51,Clear
902496952,2015-08-01,Weekend,10:00:00,3+ Cars,Incapacitating,FOLLOWING TOO CLOSELY,E SOUTHERN OAKS & S SARE,39.17414154,-86.50045731,"39.17414154,-86.50045731",52,Clear
902497098,2015-08-06,Weekday,16:00:00,2-Car,No injury/unknown,OTHER LIGHTS DEFECTIVE,N LOESCH & W VERNAL,39.17920008,-86.59107425,"39.17920008,-86.59107425",37,Moderate rain at times
902497109,2015-08-01,Weekend,00:00:00,2-Car,No injury/unknown,UNSAFE BACKING,E 6TH & N WASHINGTON,39.167664,-86.5324,"39.167664,-86.5324",58,Clear
902497206,2015-08-07,Weekend,20:00:00,1-Car,No injury/unknown,UNSAFE BACKING,SR446S,39.135648,-86.462248,"39.135648,-86.462248",9,Clear
902497207,2015-08-01,Weekend,03:00:00,1-Car,No injury/unknown,RAN OFF ROAD RIGHT,SR37S,39.08384,-86.540768,"39.08384,-86.540768",0,Clear
902497208,2015-08-02,Weekday,01:00:00,1-Car,Non-incapacitating,ANIMAL/OBJECT IN ROADWAY,SR37S & WEST CHURCH,39.21290864,-86.53874969,"39.21290864,-86.53874969",16,Clear
902497370,2015-08-02,Weekday,07:00:00,Bus,No injury/unknown,OTHER (DRIVER) - EXPLAIN IN NARRATIVE,SR37 & SR45W,39.148144,-86.572992,"39.148144,-86.572992",51,Clear
902497750,2015-08-02,Weekday,12:00:00,2-Car,No injury/unknown,DRIVER DISTRACTED - EXPLAIN IN NARRATIVE,S VICTOR,39.10649041,-86.55034722,"39.10649041,-86.55034722",3,Clear
902497927,2015-08-02,Weekday,16:00:00,2-Car,No injury/unknown,FOLLOWING TOO CLOSELY,S COLLEGE & W 2ND,39.16144,-86.534848,"39.16144,-86.534848",58,Clear
902497937,2015-08-02,Weekday,17:00:00,2-Car,Non-incapacitating,FOLLOWING TOO CLOSELY,3RD & COLLEGE,39.16464,-86.534816,"39.16464,-86.534816",58,Clear
902497943,2015-08-02,Weekday,17:00:00,2-Car,No injury/unknown,UNSAFE BACKING,E 3RD,39.16423674,-86.49805388,"39.16423674,-86.49805388",52,Clear
902497994,2015-08-02,Weekday,17:00:00,2-Car,No injury/unknown,FOLLOWING TOO CLOSELY,S COLLEGE & W 4TH,39.165664,-86.5348,"39.165664,-86.5348",58,Clear
902498022,2015-08-02,Weekday,19:00:00,2-Car,No injury/unknown,DRIVER DISTRACTED - EXPLAIN IN NARRATIVE,OUTBACK & SR46W,39.2125206,-86.59179687,"39.2125206,-86.59179687",13,Clear
902498031,2015-08-02,Weekday,20:00:00,2-Car,Non-incapacitating,FOLLOWING TOO CLOSELY,LIBERTY & WEST 3RD STREET,39.1381741,-86.57913006,"39.1381741,-86.57913006",50,Clear
902498215,2015-08-02,Weekday,06:00:00,Moped/Motorcycle,No injury/unknown,ANIMAL/OBJECT IN ROADWAY,FAIRFAX & SCOTT,39.0583653,-86.498432,"39.0583653,-86.498432",3,Clear
902498240,2015-07-04,Weekday,13:00:00,2-Car,No injury/unknown,FAILURE TO YIELD RIGHT OF WAY,GRANT & SR46W,39.23836136,-86.62767791,"39.23836136,-86.62767791",1,Cloudy
902498265,2015-08-03,Weekday,11:00:00,2-Car,No injury/unknown,IMPROPER TURNING,E 2ND,39.16144,-86.53076506,"39.16144,-86.53076506",58,Clear
902498470,2015-08-02,Weekday,18:00:00,1-Car,Non-incapacitating,RAN OFF ROAD RIGHT,E SAMPLE & N OLD STATE ROAD 37,39.25864,-86.5012,"39.25864,-86.5012",0,Clear
902498510,2015-08-06,Weekday,16:00:00,2-Car,Incapacitating,FAILURE TO YIELD RIGHT OF WAY,SOUTH KNIGHTRIDGE & SR446S,39.14420245,-86.46687098,"39.14420245,-86.46687098",9,Moderate rain at times
902498576,2015-08-03,Weekday,15:00:00,2-Car,No injury/unknown,FAILURE TO YIELD RIGHT OF WAY,SOUTH LEONARD SPRINGS & WEST STATE 45,39.142048,-86.582592,"39.142048,-86.582592",50,Clear
902498618,2015-08-02,Weekday,19:00:00,1-Car,No injury/unknown,RAN OFF ROAD RIGHT,N PRAIRIE GREEN & SR45E,39.17421898,-86.4755783,"39.17421898,-86.4755783",26,Clear
902498633,2015-08-03,Weekday,20:00:00,1-Car,No injury/unknown,RAN OFF ROAD RIGHT,W REBA & W WOODHAVEN,39.126048,-86.574192,"39.126048,-86.574192",46,Clear
902498634,2015-08-03,Weekday,17:00:00,2-Car,No injury/unknown,FOLLOWING TOO CLOSELY,NORTH COLLEGE & WEST 10TH,39.171744,-86.534768,"39.171744,-86.534768",58,Clear
902498644,2015-07-06,Weekday,17:00:00,2-Car,No injury/unknown,FOLLOWING TOO CLOSELY,PARK & TEMPERANCE,39.22935002,-86.61848008,"39.22935002,-86.61848008",1,Clear
902498650,2015-08-02,Weekday,20:00:00,1-Car,No injury/unknown,RAN OFF ROAD RIGHT,GREENE COUNTY LINE & SR45W,39.10462952,-86.68258058,"39.10462952,-86.68258058",0,Clear
902498717,2015-08-03,Weekday,10:00:00,2-Car,No injury/unknown,LEFT OF CENTER,BROOKWOOD & RIDGEWOOD,39.212016,-86.59872,"39.212016,-86.59872",4,Clear
902498878,2015-08-04,Weekday,08:00:00,1-Car,No injury/unknown,RAN OFF ROAD RIGHT,SR37N & VERNAL,39.17285105,-86.56762445,"39.17285105,-86.56762445",51,Clear
902499029,2015-08-04,Weekday,12:00:00,2-Car,No injury/unknown,OTHER (DRIVER) - EXPLAIN IN NARRATIVE,N SMITH,39.172048,-86.4816,"39.172048,-86.4816",50,Clear
902499206,2015-08-04,Weekday,08:00:00,1-Car,No injury/unknown,UNSAFE BACKING,7TH & WOODLAWN,39.16864,-86.523392,"39.16864,-86.523392",56,Clear
902499395,2015-08-04,Weekday,18:00:00,Bus,Non-incapacitating,FAILURE TO YIELD RIGHT OF WAY,CHAFFIN CHAPEL & SR46W,39.2620697,-86.65039825,"39.2620697,-86.65039825",2,Clear
902499511,2015-08-04,Weekday,12:00:00,2-Car,No injury/unknown,OTHER (DRIVER) - EXPLAIN IN NARRATIVE,LIBERTY & SR45W,39.16043091,-86.57913927,"39.16043091,-86.57913927",50,Clear