Master Record Number,Date,Weekend?,Hour,Collision Type,Injury Type,Primary Factor,Reported_Location,Latitude,Longitude,Location,Number of Bars,Weather Condition
902499692,2015-08-05,Weekday,11:00:00,2-Car,Non-incapacitating,DRIVER DISTRACTED - EXPLAIN IN NARRATIVE,CLARIZZ & EAST THIRD,39.16424,-86.4908,"39.16424,-86.4908",51,Clear
902499836,2015-08-04,Weekday,13:00:00,2-Car,No injury/unknown,FAILURE TO YIELD RIGHT OF WAY,LYNWEST & N UNION VALLEY,39.21584,-86.5928,"39.21584,-86.5928",5,Clear
902499967,2015-08-05,Weekday,14:00:00,2-Car,No injury/unknown,FAILURE TO YIELD RIGHT OF WAY,SALE & SR46W,39.23384,-86.624704,"39.23384,-86.624704",1,Clear
902499987,2015-08-05,Weekday,18:00:00,2-Car,No injury/unknown,IMPROPER PASSING,W 3RD,39.16460954,-86.58341825,"39.16460954,-86.58341825",50,Clear
902500024,2015-08-05,Weekday,19:00:00,2-Car,No injury/unknown,DISREGARD SIGNAL/REG SIGN,OLD SR 37 & W CHURCH LANE,39.107248,-86.531392,"39.107248,-86.531392",3,Clear
902500042,2015-08-05,Weekday,17:00:00,2-Car,Incapacitating,FOLLOWING TOO CLOSELY,SOUTH CURRY & WEST 3RD,39.16463971,-86.58290271,"39.16463971,-86.58290271",50,Clear
902500044,2015-08-07,Weekend,23:00:00,2-Car,No injury/unknown,UNSAFE BACKING,WOODHAVEN & YELLOWSTONE,39.128048,-86.577664,"39.128048,-86.577664",47,Clear
902500214,2015-08-07,Weekend,07:00:00,2-Car,Incapacitating,LEFT OF CENTER,OLD ST 37 & W HOBART,39.01368968,-86.5409537,"39.01368968,-86.5409537",3,Clear
902500415,2015-08-06,Weekday,13:00:00,2-Car,Incapacitating,DISREGARD SIGNAL/REG SIGN,1ST & HENDERSON,39.15932022,-86.52714014,"39.15932022,-86.52714014",57,Moderate rain at times
902500416,2015-08-06,Weekday,14:00:00,2-Car,No injury/unknown,FAILURE TO YIELD RIGHT OF WAY,JACOB & S GATES,39.16562006,-86.57599993,"39.16562006,-86.57599993",50,Moderate rain at times
902500506,2015-08-06,Weekday,15:00:00,2-Car,No injury/unknown,FAILURE TO YIELD RIGHT OF WAY,GRAHAM & HENDERSON,39.13943969,-86.52692019,"39.13943969,-86.52692019",57,Moderate rain at times
902500659,2015-08-07,Weekend,00:00:00,1-Car,Non-incapacitating,ANIMAL/OBJECT IN ROADWAY,N WOODALL & W WOODLAND,39.28072,-86.583408,"39.28072,-86.583408",0,Clear
902500708,2015-08-06,Weekday,09:00:00,2-Car,No injury/unknown,OTHER (DRIVER) - EXPLAIN IN NARRATIVE,7TH & INDIANA,39.16864,-86.526944,"39.16864,-86.526944",57,Moderate rain at times
902500740,2015-08-06,Weekday,05:00:00,2-Car,Incapacitating,FAILURE TO YIELD RIGHT OF WAY,GATES & SR48W,39.16458572,-86.57619213,"39.16458572,-86.57619213",50,Moderate rain at times
902500741,2015-08-07,Weekend,09:00:00,2-Car,No injury/unknown,UNSAFE BACKING,FAIRVIEW & KIRKWOOD,39.16649801,-86.5408,"39.16649801,-86.5408",57,Clear
902500768,2015-08-07,Weekend,10:00:00,2-Car,No injury/unknown,DISREGARD SIGNAL/REG SIGN,3RD & INDIANA,39.164448,-86.5268,"39.164448,-86.5268",57,Clear
902500857,2015-08-07,Weekend,15:00:00,2-Car,No injury/unknown,IMPROPER TURNING,14TH & NORTH WALNUT,39.175952,-86.53344,"39.175952,-86.53344",58,Clear
902500862,2015-08-07,Weekend,15:00:00,Bus,No injury/unknown,UNSAFE BACKING,EAST 7TH,39.1684337,-86.52330391,"39.1684337,-86.52330391",56,Clear
902500895,2015-08-07,Weekend,21:00:00,2-Car,No injury/unknown,IMPROPER TURNING,E 3RD,39.16424,-86.49425989,"39.16424,-86.49425989",51,Clear
902500902,2015-08-01,Weekend,01:00:00,1-Car,Non-incapacitating,RAN OFF ROAD RIGHT,DRISCOLL & S WALNUT,39.1524598,-86.53370015,"39.1524598,-86.53370015",58,Clear
902500910,2015-08-06,Weekday,17:00:00,2-Car,Non-incapacitating,DRIVER DISTRACTED - EXPLAIN IN NARRATIVE,SR37S & W TAPP,39.13704,-86.572896,"39.13704,-86.572896",51,Moderate rain at times
902500911,2015-08-06,Weekend,21:00:00,2-Car,No injury/unknown,UNSAFE SPEED,N CURRY & SR46W,39.19377136,-86.5711975,"39.19377136,-86.5711975",50,Moderate rain at times
902500918,2015-08-03,Weekday,13:00:00,2-Car,No injury/unknown,FAILURE TO YIELD RIGHT OF WAY,SR37N & WHISNAND,39.23262822,-86.53192901,"39.23262822,-86.53192901",0,Clear
902500959,2015-08-01,Weekend,09:00:00,2-Car,No injury/unknown,IMPROPER LANE USAGE,E 2ND & PARK,39.16144,-86.523952,"39.16144,-86.523952",56,Clear
902501000,2015-08-01,Weekend,12:00:00,2-Car,Incapacitating,FOLLOWING TOO CLOSELY,7TH & SR46E,39.167648,-86.500096,"39.167648,-86.500096",52,Clear
902501023,2015-08-06,Weekday,14:00:00,2-Car,No injury/unknown,UNSAFE BACKING,3RD,39.164728,-86.57239,"39.164728,-86.57239",51,Moderate rain at times
902501028,2015-08-01,Weekend,12:00:00,2-Car,No injury/unknown,DRIVER DISTRACTED - EXPLAIN IN NARRATIVE,GORDON & OLD STATE ROAD 37,39.121552,-86.531296,"39.121552,-86.531296",30,Clear
902501041,2015-08-01,Weekend,12:00:00,2-Car,No injury/unknown,FOLLOWING TOO CLOSELY,DUNN & SR46W,39.186352,-86.528496,"39.186352,-86.528496",57,Clear
902501050,2015-08-01,Weekend,14:00:00,2-Car,No injury/unknown,SPEED TOO FAST FOR WEATHER CONDITIONS,7TH & JORDAN,39.168944,-86.516016,"39.168944,-86.516016",55,Clear
902501061,2015-08-01,Weekend,12:00:00,1-Car,Non-incapacitating,RAN OFF ROAD RIGHT,RATLIFF & THOMAS,38.8975569,-86.63040988,"38.8975569,-86.63040988",0,Clear
902501069,2015-08-01,Weekend,13:00:00,1-Car,No injury/unknown,SPEED TOO FAST FOR WEATHER CONDITIONS,LANAM & RUSSELL,39.1946999,-86.48918741,"39.1946999,-86.48918741",50,Clear
902501119,2015-08-07,Weekend,20:00:00,2-Car,No injury/unknown,FOLLOWING TOO CLOSELY,3RD & N WALNUT,39.16464,-86.5336,"39.16464,-86.5336",58,Clear
902501150,2015-08-01,Weekend,17:00:00,2-Car,No injury/unknown,FAILURE TO YIELD RIGHT OF WAY,10TH & GRANT,39.171696,-86.529696,"39.171696,-86.529696",58,Clear
902501171,2015-08-01,Weekday,19:00:00,2-Car,Non-incapacitating,FAILURE TO YIELD RIGHT OF WAY,EAST 10TH & PETE ELLIS,39.171504,-86.495312,"39.171504,-86.495312",52,Clear
902501189,2015-08-01,Weekend,17:00:00,2-Car,No injury/unknown,FAILURE TO YIELD RIGHT OF WAY,3RD & WALNUT,39.16464,-86.5336,"39.16464,-86.5336",58,Clear
902501201,2015-08-01,Weekend,13:00:00,2-Car,Non-incapacitating,FOLLOWING TOO CLOSELY,3RD & HIGH,39.164352,-86.508288,"39.164352,-86.508288",52,Clear
902501216,2015-08-01,Weekday,19:00:00,1-Car,No injury/unknown,RAN OFF ROAD RIGHT,8TH & ROGERS,39.169584,-86.538576,"39.169584,-86.538576",57,Clear
902501273,2015-08-01,Weekday,21:00:00,2-Car,No injury/unknown,FOLLOWING TOO CLOSELY,FRITZ & N WALNUT,39.191248,-86.532896,"39.191248,-86.532896",57,Clear
902501296,2015-08-01,Weekday,21:00:00,3+ Cars,Incapacitating,FAILURE TO YIELD RIGHT OF WAY,SR37S & TAPP,39.13704,-86.572896,"39.13704,-86.572896",51,Clear
902501355,2015-08-01,Weekend,13:00:00,2-Car,No injury/unknown,FOLLOWING TOO CLOSELY,10TH & SR46E,39.171648,-86.502096,"39.171648,-86.502096",52,Clear
902501436,2015-08-02,Weekday,08:00:00,2-Car,No injury/unknown,OTHER (VEHICLE) - EXPLAIN IN NARRATIVE,E 3RD,39.16424,-86.49224392,"39.16424,-86.49224392",51,Clear
902501513,2015-08-02,Weekday,10:00:00,2-Car,Non-incapacitating,FAILURE TO YIELD RIGHT OF WAY,6TH & ROGERS,39.16768,-86.538592,"39.16768,-86.538592",57,Clear
902501670,2015-08-02,Weekday,09:00:00,1-Car,No injury/unknown,RAN OFF ROAD RIGHT,S COLLEGE,39.16115717,-86.53485253,"39.16115717,-86.53485253",58,Clear
902501707,2015-08-02,Weekday,11:00:00,2-Car,No injury/unknown,OTHER (DRIVER) - EXPLAIN IN NARRATIVE,SR37N & W VERNAL,39.176544,-86.5624,"39.176544,-86.5624",51,Clear
902501974,2015-08-02,Weekday,15:00:00,3+ Cars,Non-incapacitating,FOLLOWING TOO CLOSELY,S CORY & W 3RD,39.164544,-86.560096,"39.164544,-86.560096",51,Clear
902501989,2015-08-07,Weekend,13:00:00,2-Car,No injury/unknown,OVERCORRECTING/OVERSTEERING,N MORTON,39.16786971,-86.536,"39.16786971,-86.536",58,Clear
902502011,2015-08-02,Weekday,16:00:00,2-Car,Non-incapacitating,FAILURE TO YIELD RIGHT OF WAY,17TH & ARLINGTON PARK,39.17911023,-86.5540903,"39.17911023,-86.5540903",55,Clear
902502033,2015-08-02,Weekday,17:00:00,2-Car,Non-incapacitating,FOLLOWING TOO CLOSELY,BLOOMFIELD & OAKDALE,39.1487068,-86.57121991,"39.1487068,-86.57121991",51,Clear
902502080,2015-08-02,Weekday,03:00:00,1-Car,No injury/unknown,RAN OFF ROAD RIGHT,JOHN YOUNG & SHILO,39.26518382,-86.43351561,"39.26518382,-86.43351561",1,Clear
902502090,2015-08-02,Weekday,22:00:00,3+ Cars,No injury/unknown,IMPROPER TURNING,EAST 3RD & SOUTH BALLANTINE,39.16427024,-86.51912972,"39.16427024,-86.51912972",55,Clear
902502148,2015-08-06,Weekday,09:00:00,2-Car,No injury/unknown,OTHER (DRIVER) - EXPLAIN IN NARRATIVE,3RD & WALNUT,39.16464,-86.5336,"39.16464,-86.5336",58,Moderate rain at times
902502280,2015-08-05,Weekday,08:00:00,2-Car,No injury/unknown,DISREGARD SIGNAL/REG SIGN,HARTSTRAIT & VERNAL,39.18676995,-86.6112703,"39.18676995,-86.6112703",6,Clear
902502281,2015-08-05,Weekday,11:00:00,2-Car,No injury/unknown,FAILURE TO YIELD RIGHT OF WAY,SIMPSON CHAPEL & SR37N,39.280496,-86.522864,"39.280496,-86.522864",0,Clear
902502524,2015-08-03,Weekday,16:00:00,2-Car,No injury/unknown,FOLLOWING TOO CLOSELY,CONSTITUTION & LIBERTY,39.149552,-86.575936,"39.149552,-86.575936",50,Clear
902502697,2015-08-02,Weekday,05:00:00,2-Car,No injury/unknown,FOLLOWING TOO CLOSELY,ISON & SR45W,39.10810089,-86.63700103,"39.10810089,-86.63700103",0,Clear
902502698,2015-08-04,Weekday,00:00:00,1-Car,No injury/unknown,RAN OFF ROAD RIGHT,PINEHURST & SOUTHER PINES,39.13851969,-86.54742971,"39.13851969,-86.54742971",57,Clear
902502993,2015-08-04,Weekday,13:00:00,2-Car,No injury/unknown,IMPROPER TURNING,E KIRKWOOD,39.16678078,-86.52203053,"39.16678078,-86.52203053",56,Clear
902503132,2015-08-02,Weekday,15:00:00,2-Car,No injury/unknown,SPEED TOO FAST FOR WEATHER CONDITIONS,SR37S & W FULLERTON,39.122352,-86.5712,"39.122352,-86.5712",36,Clear
902503275,2015-08-04,Weekday,15:00:00,1-Car,No injury/unknown,UNSAFE BACKING,E 7TH,39.168144,-86.510992,"39.168144,-86.510992",54,Clear
902503312,2015-08-04,Weekday,13:00:00,2-Car,Non-incapacitating,UNSAFE LANE MOVEMENT,N WALNUT & W 14TH,39.175952,-86.53344,"39.175952,-86.53344",58,Clear
902503316,2015-08-04,Weekday,16:00:00,2-Car,No injury/unknown,UNSAFE BACKING,E 13TH,39.17521746,-86.52061527,"39.17521746,-86.52061527",55,Clear
902503325,2015-08-04,Weekday,16:00:00,2-Car,No injury/unknown,FAILURE TO YIELD RIGHT OF WAY,7TH & UNION,39.16816257,-86.51001745,"39.16816257,-86.51001745",53,Clear
902503379,2015-08-04,Weekday,19:00:00,2-Car,No injury/unknown,UNSAFE SPEED,10TH & SR4546,39.176848,-86.478192,"39.176848,-86.478192",44,Clear
902503387,2015-08-04,Weekday,20:00:00,2-Car,No injury/unknown,UNSAFE BACKING,EAST 7TH,39.168752,-86.5436,"39.168752,-86.5436",57,Clear
902503398,2015-08-04,Weekday,19:00:00,2-Car,No injury/unknown,FAILURE TO YIELD RIGHT OF WAY,ATWATER & INDIANA,39.16323021,-86.52783013,"39.16323021,-86.52783013",57,Clear
902503404,2015-08-04,Weekday,17:00:00,2-Car,Non-incapacitating,FAILURE TO YIELD RIGHT OF WAY,PROFILE & SR48W,39.1647376,-86.5925978,"39.1647376,-86.5925978",23,Clear
902503413,2015-08-04,Weekday,14:00:00,2-Car,Non-incapacitating,FOLLOWING TOO CLOSELY,SR37 & WEST 3RD,39.164752,-86.573104,"39.164752,-86.573104",51,Clear
902503445,2015-08-04,Weekday,23:00:00,2-Car,Non-incapacitating,OTHER (DRIVER) - EXPLAIN IN NARRATIVE,S WALNUT,39.16037061,-86.5336,"39.16037061,-86.5336",58,Clear
902503495,2015-08-03,Weekday,20:00:00,Moped/Motorcycle,Non-incapacitating,RAN OFF ROAD RIGHT,FAIRFAX & THIRD,39.1858669,-86.51451028,"39.1858669,-86.51451028",54,Clear
902503502,2015-08-04,Weekday,12:00:00,2-Car,No injury/unknown,FAILURE TO YIELD RIGHT OF WAY,13TH & WALNUT,39.175232,-86.520976,"39.175232,-86.520976",55,Clear
902503597,2015-08-05,Weekday,06:00:00,3+ Cars,Incapacitating,LEFT OF CENTER,SR46W & W FLATWOOD,39.25254059,-86.67625151,"39.25254059,-86.67625151",2,Clear
902503645,2015-08-04,Weekday,13:00:00,2-Car,No injury/unknown,UNSAFE BACKING,N MORTON & W 7TH,39.168672,-86.536,"39.168672,-86.536",58,Clear
902503662,2015-08-05,Weekday,11:00:00,2-Car,No injury/unknown,OTHER (DRIVER) - EXPLAIN IN NARRATIVE,SR37 & SR45W,39.148144,-86.572992,"39.148144,-86.572992",51,Clear
902503663,2015-08-05,Weekday,11:00:00,2-Car,No injury/unknown,FAILURE TO YIELD RIGHT OF WAY,3RD & WESTPLEX,39.16440971,-86.55389986,"39.16440971,-86.55389986",55,Clear
902503681,2015-08-05,Weekday,12:00:00,2-Car,No injury/unknown,UNSAFE BACKING,N UNION,39.172144,-86.509392,"39.172144,-86.509392",53,Clear
902503751,2015-08-05,Weekday,12:00:00,2-Car,No injury/unknown,FOLLOWING TOO CLOSELY,E 3RD & SR46S,39.16424,-86.473296,"39.16424,-86.473296",19,Clear
902503894,2015-08-05,Weekday,15:00:00,2-Car,No injury/unknown,FAILURE TO YIELD RIGHT OF WAY,S WALNUT,39.142555,-86.531238,"39.142555,-86.531238",58,Clear
902503974,2015-08-05,Weekday,15:00:00,2-Car,Non-incapacitating,LEFT OF CENTER,FEE & N JORDAN,39.18384,-86.5192,"39.18384,-86.5192",54,Clear
902505079,2015-08-01,Weekend,11:00:00,2-Car,No injury/unknown,OTHER (DRIVER) - EXPLAIN IN NARRATIVE,SR46W & UNION VALLEY,39.215152,-86.5928,"39.215152,-86.5928",5,Clear
902505094,2015-08-01,Weekend,13:00:00,2-Car,No injury/unknown,OTHER (VEHICLE) - EXPLAIN IN NARRATIVE,E 3RD,39.16464,-86.56913891,"39.16464,-86.56913891",51,Clear
902505111,2015-08-07,Weekend,15:00:00,3+ Cars,Incapacitating,IMPROPER TURNING,SAMPLE & SR37N,39.26670898,-86.52277632,"39.26670898,-86.52277632",0,Clear
902505316,2015-08-01,Weekend,17:00:00,Cyclist,Incapacitating,OTHER (DRIVER) - EXPLAIN IN NARRATIVE,3RD & ROSE,39.164352,-86.510944,"39.164352,-86.510944",53,Clear
902505339,2015-08-01,Weekend,18:00:00,2-Car,Incapacitating,FOLLOWING TOO CLOSELY,SR4546W & WALNUT,39.186368,-86.5344,"39.186368,-86.5344",57,Clear
902505354,2015-08-07,Weekend,18:00:00,2-Car,No injury/unknown,FOLLOWING TOO CLOSELY,BURMA & SR37N,39.314272,-86.511552,"39.314272,-86.511552",0,Clear
902505501,2015-08-07,Weekend,09:00:00,2-Car,No injury/unknown,UNSAFE BACKING,BELLE & HICKORY,39.16344,-86.58584,"39.16344,-86.58584",47,Clear
902505573,2015-08-01,Weekend,07:00:00,2-Car,No injury/unknown,UNSAFE BACKING,9TH & JACKSON,39.17017478,-86.53973209,"39.17017478,-86.53973209",57,Clear
902505679,2015-08-01,Weekend,14:00:00,2-Car,No injury/unknown,OTHER (DRIVER) - EXPLAIN IN NARRATIVE,S LINCOLN,39.15416261,-86.531152,"39.15416261,-86.531152",58,Clear
902505741,2015-08-02,Weekday,11:00:00,2-Car,No injury/unknown,DISREGARD SIGNAL/REG SIGN,ATWATER & JORDAN,39.16304983,-86.51638984,"39.16304983,-86.51638984",55,Clear
902505885,2015-08-02,Weekday,14:00:00,2-Car,No injury/unknown,FAILURE TO YIELD RIGHT OF WAY,HILLSIDE & WOODLAWN,39.15072,-86.522496,"39.15072,-86.522496",56,Clear
902505886,2015-08-01,Weekend,00:00:00,2-Car,No injury/unknown,,6TH & MORTON,39.167664,-86.536,"39.167664,-86.536",58,Clear
902505999,2015-08-02,Weekday,19:00:00,2-Car,Non-incapacitating,FOLLOWING TOO CLOSELY,10TH & JORDAN,39.171552,-86.515728,"39.171552,-86.515728",55,Clear
902506006,2015-08-02,Weekday,19:00:00,2-Car,Incapacitating,UNSAFE LANE MOVEMENT,7TH & N WALNUT,39.16864,-86.533568,"39.16864,-86.533568",58,Clear
902506021,2015-08-02,Weekday,22:00:00,2-Car,No injury/unknown,FAILURE TO YIELD RIGHT OF WAY,FEE & NORTH JORDAN,39.18384,-86.5192,"39.18384,-86.5192",54,Clear
902506145,2015-08-03,Weekday,07:00:00,2-Car,No injury/unknown,UNSAFE BACKING,SOUTH SR 446,39.14213705,-86.52705713,"39.14213705,-86.52705713",57,Clear
902506146,2015-08-03,Weekday,08:00:00,2-Car,No injury/unknown,FAILURE TO YIELD RIGHT OF WAY,7TH & COLLEGE,39.168656,-86.534784,"39.168656,-86.534784",58,Clear
902506162,2015-08-03,Weekday,08:00:00,2-Car,No injury/unknown,DISREGARD SIGNAL/REG SIGN,N DUNN & SR4546E,39.186352,-86.528496,"39.186352,-86.528496",57,Clear
902506174,2015-08-03,Weekday,08:00:00,2-Car,No injury/unknown,FAILURE TO YIELD RIGHT OF WAY,DIXIE & LINCOLN,39.156576,-86.53112,"39.156576,-86.53112",58,Clear
902506292,2015-08-03,Weekday,12:00:00,2-Car,No injury/unknown,OTHER (DRIVER) - EXPLAIN IN NARRATIVE,MOORES & WINFIELD,39.150496,-86.501088,"39.150496,-86.501088",52,Clear
902506478,2015-08-03,Weekday,19:00:00,Pedestrian,Non-incapacitating,DISREGARD SIGNAL/REG SIGN,3RD & WOODLAWN,39.164352,-86.522592,"39.164352,-86.522592",56,Clear
902506571,2015-08-03,Weekday,12:00:00,2-Car,No injury/unknown,OTHER (DRIVER) - EXPLAIN IN NARRATIVE,GRIMES & WOODLAWN,39.153344,-86.522512,"39.153344,-86.522512",56,Clear
902506825,2015-08-02,Weekday,04:00:00,2-Car,No injury/unknown,,MAYBURY MALL,39.13146481,-86.5807528,"39.13146481,-86.5807528",50,Clear
902506865,2015-08-04,Weekday,17:00:00,2-Car,No injury/unknown,FOLLOWING TOO CLOSELY,10TH & SR46S,39.17202295,-86.5023153,"39.17202295,-86.5023153",52,Clear
902506914,2015-08-03,Weekday,15:00:00,2-Car,No injury/unknown,UNSAFE BACKING,E ATWATER & S HIGHLAND,39.1632,-86.517584,"39.1632,-86.517584",55,Clear
902506956,2015-08-03,Weekday,15:00:00,2-Car,Incapacitating,FAILURE TO YIELD RIGHT OF WAY,CHERRY & S FAIRFAX,39.09784,-86.5168,"39.09784,-86.5168",1,Clear
902506957,2015-08-02,Weekday,16:00:00,2-Car,Non-incapacitating,FOLLOWING TOO CLOSELY,BUNGER & SR45W,39.12848101,-86.6056907,"39.12848101,-86.6056907",6,Clear
902507180,2015-08-05,Weekday,10:00:00,2-Car,No injury/unknown,IMPROPER LANE USAGE,E 10TH,39.17157747,-86.51808392,"39.17157747,-86.51808392",55,Clear
902507226,2015-08-05,Weekday,12:00:00,2-Car,No injury/unknown,UNSAFE LANE MOVEMENT,10TH & LINCOLN,39.171712,-86.530992,"39.171712,-86.530992",58,Clear
902507294,2015-08-05,Weekday,14:00:00,Bus,No injury/unknown,UNSAFE BACKING,E 10TH,39.17161826,-86.5006487,"39.17161826,-86.5006487",52,Clear
902507348,2015-08-05,Weekday,17:00:00,2-Car,No injury/unknown,FOLLOWING TOO CLOSELY,VERMILYA & WALNUT,39.148928,-86.53312,"39.148928,-86.53312",58,Clear
902507377,2015-08-05,Weekday,00:00:00,2-Car,No injury/unknown,UNSAFE LANE MOVEMENT,1216 W 11TH & MONROE,39.17323424,-86.54712718,"39.17323424,-86.54712718",57,Clear
902507438,2015-08-04,Weekday,03:00:00,2-Car,Incapacitating,LEFT OF CENTER,HARMONY & SR45W,39.111024,-86.638304,"39.111024,-86.638304",0,Clear
902507451,2015-08-06,Weekday,01:00:00,2-Car,No injury/unknown,FOLLOWING TOO CLOSELY,EAST 12TH & NORTH WALNUT,39.174352,-86.533472,"39.174352,-86.533472",58,Moderate rain at times
902507488,2015-08-06,Weekday,06:00:00,2-Car,No injury/unknown,FOLLOWING TOO CLOSELY,10TH & SR46E,39.171648,-86.502096,"39.171648,-86.502096",52,Moderate rain at times
902507527,2015-08-04,Weekday,14:00:00,2-Car,No injury/unknown,FAILURE TO YIELD RIGHT OF WAY,S LIBERTY,39.145264,-86.577616,"39.145264,-86.577616",50,Clear
902507659,2015-08-06,Weekday,08:00:00,2-Car,No injury/unknown,FAILURE TO YIELD RIGHT OF WAY,10TH & DUNN,39.17168,-86.528256,"39.17168,-86.528256",58,Moderate rain at times
902507661,2015-08-06,Weekday,08:00:00,2-Car,No injury/unknown,DISREGARD SIGNAL/REG SIGN,COVENANTER & S HIGH,39.15424,-86.508288,"39.15424,-86.508288",52,Moderate rain at times
902507751,2015-08-03,Weekday,06:00:00,2-Car,No injury/unknown,UNSAFE BACKING,CURRY & VERNAL,39.17915985,-86.58308029,"39.17915985,-86.58308029",50,Clear
902507759,2015-08-06,Weekday,09:00:00,3+ Cars,No injury/unknown,DRIVER DISTRACTED - EXPLAIN IN NARRATIVE,10TH & UNION,39.171472,-86.509376,"39.171472,-86.509376",53,Moderate rain at times
902507815,2015-08-03,Weekday,11:00:00,2-Car,No injury/unknown,FAILURE TO YIELD RIGHT OF WAY,RAYLE & TAPP,39.13704,-86.577504,"39.13704,-86.577504",50,Clear
902507956,2015-08-04,Weekday,17:00:00,1-Car,No injury/unknown,UNSAFE BACKING,N JOHNSON,39.16951242,-86.564992,"39.16951242,-86.564992",51,Clear
902508035,2015-08-07,Weekend,10:00:00,2-Car,No injury/unknown,UNSAFE BACKING,S WALNUT,39.14572622,-86.53217956,"39.14572622,-86.53217956",58,Clear
902508036,2015-08-07,Weekend,08:00:00,2-Car,No injury/unknown,,E 4TH & S CLARK,39.165648,-86.5048,"39.165648,-86.5048",52,Clear
902508053,2015-08-07,Weekend,12:00:00,2-Car,No injury/unknown,FAILURE TO YIELD RIGHT OF WAY,17TH & DUNN,39.17904,-86.5284,"39.17904,-86.5284",58,Clear
902508058,2015-08-06,Weekend,22:00:00,Moped/Motorcycle,No injury/unknown,FAILURE TO YIELD RIGHT OF WAY,7TH & JORDAN,39.168944,-86.516016,"39.168944,-86.516016",55,Moderate rain at times
902508086,2015-08-06,Weekday,14:00:00,2-Car,No injury/unknown,FOLLOWING TOO CLOSELY,DILLMAN & SOUTH OLD STATE ROAD 37,39.092944,-86.544,"39.092944,-86.544",1,Moderate rain at times
902508087,2015-08-06,Weekday,16:00:00,2-Car,No injury/unknown,FOLLOWING TOO CLOSELY,W TAPP,39.13704,-86.572896,"39.13704,-86.572896",51,Moderate rain at times
902508110,2015-08-06,Weekday,18:00:00,2-Car,No injury/unknown,FOLLOWING TOO CLOSELY,E 7TH & SR46E,39.167648,-86.500096,"39.167648,-86.500096",52,Moderate rain at times
902508111,2015-08-06,Weekday,16:00:00,2-Car,No injury/unknown,FOLLOWING TOO CLOSELY,CURRY & W 3RD,39.16463971,-86.58292002,"39.16463971,-86.58292002",50,Moderate rain at times
902508112,2015-08-06,Weekend,21:00:00,2-Car,No injury/unknown,UNSAFE LANE MOVEMENT,PATTERSON,39.115248,-86.573504,"39.115248,-86.573504",5,Moderate rain at times
902508259,2015-08-02,Weekday,00:00:00,2-Car,No injury/unknown,IMPROPER LANE USAGE,FLEENER & HASH,39.172656,-86.400688,"39.172656,-86.400688",0,Clear
902508260,2015-08-02,Weekday,12:00:00,2-Car,No injury/unknown,FOLLOWING TOO CLOSELY,3RD & COLLEGE MALL,39.16424,-86.4984,"39.16424,-86.4984",52,Clear
902508339,2015-08-01,Weekend,01:00:00,1-Car,No injury/unknown,OTHER (DRIVER) - EXPLAIN IN NARRATIVE,17TH & WALNUT,39.17904,-86.53163343,"39.17904,-86.53163343",58,Clear
902508575,2015-08-06,Weekday,13:00:00,2-Car,No injury/unknown,FAILURE TO YIELD RIGHT OF WAY,RHORER & SOUTH WALNUT STREET,39.12144,-86.526496,"39.12144,-86.526496",29,Moderate rain at times
902509034,2015-08-01,Weekend,11:00:00,2-Car,No injury/unknown,FAILURE TO YIELD RIGHT OF WAY,10TH & COLLEGE,39.171744,-86.534768,"39.171744,-86.534768",58,Clear
902509035,2015-08-01,Weekend,09:00:00,3+ Cars,Incapacitating,DISREGARD SIGNAL/REG SIGN,SR37S & W TAPP,39.13704,-86.572896,"39.13704,-86.572896",51,Clear
902509092,2015-08-02,Weekday,17:00:00,2-Car,No injury/unknown,OTHER (DRIVER) - EXPLAIN IN NARRATIVE,45,39.16424,-86.48664897,"39.16424,-86.48664897",51,Clear
902509117,2015-08-07,Weekend,17:00:00,2-Car,No injury/unknown,FOLLOWING TOO CLOSELY,E 3RD & S COLLEGE MALL,39.16424,-86.4984,"39.16424,-86.4984",52,Clear
902509135,2015-08-01,Weekend,14:00:00,2-Car,No injury/unknown,OTHER (DRIVER) - EXPLAIN IN NARRATIVE,HIGH & MOORES,39.150544,-86.508288,"39.150544,-86.508288",52,Clear
902509295,2015-08-06,Weekday,12:00:00,2-Car,No injury/unknown,UNSAFE BACKING,E 3RD,39.164465,-86.54881114,"39.164465,-86.54881114",57,Moderate rain at times
902509363,2015-08-01,Weekend,14:00:00,2-Car,No injury/unknown,FOLLOWING TOO CLOSELY,1ST & S COLLEGE,39.17688,-86.534736,"39.17688,-86.534736",58,Clear
902509414,2015-08-06,Weekday,12:00:00,2-Car,No injury/unknown,UNSAFE BACKING,DANIELS,39.16671172,-86.59908838,"39.16671172,-86.59908838",7,Moderate rain at times
902510278,2015-08-02,Weekday,09:00:00,1-Car,No injury/unknown,UNSAFE BACKING,W 6TH & W JACKSON,39.16768,-86.539808,"39.16768,-86.539808",57,Clear
902510325,2015-08-07,Weekend,10:00:00,2-Car,No injury/unknown,OTHER (VEHICLE) - EXPLAIN IN NARRATIVE,410 E 6TH & N GRANT,39.167712,-86.529696,"39.167712,-86.529696",58,Clear
902510654,2015-08-02,Weekday,06:00:00,2-Car,Incapacitating,DRIVER ASLEEP OR FATIGUED,SR37 & TAPP,39.13652039,-86.55490112,"39.13652039,-86.55490112",54,Clear
902510737,2015-08-01,Weekend,13:00:00,2-Car,No injury/unknown,FAILURE TO YIELD RIGHT OF WAY,COTTAGE GROVE & INDIANA,39.17264,-86.52704,"39.17264,-86.52704",57,Clear