Master Record Number,Date,Weekend?,Hour,Collision Type,Injury Type,Primary Factor,Reported_Location,Latitude,Longitude,Location,Number of Bars,Weather Condition
902510766,2015-08-02,Weekday,12:00:00,2-Car,No injury/unknown,FAILURE TO YIELD RIGHT OF WAY,E 15TH & N WALNUTST,39.176848,-86.533424,"39.176848,-86.533424",58,Clear
902511055,2015-08-02,Weekday,15:00:00,1-Car,No injury/unknown,OTHER (VEHICLE) - EXPLAIN IN NARRATIVE,RENWICK,39.14958954,-86.50096893,"39.14958954,-86.50096893",52,Clear
902511581,2015-08-02,Weekday,16:00:00,2-Car,No injury/unknown,FOLLOWING TOO CLOSELY,LOVE & SR46W,39.219152,-86.602304,"39.219152,-86.602304",2,Clear
902511654,2015-08-02,Weekday,17:00:00,2-Car,No injury/unknown,UNSAFE BACKING,1ST & WALKER,39.15946975,-86.54602886,"39.15946975,-86.54602886",57,Clear
902512194,2015-09-03,Weekday,07:00:00,2-Car,No injury/unknown,UNSAFE SPEED,10TH & JORDAN,39.171552,-86.515728,"39.171552,-86.515728",55,Clear
902512396,2015-09-03,Weekday,10:00:00,2-Car,No injury/unknown,FAILURE TO YIELD RIGHT OF WAY,COLLEGE MALL,39.16424,-86.4984,"39.16424,-86.4984",52,Clear
902512670,2015-08-02,Weekday,15:00:00,Cyclist,No injury/unknown,OTHER (DRIVER) - EXPLAIN IN NARRATIVE,E COVENANTER & SO COLLEGE MALL,39.155152,-86.497888,"39.155152,-86.497888",52,Clear
902512796,2015-09-03,Weekday,13:00:00,Bus,No injury/unknown,UNSAFE LANE MOVEMENT,BALFOUR & N JORDAN EXTENSION,39.18240585,-86.51259862,"39.18240585,-86.51259862",54,Clear
902513090,2015-09-03,Weekday,16:00:00,2-Car,No injury/unknown,FOLLOWING TOO CLOSELY,HICKORY LEAF & SR45W,39.145152,-86.5776,"39.145152,-86.5776",50,Clear
902513094,2015-09-03,Weekday,13:00:00,2-Car,No injury/unknown,FOLLOWING TOO CLOSELY,W 3RD,39.164752,-86.573104,"39.164752,-86.573104",51,Clear
902513122,2015-09-03,Weekday,13:00:00,2-Car,No injury/unknown,UNSAFE BACKING,S COLLEGE,39.17088686,-86.534768,"39.17088686,-86.534768",58,Clear
902513181,2015-09-03,Weekday,17:00:00,2-Car,No injury/unknown,IMPROPER PASSING,S COLLEGE,39.16115717,-86.53485253,"39.16115717,-86.53485253",58,Clear
902513384,2015-09-03,Weekday,12:00:00,2-Car,No injury/unknown,UNSAFE LANE MOVEMENT,DANIELS,39.16809464,-86.6001892,"39.16809464,-86.6001892",7,Clear
902513424,2015-09-03,Weekday,10:00:00,2-Car,No injury/unknown,OTHER (DRIVER) - EXPLAIN IN NARRATIVE,6TH & GRANT,39.16743734,-86.529696,"39.16743734,-86.529696",58,Clear
902513438,2015-09-03,Weekday,09:00:00,2-Car,Incapacitating,FAILURE TO YIELD RIGHT OF WAY,BLUE RIDGE & WALNUT,39.19605806,-86.53409885,"39.19605806,-86.53409885",55,Clear
902513650,2015-09-04,Weekday,12:00:00,2-Car,No injury/unknown,LEFT OF CENTER,GRIMES & WALNUT,39.15335029,-86.53371021,"39.15335029,-86.53371021",58,Clear
902513651,2015-09-03,Weekday,15:00:00,2-Car,No injury/unknown,FAILURE TO YIELD RIGHT OF WAY,N MORTON & W 11TH,39.173216,-86.536,"39.173216,-86.536",58,Clear
902513658,2015-08-05,Weekday,15:00:00,2-Car,No injury/unknown,IMPROPER LANE USAGE,HAWTHORNE & HUNTER,39.16224,-86.52016,"39.16224,-86.52016",55,Clear
902513767,2015-09-04,Weekday,15:00:00,2-Car,No injury/unknown,UNSAFE LANE MOVEMENT,10TH & JORDAN,39.17155391,-86.51590441,"39.17155391,-86.51590441",55,Clear
902513847,2015-09-04,Weekday,17:00:00,2-Car,No injury/unknown,FOLLOWING TOO CLOSELY,HILLSIDE & WOODLAWN,39.15052995,-86.52261994,"39.15052995,-86.52261994",56,Clear
902513875,2015-09-04,Weekday,17:00:00,2-Car,No injury/unknown,UNSAFE BACKING,E 3RD,39.164272,-86.50232131,"39.164272,-86.50232131",52,Clear
902513920,2015-09-04,Weekday,16:00:00,Bus,No injury/unknown,UNSAFE BACKING,W ALLEN,39.15574596,-86.54770384,"39.15574596,-86.54770384",57,Clear
902513974,2015-09-04,Weekday,22:00:00,2-Car,No injury/unknown,FOLLOWING TOO CLOSELY,3RD & JORDAN,39.16424,-86.5164,"39.16424,-86.5164",55,Clear
902514043,2015-08-03,Weekday,09:00:00,2-Car,No injury/unknown,OVERCORRECTING/OVERSTEERING,ADAMS,39.164544,-86.552192,"39.164544,-86.552192",57,Clear
902514176,2015-09-05,Weekday,11:00:00,2-Car,No injury/unknown,UNSAFE BACKING,W 3RD,39.16516495,-86.57852172,"39.16516495,-86.57852172",50,Clear
902514185,2015-09-05,Weekday,11:00:00,2-Car,No injury/unknown,FAILURE TO YIELD RIGHT OF WAY,FOREST PARK & SR46W,39.2123644,-86.58817795,"39.2123644,-86.58817795",21,Clear
902514198,2015-09-05,Weekday,11:00:00,2-Car,No injury/unknown,DISREGARD SIGNAL/REG SIGN,10TH & SR46W,39.171648,-86.502096,"39.171648,-86.502096",52,Clear
902514211,2015-09-05,Weekday,10:00:00,2-Car,No injury/unknown,DRIVER DISTRACTED - EXPLAIN IN NARRATIVE,SR37S & VICTOR,39.105552,-86.551104,"39.105552,-86.551104",3,Clear
902514225,2015-09-05,Weekday,11:00:00,2-Car,No injury/unknown,FAILURE TO YIELD RIGHT OF WAY,DANIELS WAY & STATE ROAD 48,39.15422548,-86.59909978,"39.15422548,-86.59909978",7,Clear
902514280,2015-09-05,Weekday,09:00:00,Moped/Motorcycle,Fatal,DISREGARD SIGNAL/REG SIGN,SR37S & VICTOR,39.105552,-86.551104,"39.105552,-86.551104",3,Clear
902514396,2015-09-05,Weekday,15:00:00,2-Car,No injury/unknown,FAILURE TO YIELD RIGHT OF WAY,N WALNUT & W 7TH,39.16864,-86.533568,"39.16864,-86.533568",58,Clear
902514472,2015-09-05,Weekday,17:00:00,2-Car,Non-incapacitating,FOLLOWING TOO CLOSELY,ATWATER & HIGHLAND,39.1632,-86.517584,"39.1632,-86.517584",55,Clear
902514496,2015-09-05,Weekday,19:00:00,2-Car,No injury/unknown,DISREGARD SIGNAL/REG SIGN,3RD & LINCOLN,39.16464,-86.531024,"39.16464,-86.531024",58,Clear
902534157,2015-10-03,Weekday,15:00:00,2-Car,No injury/unknown,STEERING FAILURE,LAKEVIEW & SR46W,39.22148334,-86.60616326,"39.22148334,-86.60616326",1,Heavy rain at times
902534162,2015-10-03,Weekday,17:00:00,2-Car,No injury/unknown,FAILURE TO YIELD RIGHT OF WAY,NORTH COLLEGE & WEST 11TH,39.173232,-86.534752,"39.173232,-86.534752",58,Heavy rain at times
902534167,2015-10-03,Weekday,17:00:00,3+ Cars,No injury/unknown,FOLLOWING TOO CLOSELY,SOUTH OLD STATE ROAD 37 & WAYSIDE,39.109248,-86.53128,"39.109248,-86.53128",4,Heavy rain at times
902534178,2015-10-02,Weekday,13:00:00,2-Car,No injury/unknown,IMPROPER TURNING,KIRKWOOD & NORTH WALNUT,39.16664,-86.5336,"39.16664,-86.5336",58,Clear
902534181,2015-10-03,Weekday,20:00:00,2-Car,No injury/unknown,OTHER (DRIVER) - EXPLAIN IN NARRATIVE,2ND & MADISON,39.161488,-86.537296,"39.161488,-86.537296",58,Heavy rain at times
902534221,2015-10-07,Weekend,02:00:00,1-Car,No injury/unknown,RAN OFF ROAD RIGHT,N BOTTOM & W MAPLE GROVE,39.24727991,-86.54774652,"39.24727991,-86.54774652",0,Clear
902534258,2015-10-01,Weekend,01:00:00,1-Car,No injury/unknown,ROADWAY SURFACE CONDITION,WEST ARLINGTON,39.185048,-86.550584,"39.185048,-86.550584",56,Clear
902534297,2015-10-05,Weekday,11:00:00,1-Car,No injury/unknown,LEFT OF CENTER,E DEVINSHIRE COURT & RUSSELL ROAD,39.17996988,-86.48165355,"39.17996988,-86.48165355",50,Clear
902534299,2015-10-07,Weekend,16:00:00,1-Car,No injury/unknown,ROADWAY SURFACE CONDITION,GIFFORD & PARK SQUARE,39.154448,-86.591696,"39.154448,-86.591696",32,Clear
902534300,2015-10-01,Weekend,14:00:00,1-Car,No injury/unknown,DRIVER DISTRACTED - EXPLAIN IN NARRATIVE,LOESCH & W OLD VERNAL,39.29203297,-86.59263968,"39.29203297,-86.59263968",0,Clear
902534322,2015-10-04,Weekday,07:00:00,2-Car,No injury/unknown,IMPROPER LANE USAGE,3RD,39.164752,-86.573104,"39.164752,-86.573104",51,Cloudy
902534376,2015-10-07,Weekend,08:00:00,1-Car,No injury/unknown,DRIVER DISTRACTED - EXPLAIN IN NARRATIVE,S ROCKPORT & S VICTOR,39.053744,-86.606304,"39.053744,-86.606304",0,Clear
902534381,2015-10-04,Weekday,06:00:00,1-Car,No injury/unknown,ANIMAL/OBJECT IN ROADWAY,17TH & SR46E,39.18077171,-86.50838423,"39.18077171,-86.50838423",52,Cloudy
902534491,2015-10-04,Weekday,09:00:00,2-Car,No injury/unknown,UNSAFE BACKING,12TH & INDIANA,39.174368,-86.527088,"39.174368,-86.527088",57,Cloudy
902534533,2015-10-04,Weekday,13:00:00,2-Car,No injury/unknown,FAILURE TO YIELD RIGHT OF WAY,E THIRD & PETE ELLIS,39.16424,-86.495088,"39.16424,-86.495088",52,Cloudy
902534648,2015-10-04,Weekday,17:00:00,2-Car,No injury/unknown,FOLLOWING TOO CLOSELY,SR37N & VERNAL,39.1775537,-86.5612041,"39.1775537,-86.5612041",51,Cloudy
902534658,2015-10-04,Weekday,15:00:00,2-Car,Incapacitating,UNSAFE LANE MOVEMENT,W 3RD ST,39.164752,-86.573104,"39.164752,-86.573104",51,Cloudy
902534701,2015-10-04,Weekday,17:00:00,2-Car,No injury/unknown,FOLLOWING TOO CLOSELY,E RHORER & S WALNUT STREET,39.12144,-86.526496,"39.12144,-86.526496",29,Cloudy
902534707,2015-10-02,Weekday,20:00:00,2-Car,No injury/unknown,IMPROPER TURNING,N CURRY & WOODYARD,39.190672,-86.582992,"39.190672,-86.582992",50,Clear
902534716,2015-10-04,Weekday,20:00:00,2-Car,No injury/unknown,FAILURE TO YIELD RIGHT OF WAY,10TH & INDIANA,39.17168,-86.527024,"39.17168,-86.527024",57,Cloudy
902534825,2015-10-05,Weekday,00:00:00,1-Car,Non-incapacitating,RAN OFF ROAD RIGHT,S KINGSTON,39.16658457,-86.49281455,"39.16658457,-86.49281455",51,Clear
902534888,2015-10-05,Weekday,07:00:00,2-Car,No injury/unknown,FOLLOWING TOO CLOSELY,2ND & S WALNUT,39.16144,-86.5336,"39.16144,-86.5336",58,Clear
902534942,2015-10-05,Weekday,08:00:00,2-Car,No injury/unknown,FOLLOWING TOO CLOSELY,3RD & INDIANA,39.164448,-86.5268,"39.164448,-86.5268",57,Clear
902534996,2015-10-05,Weekday,08:00:00,2-Car,No injury/unknown,FOLLOWING TOO CLOSELY,3RD & FACULTY,39.164352,-86.521088,"39.164352,-86.521088",55,Clear
902535257,2015-10-05,Weekday,15:00:00,2-Car,No injury/unknown,OTHER (DRIVER) - EXPLAIN IN NARRATIVE,S CLARIZZ,39.152606,-86.492729,"39.152606,-86.492729",51,Clear
902535259,2015-10-05,Weekday,17:00:00,2-Car,No injury/unknown,UNSAFE BACKING,HUNTER & SWAIN,39.15159628,-86.51525996,"39.15159628,-86.51525996",55,Clear
902535279,2015-10-05,Weekday,16:00:00,1-Car,No injury/unknown,OTHER (DRIVER) - EXPLAIN IN NARRATIVE,STARNES,39.22110748,-86.66004943,"39.22110748,-86.66004943",1,Clear
902535330,2015-10-05,Weekday,17:00:00,2-Car,No injury/unknown,FAILURE TO YIELD RIGHT OF WAY,LIBERTY & W 3RD,39.16461021,-86.57910409,"39.16461021,-86.57910409",50,Clear
902535331,2015-10-05,Weekday,19:00:00,2-Car,No injury/unknown,FAILURE TO YIELD RIGHT OF WAY,CURRY & W 3RD,39.16463971,-86.58292002,"39.16463971,-86.58292002",50,Clear
902535342,2015-10-05,Weekday,13:00:00,2-Car,No injury/unknown,FOLLOWING TOO CLOSELY,E 2ND & S WASHINGTON,39.16144,-86.5324,"39.16144,-86.5324",58,Clear
902535359,2015-10-05,Weekday,17:00:00,Moped/Motorcycle,Non-incapacitating,ROADWAY SURFACE CONDITION,10TH & TAMARRON,39.17361975,-86.48213486,"39.17361975,-86.48213486",50,Clear
902535370,2015-10-05,Weekday,13:00:00,2-Car,No injury/unknown,IMPROPER TURNING,EAST 3RD,39.16416496,-86.49477459,"39.16416496,-86.49477459",51,Clear
902535396,2015-10-04,Weekday,00:00:00,2-Car,No injury/unknown,FAILURE TO YIELD RIGHT OF WAY,SR37N & VERNAL,39.176544,-86.5624,"39.176544,-86.5624",51,Cloudy
902535457,2015-10-03,Weekday,19:00:00,2-Car,No injury/unknown,OTHER (DRIVER) - EXPLAIN IN NARRATIVE,N BRYAN,39.14184,-86.5364,"39.14184,-86.5364",58,Heavy rain at times
902535513,2015-10-06,Weekday,07:00:00,Moped/Motorcycle,Non-incapacitating,FAILURE TO YIELD RIGHT OF WAY,ADAMS & PATTERSON,39.1626703,-86.55050882,"39.1626703,-86.55050882",57,Clear
902535818,2015-10-06,Weekday,14:00:00,2-Car,Incapacitating,DISREGARD SIGNAL/REG SIGN,4TH & COLLEGE,39.16558988,-86.53488971,"39.16558988,-86.53488971",58,Clear
902535909,2015-10-03,Weekday,11:00:00,2-Car,No injury/unknown,UNSAFE LANE MOVEMENT,6TH & WALNUT,39.167648,-86.533584,"39.167648,-86.533584",58,Heavy rain at times
902535931,2015-10-06,Weekday,16:00:00,2-Car,No injury/unknown,FAILURE TO YIELD RIGHT OF WAY,EDGEWOOD & SR46W,39.236288,-86.628336,"39.236288,-86.628336",1,Clear
902535942,2015-10-06,Weekday,15:00:00,3+ Cars,No injury/unknown,FOLLOWING TOO CLOSELY,W 3RD,39.164752,-86.573104,"39.164752,-86.573104",51,Clear
902535975,2015-10-06,Weekend,20:00:00,1-Car,No injury/unknown,OTHER (ENVIRONMENTAL) - EXPLAIN IN NARR,3RD & REISNER,39.16420989,-86.488,"39.16420989,-86.488",51,Clear
902536009,2015-10-06,Weekend,21:00:00,Moped/Motorcycle,Incapacitating,RAN OFF ROAD RIGHT,S WALNUT & W ASSOCIATION,39.234688,-86.62792,"39.234688,-86.62792",1,Clear
902536064,2015-10-07,Weekend,03:00:00,1-Car,No injury/unknown,ANIMAL/OBJECT IN ROADWAY,SOUTHDOWNS & WOODLAWN,39.15578923,-86.52265606,"39.15578923,-86.52265606",56,Clear
902514725,2015-08-05,Weekday,22:00:00,2-Car,No injury/unknown,FAILURE TO YIELD RIGHT OF WAY,E RHORER & SOUTH WALNUT STREET,39.12144,-86.526496,"39.12144,-86.526496",29,Clear
902514726,2015-08-06,Weekday,15:00:00,2-Car,Incapacitating,FAILURE TO YIELD RIGHT OF WAY,S OLD STATE ROAD 37 & W DILLMAN,39.092944,-86.544,"39.092944,-86.544",1,Moderate rain at times
902514817,2015-09-06,Weekday,10:00:00,2-Car,No injury/unknown,FAILURE TO YIELD RIGHT OF WAY,E 2ND & S HENDERSON,39.16144,-86.527152,"39.16144,-86.527152",57,Cloudy
902514835,2015-09-06,Weekday,09:00:00,2-Car,No injury/unknown,FAILURE TO YIELD RIGHT OF WAY,10TH & SUNRISE,39.17475283,-86.51247985,"39.17475283,-86.51247985",54,Cloudy
902514943,2015-09-06,Weekday,12:00:00,2-Car,No injury/unknown,FAILURE TO YIELD RIGHT OF WAY,E HUNTER & S WOODLAWN,39.1622103,-86.52263,"39.1622103,-86.52263",56,Cloudy
902514984,2015-09-05,Weekday,18:00:00,1-Car,Non-incapacitating,RAN OFF ROAD RIGHT,SR48W & W VERNAL,39.17662048,-86.5625099,"39.17662048,-86.5625099",51,Clear
902515048,2015-09-06,Weekday,14:00:00,2-Car,No injury/unknown,FAILURE TO YIELD RIGHT OF WAY,CURRY & SR45E,39.142048,-86.582592,"39.142048,-86.582592",50,Cloudy
902515085,2015-09-06,Weekday,15:00:00,2-Car,No injury/unknown,DRIVER DISTRACTED - EXPLAIN IN NARRATIVE,SAMPLE & SR37,39.21294425,-86.5228691,"39.21294425,-86.5228691",15,Cloudy
902515090,2015-09-06,Weekday,16:00:00,2-Car,No injury/unknown,UNSAFE BACKING,17TH & N JORDAN,39.178848,-86.511088,"39.178848,-86.511088",54,Cloudy
902515116,2015-09-05,Weekday,19:00:00,2-Car,No injury/unknown,IMPROPER TURNING,E 3RD,39.16443758,-86.54775367,"39.16443758,-86.54775367",57,Clear
902515184,2015-09-06,Weekend,20:00:00,2-Car,No injury/unknown,,SOUTH ROOSEVELT,39.16548058,-86.50607675,"39.16548058,-86.50607675",52,Cloudy
902515191,2015-09-06,Weekday,14:00:00,1-Car,No injury/unknown,INSECURE/LEAKY LOAD,KINSER & SR46W,39.186544,-86.537888,"39.186544,-86.537888",56,Cloudy
902515193,2015-09-06,Weekday,15:00:00,Pedestrian,Incapacitating,BRAKE FAILURE OR DEFECTIVE,SOUTH WALNUT STREET,39.129673,-86.532737,"39.129673,-86.532737",57,Cloudy
902515202,2015-09-06,Weekday,13:00:00,2-Car,No injury/unknown,UNSAFE LANE MOVEMENT,E ATWATER & S DUNN,39.164448,-86.528096,"39.164448,-86.528096",58,Cloudy
902515213,2015-09-06,Weekday,18:00:00,2-Car,Incapacitating,FAILURE TO YIELD RIGHT OF WAY,PATTERSON & W 3RD,39.16344009,-86.55130598,"39.16344009,-86.55130598",57,Cloudy
902515215,2015-08-05,Weekday,17:00:00,2-Car,Non-incapacitating,FOLLOWING TOO CLOSELY,S WALKER & W 2ND,39.16142978,-86.54614023,"39.16142978,-86.54614023",57,Clear
902515232,2015-09-05,Weekday,17:00:00,2-Car,Incapacitating,FAILURE TO YIELD RIGHT OF WAY,ACUFF & SR37,39.20824,-86.554704,"39.20824,-86.554704",46,Clear
902515238,2015-09-06,Weekend,22:00:00,2-Car,No injury/unknown,DRIVER DISTRACTED - EXPLAIN IN NARRATIVE,MULLER,39.16180998,-86.56743228,"39.16180998,-86.56743228",51,Cloudy
902515274,2015-09-06,Weekend,23:00:00,2-Car,No injury/unknown,DISREGARD SIGNAL/REG SIGN,SR37S & SR45W,39.148144,-86.572992,"39.148144,-86.572992",51,Cloudy
902515331,2015-09-05,Weekday,13:00:00,2-Car,Non-incapacitating,LEFT OF CENTER,MAY & ROCKPORT,39.09344,-86.59384767,"39.09344,-86.59384767",0,Clear
902515336,2015-09-06,Weekday,13:00:00,2-Car,No injury/unknown,FAILURE TO YIELD RIGHT OF WAY,DODDS & WASHINGTON,39.15738031,-86.53243012,"39.15738031,-86.53243012",58,Cloudy
902515396,2015-09-06,Weekday,09:00:00,2-Car,No injury/unknown,FAILURE TO YIELD RIGHT OF WAY,S WALNUT & S WALNUT STREET,39.107344,-86.5264,"39.107344,-86.5264",3,Cloudy
902515407,2015-09-07,Weekend,10:00:00,2-Car,Non-incapacitating,FOLLOWING TOO CLOSELY,N COLLEGE & W 11TH,39.173232,-86.534752,"39.173232,-86.534752",58,Clear
902515442,2015-09-06,Weekday,15:00:00,2-Car,Non-incapacitating,FAILURE TO YIELD RIGHT OF WAY,3RD & PATTERSON,39.16344009,-86.55128002,"39.16344009,-86.55128002",57,Cloudy
902515483,2015-09-07,Weekend,14:00:00,2-Car,No injury/unknown,UNSAFE LANE MOVEMENT,9TH & N WALNUT,39.170544,-86.533536,"39.170544,-86.533536",58,Clear
902515564,2015-09-05,Weekday,19:00:00,Bus,No injury/unknown,IMPROPER PASSING,EAST 3RD & S BALLENTINE,39.16427024,-86.51912972,"39.16427024,-86.51912972",55,Clear
902515576,2015-09-07,Weekend,13:00:00,1-Car,No injury/unknown,OTHER (DRIVER) - EXPLAIN IN NARRATIVE,W COUNTRYSIDE,39.13621644,-86.54190159,"39.13621644,-86.54190159",57,Clear
902515577,2015-09-07,Weekend,15:00:00,2-Car,No injury/unknown,OTHER (DRIVER) - EXPLAIN IN NARRATIVE,E 10TH,39.171648,-86.50249682,"39.171648,-86.50249682",52,Clear
902515587,2015-09-07,Weekend,11:00:00,2-Car,No injury/unknown,IMPROPER TURNING,S COLLEGE,39.16115717,-86.53485253,"39.16115717,-86.53485253",58,Clear
902515676,2015-09-07,Weekend,03:00:00,1-Car,No injury/unknown,LEFT OF CENTER,SR37S & W THAT,39.115552,-86.564592,"39.115552,-86.564592",6,Clear
902515742,2015-09-06,Weekday,07:00:00,1-Car,No injury/unknown,RAN OFF ROAD RIGHT,EDGAR & HANDY,39.30328772,-86.48303993,"39.30328772,-86.48303993",0,Cloudy
902515840,2015-09-07,Weekend,12:00:00,2-Car,No injury/unknown,OTHER (DRIVER) - EXPLAIN IN NARRATIVE,RHORER & S OLD STATE RD 37,39.12141994,-86.53134986,"39.12141994,-86.53134986",29,Clear
902515922,2015-09-01,Weekday,21:00:00,Bus,No injury/unknown,LEFT OF CENTER,E UNIVERSITY & JORDAN,39.13900321,-86.51638984,"39.13900321,-86.51638984",55,Partly cloudy
902515937,2015-09-01,Weekend,16:00:00,2-Car,Non-incapacitating,FOLLOWING TOO CLOSELY,EAST 3RD & SOUTH KINGSTON,39.16424,-86.492944,"39.16424,-86.492944",51,Partly cloudy
902515940,2015-09-01,Weekend,16:00:00,2-Car,No injury/unknown,IMPROPER TURNING,3RD & HAWTHORNE,39.16425012,-86.52008995,"39.16425012,-86.52008995",55,Partly cloudy
902516042,2015-09-01,Weekday,23:00:00,1-Car,Non-incapacitating,RAN OFF ROAD RIGHT,DUNN & OLD SR 37,39.208048,-86.528704,"39.208048,-86.528704",48,Partly cloudy
902516059,2015-09-01,Weekend,13:00:00,2-Car,No injury/unknown,OTHER (VEHICLE) - EXPLAIN IN NARRATIVE,DUNN & E KIRKWOOD,39.16664,-86.528192,"39.16664,-86.528192",58,Partly cloudy
902516278,2015-09-02,Weekday,12:00:00,3+ Cars,Incapacitating,FOLLOWING TOO CLOSELY,SOUTH YONKERS & WEST TAPP,39.13704,-86.575296,"39.13704,-86.575296",50,Clear
902516322,2015-09-06,Weekday,15:00:00,2-Car,No injury/unknown,FAILURE TO YIELD RIGHT OF WAY,SR37 & WEST FULLERTON,39.12221146,-86.57353973,"39.12221146,-86.57353973",34,Cloudy
902516362,2015-09-07,Weekend,15:00:00,2-Car,No injury/unknown,UNSAFE BACKING,S LARKSPUR & WOODHILL,39.1672425,-86.54742971,"39.1672425,-86.54742971",57,Clear
902516397,2015-09-02,Weekday,17:00:00,2-Car,No injury/unknown,FOLLOWING TOO CLOSELY,KIRKWOOD & ROGERS,39.166672,-86.538608,"39.166672,-86.538608",57,Clear
902516462,2015-09-03,Weekday,00:00:00,2-Car,No injury/unknown,UNSAFE BACKING,S UNION STREET,39.16435494,-86.509296,"39.16435494,-86.509296",53,Clear
902516525,2015-09-02,Weekday,11:00:00,2-Car,No injury/unknown,FOLLOWING TOO CLOSELY,S LEONARD SPRINGS & W TAPP,39.13704,-86.582512,"39.13704,-86.582512",50,Clear
902516553,2015-09-02,Weekday,09:00:00,2-Car,No injury/unknown,UNSAFE BACKING,S PARK,39.15334174,-86.52360065,"39.15334174,-86.52360065",56,Clear
902516691,2015-09-03,Weekday,08:00:00,2-Car,No injury/unknown,DISREGARD SIGNAL/REG SIGN,W 3RD,39.164752,-86.573104,"39.164752,-86.573104",51,Clear
902517074,2015-09-03,Weekday,16:00:00,2-Car,No injury/unknown,FAILURE TO YIELD RIGHT OF WAY,KINSER & SR46W,39.186544,-86.537888,"39.186544,-86.537888",56,Clear
902517075,2015-09-03,Weekday,15:00:00,2-Car,No injury/unknown,FAILURE TO YIELD RIGHT OF WAY,2ND & COLLEGE,39.16089073,-86.53485679,"39.16089073,-86.53485679",58,Clear
902517103,2015-09-03,Weekday,17:00:00,2-Car,No injury/unknown,FAILURE TO YIELD RIGHT OF WAY,SALE & SR46W,39.23421196,-86.62564939,"39.23421196,-86.62564939",1,Clear
902517113,2015-09-03,Weekday,13:00:00,2-Car,No injury/unknown,IMPROPER TURNING,E 10TH,39.17157747,-86.51808392,"39.17157747,-86.51808392",55,Clear
902517138,2015-09-03,Weekday,15:00:00,2-Car,No injury/unknown,FOLLOWING TOO CLOSELY,MATTHEWS & SR46W,39.23457579,-86.62613173,"39.23457579,-86.62613173",1,Clear
902517154,2015-09-03,Weekday,16:00:00,2-Car,No injury/unknown,WRONG WAY ON ONE WAY,EAST ATWATER,39.16315913,-86.52214653,"39.16315913,-86.52214653",56,Clear
902517248,2015-09-03,Weekday,16:00:00,2-Car,Non-incapacitating,FAILURE TO YIELD RIGHT OF WAY,BLOOMFIELD & CORY,39.157248,-86.559792,"39.157248,-86.559792",51,Clear
902517288,2015-09-03,Weekday,21:00:00,2-Car,No injury/unknown,FAILURE TO YIELD RIGHT OF WAY,2ND & COLLEGE MALL,39.160944,-86.497696,"39.160944,-86.497696",52,Clear
902517290,2015-09-03,Weekday,23:00:00,Pedestrian,Incapacitating,PEDESTRIAN ACTION,3RD & MEADOWBROOK,39.16424001,-86.48614805,"39.16424001,-86.48614805",51,Clear
902517535,2015-09-04,Weekday,10:00:00,2-Car,No injury/unknown,LEFT OF CENTER,E BRAESIDE & N PETE ELLIS,39.168192,-86.49504,"39.168192,-86.49504",52,Clear
902517541,2015-09-03,Weekday,06:00:00,2-Car,No injury/unknown,UNSAFE BACKING,W SR 45,39.14186096,-86.5799179,"39.14186096,-86.5799179",50,Clear
902517555,2015-09-04,Weekday,12:00:00,2-Car,No injury/unknown,FOLLOWING TOO CLOSELY,S MAPLE & W 2ND,39.161568,-86.542096,"39.161568,-86.542096",57,Clear
902517573,2015-09-04,Weekday,12:00:00,2-Car,No injury/unknown,ROADWAY SURFACE CONDITION,S LIBERTY & W CONSTITUTION,39.149552,-86.575936,"39.149552,-86.575936",50,Clear
902517620,2015-09-04,Weekday,12:00:00,2-Car,Non-incapacitating,FOLLOWING TOO CLOSELY,SO LIBERTY & W CONSTITUTION,39.14327171,-86.5768703,"39.14327171,-86.5768703",50,Clear
902517764,2015-09-04,Weekday,14:00:00,2-Car,No injury/unknown,FOLLOWING TOO CLOSELY,SR 45 SR 46 BYPASS & WALNUT,39.186368,-86.5344,"39.186368,-86.5344",57,Clear
902517835,2015-09-04,Weekday,15:00:00,2-Car,No injury/unknown,BRAKE FAILURE OR DEFECTIVE,DUNN & N OLD SR 37,39.208048,-86.528704,"39.208048,-86.528704",48,Clear
902517911,2015-09-04,Weekday,15:00:00,2-Car,No injury/unknown,FOLLOWING TOO CLOSELY,EAST EASTGATE & SR46W,39.17012768,-86.50154382,"39.17012768,-86.50154382",52,Clear
902517915,2015-09-07,Weekend,16:00:00,2-Car,No injury/unknown,FOLLOWING TOO CLOSELY,AIRPORT & SR45W,39.136848,-86.593792,"39.136848,-86.593792",15,Clear
902517916,2015-09-04,Weekday,18:00:00,1-Car,No injury/unknown,RAN OFF ROAD RIGHT,OLD RICHARDSON & SR446S,38.95078827,-86.42645263,"38.95078827,-86.42645263",0,Clear
902517917,2015-09-03,Weekday,13:00:00,2-Car,No injury/unknown,IMPROPER LANE USAGE,S COLLEGE & W KIRKWOOD,39.16659974,-86.53488032,"39.16659974,-86.53488032",58,Clear
902517922,2015-09-04,Weekday,14:00:00,2-Car,Incapacitating,FAILURE TO YIELD RIGHT OF WAY,S WALNUT & S WALNUT STREET,39.107344,-86.5264,"39.107344,-86.5264",3,Clear
902517947,2015-09-04,Weekday,14:00:00,2-Car,No injury/unknown,FOLLOWING TOO CLOSELY,S COLLEGE & W 7TH,39.168656,-86.534784,"39.168656,-86.534784",58,Clear
902517951,2015-09-04,Weekday,15:00:00,2-Car,Incapacitating,FAILURE TO YIELD RIGHT OF WAY,E MOORES & SR446S,39.150352,-86.471296,"39.150352,-86.471296",17,Clear