Master Record Number,Date,Weekend?,Hour,Collision Type,Injury Type,Primary Factor,Reported_Location,Latitude,Longitude,Location,Number of Bars,Weather Condition
902540836,2015-10-07,Weekend,17:00:00,2-Car,Non-incapacitating,FAILURE TO YIELD RIGHT OF WAY,S COLLEGE MALL,39.16291428,-86.49874114,"39.16291428,-86.49874114",52,Clear
902540856,2015-10-07,Weekend,15:00:00,Pedestrian,Non-incapacitating,PEDESTRIAN ACTION,E 18TH & N DUNN,39.180352,-86.5284,"39.180352,-86.5284",58,Clear
902540871,2015-10-07,Weekend,17:00:00,2-Car,Non-incapacitating,FOLLOWING TOO CLOSELY,E 10TH & N FORREST,39.17163022,-86.52237989,"39.17163022,-86.52237989",56,Clear
902540890,2015-10-07,Weekend,20:00:00,2-Car,No injury/unknown,UNSAFE BACKING,S INDIANA,39.16550106,-86.52684212,"39.16550106,-86.52684212",57,Clear
902540984,2015-10-01,Weekend,03:00:00,1-Car,No injury/unknown,RAN OFF ROAD RIGHT,KIRKWOOD & OAK,39.1667878,-86.54715279,"39.1667878,-86.54715279",57,Clear
902541089,2015-10-03,Weekday,07:00:00,2-Car,No injury/unknown,UNSAFE LANE MOVEMENT,FOREST PARK & SMITH,39.20841866,-86.5832,"39.20841866,-86.5832",45,Heavy rain at times
902541137,2015-10-07,Weekend,14:00:00,2-Car,No injury/unknown,UNSAFE LANE MOVEMENT,E 3RD & S SWAIN,39.16424,-86.5152,"39.16424,-86.5152",55,Clear
902541151,2015-10-01,Weekend,13:00:00,2-Car,No injury/unknown,FAILURE TO YIELD RIGHT OF WAY,BURKS & WALNUT,39.14251599,-86.53136998,"39.14251599,-86.53136998",58,Clear
902541175,2015-10-05,Weekday,18:00:00,1-Car,Incapacitating,RAN OFF ROAD RIGHT,SR46W & STINESVILLE,39.26321863,-86.66150699,"39.26321863,-86.66150699",2,Clear
902541198,2015-10-01,Weekend,12:00:00,2-Car,No injury/unknown,IMPROPER TURNING,15TH & NORTH WALNUT,39.176848,-86.533424,"39.176848,-86.533424",58,Clear
902541248,2015-10-01,Weekend,18:00:00,Pedestrian,Non-incapacitating,DISREGARD SIGNAL/REG SIGN,KIRKWOOD & WASHINGTON,39.16664,-86.5324,"39.16664,-86.5324",58,Clear
902541278,2015-10-01,Weekday,19:00:00,2-Car,Non-incapacitating,FAILURE TO YIELD RIGHT OF WAY,CORY & WEST 3RD,39.164544,-86.560096,"39.164544,-86.560096",51,Clear
902541307,2015-10-01,Weekend,18:00:00,2-Car,No injury/unknown,FAILURE TO YIELD RIGHT OF WAY,6TH & INDIANA,39.1677418,-86.52710439,"39.1677418,-86.52710439",57,Clear
902541308,2015-10-01,Weekend,16:00:00,2-Car,No injury/unknown,FAILURE TO YIELD RIGHT OF WAY,E 3RD & KINGSTON,39.16424,-86.492944,"39.16424,-86.492944",51,Clear
902541531,2015-10-01,Weekend,09:00:00,2-Car,Non-incapacitating,FOLLOWING TOO CLOSELY,LEE PAUL & SR37N,39.29453839,-86.522789,"39.29453839,-86.522789",0,Clear
902541557,2015-10-01,Weekend,13:00:00,1-Car,No injury/unknown,ANIMAL/OBJECT IN ROADWAY,HARRELL ROAD & RHORER ROAD,39.121808,-86.498784,"39.121808,-86.498784",33,Clear
902541577,2015-10-01,Weekend,12:00:00,1-Car,Non-incapacitating,RAN OFF ROAD RIGHT,GENTRY & SR446S,39.16089693,-86.47150404,"39.16089693,-86.47150404",17,Clear
902541798,2015-10-05,Weekday,12:00:00,2-Car,No injury/unknown,UNSAFE BACKING,S FESS,39.17058971,-86.52572931,"39.17058971,-86.52572931",57,Clear
902542144,2015-10-02,Weekday,16:00:00,2-Car,No injury/unknown,DRIVER DISTRACTED - EXPLAIN IN NARRATIVE,SR37 & VERNAL,39.17662048,-86.56252288,"39.17662048,-86.56252288",51,Clear
902542163,2015-10-02,Weekday,16:00:00,Pedestrian,Incapacitating,FAILURE TO YIELD RIGHT OF WAY,E JONES & JORDAN,39.16540012,-86.51640996,"39.16540012,-86.51640996",55,Clear
902542211,2015-10-07,Weekend,15:00:00,1-Car,No injury/unknown,OVERCORRECTING/OVERSTEERING,THOMAS & VERNAL,39.18744714,-86.62606934,"39.18744714,-86.62606934",5,Clear
902542212,2015-10-07,Weekend,19:00:00,2-Car,No injury/unknown,ANIMAL/OBJECT IN ROADWAY,ELLIS & SR37N,39.02283151,-86.53290599,"39.02283151,-86.53290599",3,Clear
902542213,2015-10-01,Weekend,15:00:00,2-Car,No injury/unknown,OVERCORRECTING/OVERSTEERING,CARMOLA & N SMITH,39.204448,-86.583168,"39.204448,-86.583168",46,Clear
902542214,2015-10-02,Weekday,17:00:00,2-Car,No injury/unknown,FOLLOWING TOO CLOSELY,CURRY & WOODYARD,39.190672,-86.582992,"39.190672,-86.582992",50,Clear
902542259,2015-10-02,Weekday,20:00:00,3+ Cars,Non-incapacitating,FOLLOWING TOO CLOSELY,SOUTH CURRY & SR45W,39.142048,-86.582592,"39.142048,-86.582592",50,Clear
902542274,2015-10-02,Weekday,19:00:00,2-Car,No injury/unknown,FAILURE TO YIELD RIGHT OF WAY,EAST 5TH & NORTH CLARK,39.16681029,-86.50497972,"39.16681029,-86.50497972",52,Clear
902542349,2015-10-01,Weekend,12:00:00,2-Car,No injury/unknown,,E KIRKWOOD,39.16664,-86.52932767,"39.16664,-86.52932767",58,Clear
902542351,2015-10-01,Weekend,00:00:00,1-Car,No injury/unknown,ANIMAL/OBJECT IN ROADWAY,ACUFF & SR37N,39.20686675,-86.55469409,"39.20686675,-86.55469409",47,Clear
902542352,2015-10-01,Weekend,05:00:00,1-Car,No injury/unknown,OTHER (DRIVER) - EXPLAIN IN NARRATIVE,SR446S & WALDRIP CREEK,39.58625592,-86.42356109,"39.58625592,-86.42356109",3,Clear
902542662,2015-10-03,Weekday,12:00:00,2-Car,No injury/unknown,FAILURE TO YIELD RIGHT OF WAY,3RD & LIBERTY,39.14874854,-86.57913006,"39.14874854,-86.57913006",50,Heavy rain at times
902542929,2015-10-03,Weekday,17:00:00,2-Car,No injury/unknown,UNSAFE LANE MOVEMENT,N JORDAN,39.18081529,-86.511088,"39.18081529,-86.511088",54,Heavy rain at times
902542975,2015-10-03,Weekday,17:00:00,2-Car,No injury/unknown,OTHER (ENVIRONMENTAL) - EXPLAIN IN NARR,PROFILE,39.1696474,-86.59230642,"39.1696474,-86.59230642",25,Heavy rain at times
902542977,2015-10-03,Weekday,01:00:00,2-Car,No injury/unknown,OTHER (DRIVER) - EXPLAIN IN NARRATIVE,EAST WATERSEDGE,39.02558899,-86.50688934,"39.02558899,-86.50688934",3,Heavy rain at times
902543021,2015-10-02,Weekday,15:00:00,2-Car,Incapacitating,UNSAFE SPEED,N HARTSTRAIT & W VERNAL,39.18676995,-86.6112703,"39.18676995,-86.6112703",6,Clear
902543044,2015-10-03,Weekday,22:00:00,2-Car,No injury/unknown,UNSAFE BACKING,S FRANKLIN,39.166496,-86.571216,"39.166496,-86.571216",51,Heavy rain at times
902543115,2015-10-04,Weekday,03:00:00,1-Car,No injury/unknown,DRIVER ASLEEP OR FATIGUED,E MOORES & S SARE,39.04475397,-86.49918012,"39.04475397,-86.49918012",3,Cloudy
902543173,2015-10-03,Weekday,13:00:00,1-Car,Incapacitating,OTHER (DRIVER) - EXPLAIN IN NARRATIVE,N KINSER PILE,39.206688,-86.547456,"39.206688,-86.547456",49,Heavy rain at times
902543276,2015-10-03,Weekday,13:00:00,2-Car,No injury/unknown,FAILURE TO YIELD RIGHT OF WAY,N ROGERS & W 11TH,39.173184,-86.538528,"39.173184,-86.538528",57,Heavy rain at times
902543289,2015-10-04,Weekday,10:00:00,Cyclist,Non-incapacitating,WRONG WAY ON ONE WAY,14TH & N WALNUT,39.175952,-86.53344,"39.175952,-86.53344",58,Cloudy
902543344,2015-10-04,Weekday,11:00:00,2-Car,No injury/unknown,FAILURE TO YIELD RIGHT OF WAY,E MAXWELL & S WOODLAWN,39.15781014,-86.52264006,"39.15781014,-86.52264006",56,Cloudy
902543434,2015-10-07,Weekend,18:00:00,2-Car,No injury/unknown,FAILURE TO YIELD RIGHT OF WAY,DUNN & SR45,39.18635204,-86.52602555,"39.18635204,-86.52602555",56,Clear
902543522,2015-10-04,Weekday,16:00:00,1-Car,Non-incapacitating,OTHER (ENVIRONMENTAL) - EXPLAIN IN NARR,DUNN & SR37N,39.17863846,-86.52835845,"39.17863846,-86.52835845",58,Cloudy
902543529,2015-10-04,Weekday,16:00:00,2-Car,No injury/unknown,FOLLOWING TOO CLOSELY,ATWATER & PARK,39.1631179,-86.52403492,"39.1631179,-86.52403492",56,Cloudy
902543550,2015-10-03,Weekday,21:00:00,2-Car,No injury/unknown,FOLLOWING TOO CLOSELY,17TH & INDIANA,39.179024,-86.5272,"39.179024,-86.5272",57,Heavy rain at times
902543585,2015-10-04,Weekday,16:00:00,2-Car,No injury/unknown,FOLLOWING TOO CLOSELY,SOUTH LANDMARK & WEST 3RD,39.16442983,-86.55630983,"39.16442983,-86.55630983",53,Cloudy
902543592,2015-10-04,Weekday,17:00:00,2-Car,No injury/unknown,FAILURE TO YIELD RIGHT OF WAY,8TH & JEFFERSON,39.169552,-86.507056,"39.169552,-86.507056",52,Cloudy
902543633,2015-10-04,Weekday,20:00:00,2-Car,Non-incapacitating,FOLLOWING TOO CLOSELY,ATWATER & HENDERSON,39.16313969,-86.52727022,"39.16313969,-86.52727022",57,Cloudy
902543636,2015-10-04,Weekday,16:00:00,2-Car,No injury/unknown,FOLLOWING TOO CLOSELY,CORY & WEST 3RD,39.164544,-86.560096,"39.164544,-86.560096",51,Cloudy
902543643,2015-10-04,Weekday,20:00:00,2-Car,No injury/unknown,FAILURE TO YIELD RIGHT OF WAY,FEE & LAW,39.174048,-86.518896,"39.174048,-86.518896",55,Cloudy
902543656,2015-10-04,Weekday,22:00:00,1-Car,No injury/unknown,ANIMAL/OBJECT IN ROADWAY,S STANFORD & W ELWREN,39.10824,-86.666192,"39.10824,-86.666192",0,Cloudy
902543677,2015-10-04,Weekday,22:00:00,2-Car,No injury/unknown,DRIVER DISTRACTED - EXPLAIN IN NARRATIVE,W VERNAL,39.179248,-86.58292,"39.179248,-86.58292",50,Cloudy
902543832,2015-10-03,Weekday,13:00:00,2-Car,Incapacitating,DISREGARD SIGNAL/REG SIGN,SR37S & SR46E,39.194144,-86.554592,"39.194144,-86.554592",53,Heavy rain at times
902543858,2015-10-05,Weekday,07:00:00,Bus,Incapacitating,FOLLOWING TOO CLOSELY,2876 S WALNUT & PINEWOOD,39.1526518,-86.53142587,"39.1526518,-86.53142587",58,Clear
902543992,2015-10-05,Weekday,11:00:00,2-Car,No injury/unknown,UNSAFE LANE MOVEMENT,E 3RD & N WALNUT,39.16464,-86.5336,"39.16464,-86.5336",58,Clear
902543998,2015-10-05,Weekday,10:00:00,2-Car,No injury/unknown,FAILURE TO YIELD RIGHT OF WAY,W CASCADE & W GOURLEY,39.1852,-86.541952,"39.1852,-86.541952",56,Clear
902543999,2015-10-05,Weekday,12:00:00,2-Car,No injury/unknown,OTHER (DRIVER) - EXPLAIN IN NARRATIVE,1ST & WALNUT,39.159344,-86.5336,"39.159344,-86.5336",58,Clear
902544040,2015-10-05,Weekday,12:00:00,Pedestrian,Incapacitating,DISREGARD SIGNAL/REG SIGN,S FAIRVIEW & W 4TH,39.165712,-86.5408,"39.165712,-86.5408",57,Clear
902544072,2015-10-04,Weekday,16:00:00,2-Car,No injury/unknown,UNSAFE BACKING,W WYLIE,39.15944,-86.55776914,"39.15944,-86.55776914",52,Cloudy
902544080,2015-10-04,Weekday,17:00:00,Moped/Motorcycle,No injury/unknown,UNSAFE SPEED,SMITH & SR46W,39.210144,-86.5832,"39.210144,-86.5832",44,Cloudy
902544228,2015-10-05,Weekday,17:00:00,2-Car,No injury/unknown,FAILURE TO YIELD RIGHT OF WAY,SIMPSON CHAPEL & SR37N,39.26616,-86.522752,"39.26616,-86.522752",0,Clear
902544237,2015-10-05,Weekday,17:00:00,1-Car,No injury/unknown,ANIMAL/OBJECT IN ROADWAY,S OLD STATE ROAD 37 & S ROGERS,39.099408,-86.537904,"39.099408,-86.537904",1,Clear
902544305,2015-10-04,Weekday,23:00:00,1-Car,No injury/unknown,DRIVER DISTRACTED - EXPLAIN IN NARRATIVE,2ND & WOODCREST,39.160944,-86.5024,"39.160944,-86.5024",52,Cloudy
902544361,2015-10-06,Weekday,00:00:00,1-Car,No injury/unknown,RAN OFF ROAD RIGHT,MT CARMEL & STINESVILLE,39.29611928,-86.65930657,"39.29611928,-86.65930657",1,Clear
902544439,2015-10-04,Weekday,09:00:00,2-Car,No injury/unknown,UNSAFE BACKING,E 2ND,39.16144,-86.5324,"39.16144,-86.5324",58,Cloudy
902544455,2015-10-01,Weekend,14:00:00,2-Car,No injury/unknown,DRIVER DISTRACTED - EXPLAIN IN NARRATIVE,SAMPLE & SR37N,39.26890488,-86.52287361,"39.26890488,-86.52287361",0,Clear
902544456,2015-10-02,Weekday,13:00:00,2-Car,No injury/unknown,UNSAFE LANE MOVEMENT,N CURRY & W VERNAL,39.2003166,-86.58308029,"39.2003166,-86.58308029",48,Clear
902544647,2015-10-06,Weekday,12:00:00,2-Car,No injury/unknown,IMPROPER LANE USAGE,S WALNUT,39.16464,-86.5336,"39.16464,-86.5336",58,Clear
902544807,2015-10-06,Weekday,15:00:00,Bus,No injury/unknown,FAILURE TO YIELD RIGHT OF WAY,SOUTH WALNUT & WINSLOW,39.13597025,-86.5311098,"39.13597025,-86.5311098",58,Clear
902544812,2015-10-06,Weekday,14:00:00,2-Car,No injury/unknown,FAILURE TO YIELD RIGHT OF WAY,8TH & GRANT,39.169552,-86.529696,"39.169552,-86.529696",58,Clear
902544813,2015-10-05,Weekday,16:00:00,3+ Cars,No injury/unknown,FOLLOWING TOO CLOSELY,3RD & WYNNEDALE,39.16455992,-86.57019026,"39.16455992,-86.57019026",51,Clear
902544850,2015-10-06,Weekday,15:00:00,Pedestrian,Incapacitating,RAN OFF ROAD RIGHT,2951 N BANKERS & E RUSGAN,39.200752,-86.532592,"39.200752,-86.532592",53,Clear
902544872,2015-10-06,Weekday,15:00:00,2-Car,No injury/unknown,FAILURE TO YIELD RIGHT OF WAY,GOURLEY & KINSER,39.185392,-86.537856,"39.185392,-86.537856",56,Clear
902544876,2015-10-06,Weekend,19:00:00,2-Car,No injury/unknown,FAILURE TO YIELD RIGHT OF WAY,3RD & PETE ELLIS,39.16424,-86.495088,"39.16424,-86.495088",52,Clear
902544908,2015-10-06,Weekend,20:00:00,2-Car,No injury/unknown,FAILURE TO YIELD RIGHT OF WAY,EAST 2ND & HIGH,39.1609899,-86.50846995,"39.1609899,-86.50846995",52,Clear
902544932,2015-10-06,Weekend,21:00:00,2-Car,No injury/unknown,FAILURE TO YIELD RIGHT OF WAY,EAST 10TH & NORTH WALNUT,39.171744,-86.53352,"39.171744,-86.53352",58,Clear
902545007,2015-10-04,Weekday,10:00:00,2-Car,No injury/unknown,IMPROPER TURNING,SR446S & WALDRIP CREEK,39.33315386,-86.42356109,"39.33315386,-86.42356109",0,Cloudy
902545021,2015-10-06,Weekday,08:00:00,2-Car,Incapacitating,FAILURE TO YIELD RIGHT OF WAY,KINSER & SR4546W,39.186544,-86.537888,"39.186544,-86.537888",56,Clear
902545031,2015-10-05,Weekday,10:00:00,2-Car,No injury/unknown,FOLLOWING TOO CLOSELY,SR37N & TAPP,39.13704,-86.572896,"39.13704,-86.572896",51,Clear
902545032,2015-10-05,Weekday,12:00:00,2-Car,No injury/unknown,UNSAFE BACKING,ROLLING RIDGE,39.133744,-86.50592,"39.133744,-86.50592",52,Clear
902545074,2015-10-07,Weekend,09:00:00,2-Car,Incapacitating,FAILURE TO YIELD RIGHT OF WAY,7TH & SR45E,39.167648,-86.500096,"39.167648,-86.500096",52,Clear
902545106,2015-10-06,Weekday,13:00:00,2-Car,Non-incapacitating,FOLLOWING TOO CLOSELY,EAST 10TH & NORTH PETE ELLIS,39.171504,-86.495312,"39.171504,-86.495312",52,Clear
902545146,2015-10-06,Weekday,16:00:00,2-Car,No injury/unknown,IMPROPER TURNING,HICKORY & SR48W,39.164832,-86.585856,"39.164832,-86.585856",47,Clear
902545167,2015-10-07,Weekend,14:00:00,2-Car,No injury/unknown,UNSAFE LANE MOVEMENT,3RD & COLLEGE MALL,39.16424,-86.4984,"39.16424,-86.4984",52,Clear
902545174,2015-10-07,Weekend,14:00:00,2-Car,No injury/unknown,SPEED TOO FAST FOR WEATHER CONDITIONS,OLD SR 37 & RHORER,39.121552,-86.531296,"39.121552,-86.531296",30,Clear
902545257,2015-10-07,Weekend,16:00:00,1-Car,Incapacitating,SPEED TOO FAST FOR WEATHER CONDITIONS,DUNN & SR37N,39.17863846,-86.52834115,"39.17863846,-86.52834115",58,Clear
902545279,2015-10-07,Weekend,17:00:00,1-Car,No injury/unknown,IMPROPER TURNING,7TH & HIGHWAY 45 46,39.167648,-86.500096,"39.167648,-86.500096",52,Clear
902545280,2015-10-07,Weekend,16:00:00,2-Car,No injury/unknown,SPEED TOO FAST FOR WEATHER CONDITIONS,DUNN & OLD STATE ROAD 37 N,39.20801975,-86.52873294,"39.20801975,-86.52873294",48,Clear
902545306,2015-10-07,Weekend,16:00:00,2-Car,No injury/unknown,LEFT OF CENTER,E SCHACHT & S FAIRFAX,39.10704,-86.523488,"39.10704,-86.523488",3,Clear
902545307,2015-10-07,Weekend,17:00:00,2-Car,No injury/unknown,SPEED TOO FAST FOR WEATHER CONDITIONS,N HARTSTRAIT & W VERNAL,39.186752,-86.611504,"39.186752,-86.611504",6,Clear
902545308,2015-10-07,Weekend,18:00:00,1-Car,No injury/unknown,RAN OFF ROAD RIGHT,E MARTIN & E STATE ROAD 45,39.20474008,-86.46328441,"39.20474008,-86.46328441",6,Clear
902545309,2015-10-07,Weekend,20:00:00,1-Car,No injury/unknown,ANIMAL/OBJECT IN ROADWAY,E STATE ROAD 45 & N PATHWAYS,39.24077593,-86.38299354,"39.24077593,-86.38299354",1,Clear
902545312,2015-10-07,Weekend,16:00:00,1-Car,No injury/unknown,RAN OFF ROAD RIGHT,W REEVES,39.24152825,-86.68116535,"39.24152825,-86.68116535",1,Clear
902545314,2015-10-07,Weekend,18:00:00,2-Car,No injury/unknown,FAILURE TO YIELD RIGHT OF WAY,BLACK OAKS & ROBINSON,39.24069106,-86.44136351,"39.24069106,-86.44136351",1,Clear
902545439,2015-10-07,Weekend,05:00:00,1-Car,No injury/unknown,ANIMAL/OBJECT IN ROADWAY,SR45N & W 3RD,39.164752,-86.573104,"39.164752,-86.573104",51,Clear
902545450,2015-10-01,Weekend,07:00:00,2-Car,No injury/unknown,FAILURE TO YIELD RIGHT OF WAY,SR37S & VERNAL,39.17856339,-86.56000817,"39.17856339,-86.56000817",51,Clear
902545451,2015-10-07,Weekend,08:00:00,Pedestrian,Non-incapacitating,PEDESTRIAN ACTION,KINSER & SR4546W,39.186544,-86.537888,"39.186544,-86.537888",56,Clear
902545518,2015-10-07,Weekend,15:00:00,2-Car,No injury/unknown,FOLLOWING TOO CLOSELY,E 3RD ST & S PETE ELLIS,39.16424,-86.495088,"39.16424,-86.495088",52,Clear
902545643,2015-10-07,Weekend,11:00:00,2-Car,No injury/unknown,OTHER (DRIVER) - EXPLAIN IN NARRATIVE,E MAXWELL & S STULL,39.15792,-86.52472,"39.15792,-86.52472",57,Clear
902545678,2015-10-01,Weekend,15:00:00,2-Car,No injury/unknown,FAILURE TO YIELD RIGHT OF WAY,FEE & SR4546W,39.186032,-86.51984,"39.186032,-86.51984",54,Clear
902545685,2015-10-01,Weekday,20:00:00,2-Car,Incapacitating,,E MORNINGSIDE & N SMITH,39.166432,-86.4812,"39.166432,-86.4812",50,Clear
902545688,2015-10-07,Weekend,15:00:00,2-Car,Incapacitating,OVERCORRECTING/OVERSTEERING,SR37N & WINERY,39.24858074,-86.52267895,"39.24858074,-86.52267895",0,Clear
902545691,2015-10-01,Weekend,16:00:00,2-Car,No injury/unknown,FOLLOWING TOO CLOSELY,BURMA & SR37N,39.31561299,-86.51117113,"39.31561299,-86.51117113",0,Clear
902545703,2015-10-01,Weekend,17:00:00,2-Car,Non-incapacitating,FOLLOWING TOO CLOSELY,S WYNNEDALE & W 3RD,39.16455992,-86.57019026,"39.16455992,-86.57019026",51,Clear
902546016,2015-10-02,Weekday,08:00:00,2-Car,No injury/unknown,FAILURE TO YIELD RIGHT OF WAY,SALE & SR46,39.23384,-86.624704,"39.23384,-86.624704",1,Clear
902546099,2015-10-02,Weekday,11:00:00,2-Car,No injury/unknown,UNSAFE BACKING,S LIBERTY,39.145264,-86.577616,"39.145264,-86.577616",50,Clear
902546205,2015-10-02,Weekday,12:00:00,2-Car,No injury/unknown,FAILURE TO YIELD RIGHT OF WAY,N COLLEGE & W 9TH,39.170544,-86.534768,"39.170544,-86.534768",58,Clear
902546238,2015-10-01,Weekend,13:00:00,2-Car,No injury/unknown,UNSAFE BACKING,STATE ROAD 48,39.16435242,-86.61186981,"39.16435242,-86.61186981",6,Clear
902546240,2015-10-02,Weekday,12:00:00,2-Car,No injury/unknown,FAILURE TO YIELD RIGHT OF WAY,E HILLSIDE & OLIVE,39.150656,-86.5188,"39.150656,-86.5188",55,Clear
902546410,2015-10-02,Weekday,17:00:00,2-Car,No injury/unknown,FOLLOWING TOO CLOSELY,EAST 17TH & WALNUT GROVE,39.1790197,-86.5210998,"39.1790197,-86.5210998",56,Clear
902546415,2015-10-02,Weekday,17:00:00,2-Car,No injury/unknown,UNSAFE BACKING,E LINGELBACH,39.17782679,-86.50843776,"39.17782679,-86.50843776",52,Clear
902546422,2015-09-07,Weekend,21:00:00,2-Car,No injury/unknown,,W BRANCH,39.15678,-86.546569,"39.15678,-86.546569",57,Clear
902546487,2015-10-02,Weekday,19:00:00,2-Car,No injury/unknown,UNSAFE BACKING,EAST 3RD,39.0803238,-86.51676334,"39.0803238,-86.51676334",0,Clear
902546516,2015-10-02,Weekday,16:00:00,2-Car,Non-incapacitating,FAILURE TO YIELD RIGHT OF WAY,E ATWATER & S HENDERSON,39.16313969,-86.52727022,"39.16313969,-86.52727022",57,Clear
902546557,2015-10-02,Weekday,05:00:00,2-Car,No injury/unknown,FOLLOWING TOO CLOSELY,S BUNGER & SR45W,39.12936,-86.604336,"39.12936,-86.604336",6,Clear
902546711,2015-10-02,Weekday,12:00:00,2-Car,No injury/unknown,OTHER (DRIVER) - EXPLAIN IN NARRATIVE,GRIMES & WALNUT,39.15335029,-86.53371021,"39.15335029,-86.53371021",58,Clear
902546721,2015-10-03,Weekday,08:00:00,2-Car,Non-incapacitating,FOLLOWING TOO CLOSELY,E 10TH & N SMITH,39.172752,-86.482288,"39.172752,-86.482288",50,Heavy rain at times
902546797,2015-10-03,Weekday,09:00:00,Bus,No injury/unknown,FOLLOWING TOO CLOSELY,ADAMS & KIRKWOOD,39.166816,-86.549488,"39.166816,-86.549488",57,Heavy rain at times
902546814,2015-10-06,Weekday,13:00:00,2-Car,No injury/unknown,FOLLOWING TOO CLOSELY,CAPITOL & SR46W,39.22319326,-86.60910588,"39.22319326,-86.60910588",1,Clear
902546894,2015-10-03,Weekday,11:00:00,2-Car,No injury/unknown,FOLLOWING TOO CLOSELY,E 3RD & MITCHELL,39.16424,-86.514096,"39.16424,-86.514096",55,Heavy rain at times
902546918,2015-10-03,Weekday,11:00:00,1-Car,No injury/unknown,ROADWAY SURFACE CONDITION,N DUNN & N OLD STATE ROAD 37,39.208048,-86.528704,"39.208048,-86.528704",48,Heavy rain at times
902546933,2015-10-03,Weekday,11:00:00,2-Car,No injury/unknown,OVERCORRECTING/OVERSTEERING,BASSWOOD & BLOOMFIELD,39.14977205,-86.56891458,"39.14977205,-86.56891458",51,Heavy rain at times
902566711,2015-11-05,Weekday,08:00:00,1-Car,No injury/unknown,OTHER (DRIVER) - EXPLAIN IN NARRATIVE,MATTHEWS & VINE,39.23532177,-86.62544776,"39.23532177,-86.62544776",1,Overcast
902566753,2015-11-04,Weekday,15:00:00,2-Car,No injury/unknown,SPEED TOO FAST FOR WEATHER CONDITIONS,S BREEDEN & SR45W,39.0881573,-86.66901213,"39.0881573,-86.66901213",1,Clear
902566786,2015-11-05,Weekday,17:00:00,2-Car,No injury/unknown,FAILURE TO YIELD RIGHT OF WAY,10TH & WOODLAWN,39.171632,-86.523536,"39.171632,-86.523536",56,Overcast
902566807,2015-11-05,Weekday,14:00:00,3+ Cars,Non-incapacitating,DRIVER DISTRACTED - EXPLAIN IN NARRATIVE,1ST & COLLEGE,39.16026391,-86.53486682,"39.16026391,-86.53486682",58,Overcast
902566845,2015-11-05,Weekday,17:00:00,2-Car,No injury/unknown,FOLLOWING TOO CLOSELY,E 10TH & N JORDAN,39.171552,-86.515728,"39.171552,-86.515728",55,Overcast
902566917,2015-11-05,Weekday,18:00:00,3+ Cars,No injury/unknown,FOLLOWING TOO CLOSELY,NORTH KINSER & SR46E,39.18662255,-86.53964972,"39.18662255,-86.53964972",56,Overcast
902566983,2015-11-06,Weekday,00:00:00,1-Car,No injury/unknown,RAN OFF ROAD RIGHT,WEST WALCOTT & WEST WOODYARD,39.201488,-86.601968,"39.201488,-86.601968",7,Overcast
902566992,2015-11-05,Weekday,21:00:00,2-Car,No injury/unknown,FAILURE TO YIELD RIGHT OF WAY,E MOORES PIKE & S CLARIZZ,39.15033948,-86.49132414,"39.15033948,-86.49132414",51,Overcast
902567073,2015-11-05,Weekday,11:00:00,2-Car,Non-incapacitating,FAILURE TO YIELD RIGHT OF WAY,3RD & LIBERTY,39.16461021,-86.57908677,"39.16461021,-86.57908677",50,Overcast
902567092,2015-11-06,Weekday,13:00:00,2-Car,No injury/unknown,,NORTH INDIANA,39.17588806,-86.52718353,"39.17588806,-86.52718353",57,Overcast
902567196,2015-11-06,Weekday,09:00:00,2-Car,No injury/unknown,IMPROPER TURNING,S HIGHLAND,39.14185333,-86.51425933,"39.14185333,-86.51425933",55,Overcast
902567213,2015-11-04,Weekday,07:00:00,3+ Cars,No injury/unknown,RAN OFF ROAD RIGHT,MOFFETT,39.09947968,-86.51124579,"39.09947968,-86.51124579",1,Clear
902567284,2015-11-06,Weekday,12:00:00,2-Car,No injury/unknown,UNSAFE BACKING,EAST THIRD,39.163619,-86.49514,"39.163619,-86.49514",52,Overcast
902567311,2015-11-06,Weekday,12:00:00,2-Car,Incapacitating,FAILURE TO YIELD RIGHT OF WAY,N FRITIZ & N WALNUT,39.22312501,-86.53308995,"39.22312501,-86.53308995",0,Overcast
902567330,2015-11-04,Weekday,17:00:00,2-Car,No injury/unknown,UNSAFE BACKING,SOUTH WALNUT,39.13630217,-86.53103537,"39.13630217,-86.53103537",58,Clear
902567388,2015-11-06,Weekday,15:00:00,2-Car,No injury/unknown,FAILURE TO YIELD RIGHT OF WAY,MONROE & SR46W,39.186944,-86.5468,"39.186944,-86.5468",56,Overcast
902567437,2015-11-06,Weekday,16:00:00,2-Car,No injury/unknown,FAILURE TO YIELD RIGHT OF WAY,EAST 3RD & KINGSTON,39.16424,-86.492944,"39.16424,-86.492944",51,Overcast
902567469,2015-11-06,Weekday,17:00:00,2-Car,No injury/unknown,FAILURE TO YIELD RIGHT OF WAY,3RD & SWAIN,39.16425012,-86.51525996,"39.16425012,-86.51525996",55,Overcast
902567473,2015-11-05,Weekday,21:00:00,2-Car,No injury/unknown,,10TH & 800 N SMITH,39.172752,-86.482288,"39.172752,-86.482288",50,Overcast
902567533,2015-11-06,Weekend,20:00:00,2-Car,No injury/unknown,FOLLOWING TOO CLOSELY,LOVE & SR46W,39.2187363,-86.60160144,"39.2187363,-86.60160144",2,Overcast
902567635,2015-11-06,Weekend,23:00:00,1-Car,No injury/unknown,ANIMAL/OBJECT IN ROADWAY,SR46 & WOODVIEW,39.15156773,-86.38607313,"39.15156773,-86.38607313",1,Overcast