Master Record Number,Date,Weekend?,Hour,Collision Type,Injury Type,Primary Factor,Reported_Location,Latitude,Longitude,Location,Number of Bars,Weather Condition
902547018,2015-10-03,Weekday,12:00:00,2-Car,No injury/unknown,FOLLOWING TOO CLOSELY,S LANDMARK & W BLOOMFIELD,39.15993981,-86.55382007,"39.15993981,-86.55382007",55,Heavy rain at times
902547121,2015-10-03,Weekday,15:00:00,1-Car,Non-incapacitating,IMPROPER TURNING,3RD & SR4546E,39.164448,-86.471888,"39.164448,-86.471888",18,Heavy rain at times
902547203,2015-10-03,Weekday,17:00:00,2-Car,Non-incapacitating,FOLLOWING TOO CLOSELY,CONSTITUTION & LIBERTY,39.14872891,-86.57591446,"39.14872891,-86.57591446",50,Heavy rain at times
902547207,2015-10-03,Weekday,15:00:00,2-Car,No injury/unknown,FOLLOWING TOO CLOSELY,KIRKWOOD & WALNUT,39.16664,-86.5336,"39.16664,-86.5336",58,Heavy rain at times
902547262,2015-10-03,Weekday,18:00:00,2-Car,Incapacitating,SPEED TOO FAST FOR WEATHER CONDITIONS,KINSER & SR46W,39.186544,-86.537888,"39.186544,-86.537888",56,Heavy rain at times
902547271,2015-10-03,Weekday,19:00:00,2-Car,Non-incapacitating,SPEED TOO FAST FOR WEATHER CONDITIONS,10TH & JORDAN,39.1723724,-86.51562955,"39.1723724,-86.51562955",55,Heavy rain at times
902547276,2015-10-03,Weekday,19:00:00,2-Car,No injury/unknown,IMPROPER TURNING,10TH & COLLEGE,39.171744,-86.534768,"39.171744,-86.534768",58,Heavy rain at times
902547281,2015-10-03,Weekday,18:00:00,2-Car,No injury/unknown,DRIVER DISTRACTED - EXPLAIN IN NARRATIVE,ATWATER & WOODLAWN,39.16312024,-86.52261432,"39.16312024,-86.52261432",56,Heavy rain at times
902547297,2015-10-02,Weekday,19:00:00,2-Car,Incapacitating,DISREGARD SIGNAL/REG SIGN,KINSER & SR45E,39.186544,-86.537888,"39.186544,-86.537888",56,Clear
902547305,2015-10-03,Weekday,20:00:00,2-Car,No injury/unknown,,N WALNUT,39.193952,-86.533296,"39.193952,-86.533296",56,Heavy rain at times
902547335,2015-10-03,Weekday,20:00:00,2-Car,Non-incapacitating,SPEED TOO FAST FOR WEATHER CONDITIONS,HILLSIDE & NANCY,39.15050983,-86.51106029,"39.15050983,-86.51106029",54,Heavy rain at times
902547366,2015-10-03,Weekday,14:00:00,2-Car,No injury/unknown,BRAKE FAILURE OR DEFECTIVE,14TH & N WALNUT,39.175952,-86.53344,"39.175952,-86.53344",58,Heavy rain at times
902547378,2015-10-03,Weekday,19:00:00,3+ Cars,No injury/unknown,SPEED TOO FAST FOR WEATHER CONDITIONS,S FRANKLIN & W 3RD,39.164688,-86.5712,"39.164688,-86.5712",51,Heavy rain at times
902547654,2015-10-04,Weekday,10:00:00,2-Car,No injury/unknown,FOLLOWING TOO CLOSELY,COLLEGE MALL & E3RD,39.16424,-86.4984,"39.16424,-86.4984",52,Cloudy
902547655,2015-10-04,Weekday,07:00:00,2-Car,Incapacitating,OTHER (DRIVER) - EXPLAIN IN NARRATIVE,PATTERSON & ROGERS,39.15379018,-86.53875008,"39.15379018,-86.53875008",57,Cloudy
902547706,2015-10-04,Weekday,10:00:00,2-Car,No injury/unknown,FOLLOWING TOO CLOSELY,2ND & PATTERSON,39.16074984,-86.54850997,"39.16074984,-86.54850997",57,Cloudy
902547780,2015-10-03,Weekday,16:00:00,2-Car,No injury/unknown,SPEED TOO FAST FOR WEATHER CONDITIONS,S WALNUT & W GRIMES,39.15344,-86.5336,"39.15344,-86.5336",58,Heavy rain at times
902547907,2015-10-04,Weekday,13:00:00,2-Car,No injury/unknown,BRAKE FAILURE OR DEFECTIVE,17TH & SR4546E,39.17984,-86.507088,"39.17984,-86.507088",52,Cloudy
902547992,2015-10-03,Weekday,14:00:00,2-Car,Incapacitating,DISREGARD SIGNAL/REG SIGN,3RD & SR37S,39.164752,-86.573104,"39.164752,-86.573104",51,Heavy rain at times
902548057,2015-10-02,Weekday,14:00:00,2-Car,No injury/unknown,FAILURE TO YIELD RIGHT OF WAY,LEONARD SPRINGS & SR45W,39.14184549,-86.5830501,"39.14184549,-86.5830501",50,Clear
902548064,2015-10-03,Weekday,17:00:00,2-Car,No injury/unknown,SPEED TOO FAST FOR WEATHER CONDITIONS,E RHORER & S WALNUT STREET,39.12141648,-86.53135125,"39.12141648,-86.53135125",29,Heavy rain at times
902548065,2015-10-03,Weekday,19:00:00,1-Car,Non-incapacitating,RAN OFF ROAD RIGHT,FAIRFAX & WALNUT STREET,39.24442432,-86.52650724,"39.24442432,-86.52650724",0,Heavy rain at times
902548091,2015-10-04,Weekday,14:00:00,2-Car,No injury/unknown,SPEED TOO FAST FOR WEATHER CONDITIONS,HENDERSON & HILLSIDE,39.15064,-86.52696,"39.15064,-86.52696",57,Cloudy
902548115,2015-10-04,Weekday,16:00:00,Pedestrian,Incapacitating,FAILURE TO YIELD RIGHT OF WAY,JORDAN & LAW,39.173552,-86.515488,"39.173552,-86.515488",55,Cloudy
902548247,2015-10-04,Weekday,20:00:00,1-Car,Incapacitating,DRIVER DISTRACTED - EXPLAIN IN NARRATIVE,E KIRKWOOD & N DUNN,39.16664,-86.528192,"39.16664,-86.528192",58,Cloudy
902548404,2015-10-05,Weekday,08:00:00,2-Car,No injury/unknown,FOLLOWING TOO CLOSELY,E3RD & S WALNUT,39.16464,-86.5336,"39.16464,-86.5336",58,Clear
902548461,2015-10-04,Weekday,08:00:00,2-Car,No injury/unknown,FOLLOWING TOO CLOSELY,ANNA LEE & BLOOMFIELD,39.15802002,-86.55759997,"39.15802002,-86.55759997",52,Cloudy
902548815,2015-10-05,Weekday,16:00:00,2-Car,No injury/unknown,FAILURE TO YIELD RIGHT OF WAY,15TH & DUNN,39.176944,-86.528272,"39.176944,-86.528272",58,Clear
902548965,2015-10-05,Weekday,22:00:00,2-Car,No injury/unknown,FOLLOWING TOO CLOSELY,17TH,39.17984,-86.507088,"39.17984,-86.507088",52,Clear
902549055,2015-10-05,Weekday,21:00:00,2-Car,No injury/unknown,UNSAFE BACKING,S LIBERTY,39.189248,-86.531472,"39.189248,-86.531472",57,Clear
902549056,2015-10-05,Weekday,23:00:00,2-Car,No injury/unknown,UNSAFE BACKING,N WOODBURN & W 13TH,39.17549998,-86.5360102,"39.17549998,-86.5360102",58,Clear
902549155,2015-10-06,Weekday,08:00:00,Bus,No injury/unknown,RAN OFF ROAD RIGHT,E WINSLOW & S HENDERSON,39.136144,-86.5268,"39.136144,-86.5268",57,Clear
902549237,2015-10-05,Weekday,14:00:00,2-Car,No injury/unknown,FAILURE TO YIELD RIGHT OF WAY,FLATWOODS & SR46W,39.24949408,-86.65024812,"39.24949408,-86.65024812",1,Clear
902549269,2015-10-06,Weekday,09:00:00,2-Car,Non-incapacitating,DISREGARD SIGNAL/REG SIGN,DODDS & ROGERS,39.15747017,-86.53869979,"39.15747017,-86.53869979",57,Clear
902549319,2015-10-06,Weekday,10:00:00,2-Car,No injury/unknown,,N GATES,39.16987228,-86.57498168,"39.16987228,-86.57498168",50,Clear
902549386,2015-10-06,Weekday,14:00:00,2-Car,Non-incapacitating,FOLLOWING TOO CLOSELY,3RD & CLIFTON,39.1642803,-86.50968968,"39.1642803,-86.50968968",53,Clear
902549467,2015-10-06,Weekday,14:00:00,3+ Cars,No injury/unknown,FOLLOWING TOO CLOSELY,ATWATER & S PARK,39.16311018,-86.52403877,"39.16311018,-86.52403877",56,Clear
902549470,2015-10-05,Weekday,01:00:00,1-Car,No injury/unknown,IMPROPER LANE USAGE,ACADIA,39.13603116,-86.518496,"39.13603116,-86.518496",55,Clear
902549513,2015-10-06,Weekday,13:00:00,2-Car,No injury/unknown,FOLLOWING TOO CLOSELY,11TH & ROGERS,39.173184,-86.538528,"39.173184,-86.538528",57,Clear
902549691,2015-10-05,Weekday,21:00:00,2-Car,No injury/unknown,UNSAFE LANE MOVEMENT,4TH & INDIANA,39.16619692,-86.52687456,"39.16619692,-86.52687456",57,Clear
902549745,2015-10-06,Weekend,20:00:00,3+ Cars,No injury/unknown,FOLLOWING TOO CLOSELY,RANGE,39.171504,-86.495312,"39.171504,-86.495312",52,Clear
902549756,2015-10-06,Weekday,14:00:00,2-Car,No injury/unknown,,123 S KINGSTON & LONGVIEW,39.166848,-86.4928,"39.166848,-86.4928",51,Clear
902549767,2015-10-06,Weekday,17:00:00,2-Car,No injury/unknown,FOLLOWING TOO CLOSELY,HEATHER & WALNUT ST,39.123856,-86.526656,"39.123856,-86.526656",51,Clear
902549778,2015-10-06,Weekend,21:00:00,2-Car,Non-incapacitating,FAILURE TO YIELD RIGHT OF WAY,E 10TH & N INDIANA,39.17168,-86.527024,"39.17168,-86.527024",57,Clear
902549826,2015-10-06,Weekend,23:00:00,2-Car,No injury/unknown,DISREGARD SIGNAL/REG SIGN,3RD & COLLEGE MALL,39.16424,-86.4984,"39.16424,-86.4984",52,Clear
902549847,2015-10-06,Weekend,23:00:00,Pedestrian,Non-incapacitating,PEDESTRIAN ACTION,ATWATER & JORDAN,39.16304983,-86.51638984,"39.16304983,-86.51638984",55,Clear
902549851,2015-10-07,Weekend,04:00:00,1-Car,No injury/unknown,HOLES/RUTS IN SURFACE,DAISY,39.22788754,-86.60496175,"39.22788754,-86.60496175",1,Clear
902549952,2015-10-07,Weekend,09:00:00,1-Car,No injury/unknown,OTHER (DRIVER) - EXPLAIN IN NARRATIVE,S ROLLING RIDGE & W BLOOMFIELD,39.15496029,-86.56322993,"39.15496029,-86.56322993",51,Clear
902550075,2015-10-05,Weekday,16:00:00,2-Car,No injury/unknown,UNSAFE BACKING,SOUTH ENDWRIGHT,39.14486311,-86.59636996,"39.14486311,-86.59636996",9,Clear
902550086,2015-10-05,Weekday,14:00:00,2-Car,No injury/unknown,FOLLOWING TOO CLOSELY,SR37S & W VICTOR,39.105552,-86.551104,"39.105552,-86.551104",3,Clear
902550087,2015-10-05,Weekday,16:00:00,3+ Cars,Incapacitating,FOLLOWING TOO CLOSELY,SR45W & W AIRPORT,39.13591678,-86.59513562,"39.13591678,-86.59513562",12,Clear
902550114,2015-10-05,Weekday,01:00:00,1-Car,No injury/unknown,IMPROPER TURNING,ACADIA & EAST WINSLOW,39.136048,-86.518496,"39.136048,-86.518496",55,Clear
902550167,2015-10-07,Weekend,19:00:00,2-Car,Non-incapacitating,FAILURE TO YIELD RIGHT OF WAY,E 10TH & N INDIANA,39.17168,-86.527024,"39.17168,-86.527024",57,Clear
902550177,2015-10-07,Weekend,20:00:00,2-Car,No injury/unknown,FAILURE TO YIELD RIGHT OF WAY,S MADISON & W KIRKWOOD,39.166656,-86.537296,"39.166656,-86.537296",58,Clear
902550283,2015-10-07,Weekend,20:00:00,1-Car,No injury/unknown,OTHER (DRIVER) - EXPLAIN IN NARRATIVE,6TH & WALDRON,39.167696,-86.5436,"39.167696,-86.5436",57,Clear
902550285,2015-10-07,Weekend,20:00:00,2-Car,No injury/unknown,FAILURE TO YIELD RIGHT OF WAY,E 3RD & S OVERHILL,39.164272,-86.501488,"39.164272,-86.501488",52,Clear
902550302,2015-11-01,Weekend,01:00:00,2-Car,No injury/unknown,FAILURE TO YIELD RIGHT OF WAY,E 10TH & N INDIANA,39.17168,-86.527024,"39.17168,-86.527024",57,Overcast
902550308,2015-11-01,Weekend,00:00:00,1-Car,No injury/unknown,SPEED TOO FAST FOR WEATHER CONDITIONS,E 19TH & N DUNN,39.18104,-86.5284,"39.18104,-86.5284",58,Overcast
902550328,2015-11-01,Weekend,01:00:00,1-Car,No injury/unknown,SPEED TOO FAST FOR WEATHER CONDITIONS,ELM & KIRKWOOD,39.166768,-86.5452,"39.166768,-86.5452",57,Overcast
902550332,2015-10-07,Weekend,23:00:00,2-Car,No injury/unknown,FAILURE TO YIELD RIGHT OF WAY,E 3RD & S WASHINGTON,39.16464,-86.5324,"39.16464,-86.5324",58,Clear
902550877,2015-11-01,Weekend,13:00:00,2-Car,No injury/unknown,IMPROPER TURNING,AZALEA & HIGHLAND,39.14445341,-86.51739825,"39.14445341,-86.51739825",55,Overcast
902551017,2015-11-01,Weekend,17:00:00,2-Car,No injury/unknown,FOLLOWING TOO CLOSELY,10 TH & SR46E,38.96016476,-86.53102874,"38.96016476,-86.53102874",2,Overcast
902551096,2015-11-01,Weekend,15:00:00,2-Car,No injury/unknown,,202 E DODDS & LINCOLN,39.180675,-86.53162494,"39.180675,-86.53162494",58,Overcast
902551213,2015-11-01,Weekend,17:00:00,2-Car,No injury/unknown,FOLLOWING TOO CLOSELY,SOUTH PATTERSON & WEST 3RD,39.16344009,-86.55128002,"39.16344009,-86.55128002",57,Overcast
902551297,2015-10-04,Weekday,21:00:00,1-Car,No injury/unknown,UNSAFE BACKING,W HENNESSEY,39.12535477,-86.55380249,"39.12535477,-86.55380249",50,Cloudy
902551306,2015-11-01,Weekday,21:00:00,1-Car,No injury/unknown,ANIMAL/OBJECT IN ROADWAY,POPLAR & SR46W,39.23852734,-86.62993739,"39.23852734,-86.62993739",1,Overcast
902551417,2015-11-01,Weekend,01:00:00,1-Car,No injury/unknown,SPEED TOO FAST FOR WEATHER CONDITIONS,LAW & UNION,39.17234033,-86.50966018,"39.17234033,-86.50966018",53,Overcast
902551578,2015-11-02,Weekday,07:00:00,2-Car,No injury/unknown,FOLLOWING TOO CLOSELY,E WINSLOW & S WALNUT,39.136144,-86.528688,"39.136144,-86.528688",58,Clear
902551587,2015-11-02,Weekday,07:00:00,2-Car,No injury/unknown,FOLLOWING TOO CLOSELY,HENDERSON & SOUTH,39.14200667,-86.5268,"39.14200667,-86.5268",57,Clear
902551597,2015-10-06,Weekday,15:00:00,2-Car,No injury/unknown,DISREGARD SIGNAL/REG SIGN,HARTSTRAIGHT & TEMPERANCE,39.22766022,-86.61594003,"39.22766022,-86.61594003",1,Clear
902551688,2015-11-02,Weekday,08:00:00,2-Car,No injury/unknown,UNSAFE SPEED,10TH & WALNUT,39.1716,-86.520896,"39.1716,-86.520896",55,Clear
902551823,2015-11-02,Weekday,10:00:00,2-Car,No injury/unknown,UNSAFE BACKING,S COLLEGE MALL,39.16394547,-86.49833535,"39.16394547,-86.49833535",52,Clear
902551918,2015-11-02,Weekday,12:00:00,2-Car,No injury/unknown,FOLLOWING TOO CLOSELY,SR37N & VERNAL,39.17635934,-86.56266121,"39.17635934,-86.56266121",51,Clear
902552020,2015-11-02,Weekday,12:00:00,2-Car,No injury/unknown,FAILURE TO YIELD RIGHT OF WAY,3RD & SWAIN,39.16425012,-86.51525996,"39.16425012,-86.51525996",55,Clear
902552026,2015-11-02,Weekday,13:00:00,2-Car,No injury/unknown,FOLLOWING TOO CLOSELY,N WALNUT & W 8TH,39.169552,-86.533552,"39.169552,-86.533552",58,Clear
902552046,2015-11-01,Weekday,21:00:00,1-Car,Incapacitating,RAN OFF ROAD RIGHT,E CHAMBERS,39.30432,-86.5168,"39.30432,-86.5168",0,Overcast
902552090,2015-11-02,Weekday,14:00:00,2-Car,Non-incapacitating,FAILURE TO YIELD RIGHT OF WAY,MILLER & WALNUT,39.14681026,-86.53250397,"39.14681026,-86.53250397",58,Clear
902552104,2015-11-02,Weekday,15:00:00,1-Car,No injury/unknown,UNSAFE LANE MOVEMENT,ADAMS HILL & COUNTRYSIDE,39.14240018,-86.55079265,"39.14240018,-86.55079265",57,Clear
902552128,2015-11-02,Weekday,13:00:00,2-Car,No injury/unknown,UNSAFE LANE MOVEMENT,3RD & WALNUT,39.16464,-86.5336,"39.16464,-86.5336",58,Clear
902552193,2015-11-02,Weekday,16:00:00,3+ Cars,Incapacitating,DRIVER DISTRACTED - EXPLAIN IN NARRATIVE,CURRY & WOODLYN,39.145856,-86.582592,"39.145856,-86.582592",50,Clear
902552274,2015-11-02,Weekday,16:00:00,3+ Cars,Incapacitating,FOLLOWING TOO CLOSELY,ROCKPORT & TAPP,39.136448,-86.548704,"39.136448,-86.548704",57,Clear
902552276,2015-10-06,Weekend,19:00:00,1-Car,No injury/unknown,UNSAFE BACKING,WEST JACOBS,39.1652565,-86.57553863,"39.1652565,-86.57553863",50,Clear
902552395,2015-11-02,Weekday,18:00:00,2-Car,No injury/unknown,IMPROPER LANE USAGE,EAST HIGH & EAST MOORES,39.15048257,-86.50844643,"39.15048257,-86.50844643",52,Clear
902552636,2015-11-03,Weekday,00:00:00,1-Car,No injury/unknown,UNSAFE SPEED,N MORTON,39.173216,-86.536,"39.173216,-86.536",58,Clear
902552660,2015-11-03,Weekday,01:00:00,3+ Cars,No injury/unknown,OTHER (DRIVER) - EXPLAIN IN NARRATIVE,11TH & SUMMIT,39.173344,-86.548192,"39.173344,-86.548192",57,Clear
902552700,2015-10-07,Weekend,01:00:00,1-Car,No injury/unknown,SPEED TOO FAST FOR WEATHER CONDITIONS,DUNN & SR37N,39.17863846,-86.52835845,"39.17863846,-86.52835845",58,Clear
902552997,2015-10-07,Weekend,23:00:00,2-Car,No injury/unknown,UNSAFE LANE MOVEMENT,SOUTH LEONARD SPRINGS & SR45W,39.14190066,-86.5828886,"39.14190066,-86.5828886",50,Clear
902552998,2015-10-07,Weekend,23:00:00,2-Car,No injury/unknown,LEFT OF CENTER,EAST BURKS & SOUTH WALNUT STREET,39.17949145,-86.53136314,"39.17949145,-86.53136314",58,Clear
902552999,2015-11-01,Weekday,23:00:00,1-Car,Non-incapacitating,ANIMAL/OBJECT IN ROADWAY,GRIFFITH CEMETERY & SR37N,39.32830777,-86.53163909,"39.32830777,-86.53163909",0,Overcast
902553001,2015-11-03,Weekday,08:00:00,2-Car,No injury/unknown,UNSAFE BACKING,S WALNUT,39.14841,-86.532966,"39.14841,-86.532966",58,Clear
902553007,2015-11-03,Weekday,08:00:00,2-Car,No injury/unknown,FAILURE TO YIELD RIGHT OF WAY,LONGVIEW & PETE ELLIS,39.166944,-86.495056,"39.166944,-86.495056",52,Clear
902553023,2015-10-06,Weekday,10:00:00,1-Car,No injury/unknown,RAN OFF ROAD RIGHT,FULLERTON & SR37,39.27730306,-86.57208251,"39.27730306,-86.57208251",1,Clear
902553048,2015-11-03,Weekday,08:00:00,2-Car,No injury/unknown,FAILURE TO YIELD RIGHT OF WAY,S LIBERTY,39.145264,-86.577616,"39.145264,-86.577616",50,Clear
902553084,2015-11-03,Weekday,10:00:00,Pedestrian,Non-incapacitating,IMPROPER TURNING,W ALLEN,39.156128,-86.560912,"39.156128,-86.560912",51,Clear
902553280,2015-11-03,Weekday,03:00:00,2-Car,No injury/unknown,,W 14TH,39.17601731,-86.53614596,"39.17601731,-86.53614596",58,Clear
902553358,2015-11-03,Weekday,13:00:00,3+ Cars,Incapacitating,FAILURE TO YIELD RIGHT OF WAY,N CURRY & WELMIR,39.16686997,-86.58297032,"39.16686997,-86.58297032",50,Clear
902553617,2015-11-03,Weekday,17:00:00,Cyclist,Incapacitating,FAILURE TO YIELD RIGHT OF WAY,HICKORY & SR48W,39.164832,-86.585856,"39.164832,-86.585856",47,Clear
902553637,2015-11-03,Weekday,18:00:00,2-Car,Non-incapacitating,FAILURE TO YIELD RIGHT OF WAY,S CURRY & W 3RD,39.16463971,-86.58292002,"39.16463971,-86.58292002",50,Clear
902553652,2015-11-03,Weekday,14:00:00,Pedestrian,Non-incapacitating,FAILURE TO YIELD RIGHT OF WAY,N WALNUT & W 7TH,39.16864,-86.533568,"39.16864,-86.533568",58,Clear
902553792,2015-11-03,Weekday,22:00:00,2-Car,No injury/unknown,IMPROPER TURNING,15TH & N WALNUT,39.176848,-86.533424,"39.176848,-86.533424",58,Clear
902553872,2015-11-03,Weekday,22:00:00,Pedestrian,Non-incapacitating,OTHER (DRIVER) - EXPLAIN IN NARRATIVE,E 3RD & S FESS,39.164448,-86.525792,"39.164448,-86.525792",57,Clear
902553988,2015-11-04,Weekday,09:00:00,2-Car,No injury/unknown,FAILURE TO YIELD RIGHT OF WAY,CATHCART & WILCOX,39.14356512,-86.49986006,"39.14356512,-86.49986006",52,Clear
902554066,2015-11-04,Weekday,11:00:00,2-Car,Non-incapacitating,UNSAFE SPEED,CLARIZZ,39.15260696,-86.49272918,"39.15260696,-86.49272918",51,Clear
902554081,2015-11-04,Weekday,10:00:00,2-Car,No injury/unknown,FOLLOWING TOO CLOSELY,E 2ND & SO WALNUT,39.16144,-86.5336,"39.16144,-86.5336",58,Clear
902554125,2015-11-04,Weekday,12:00:00,2-Car,No injury/unknown,FAILURE TO YIELD RIGHT OF WAY,E WINSLOW & SO WALNUT STREET,39.136144,-86.528688,"39.136144,-86.528688",58,Clear
902554126,2015-10-03,Weekday,19:00:00,2-Car,No injury/unknown,FAILURE TO YIELD RIGHT OF WAY,INDUSTRIAL & SR45W,39.143552,-86.580528,"39.143552,-86.580528",50,Heavy rain at times
902554127,2015-10-05,Weekday,16:00:00,2-Car,No injury/unknown,FOLLOWING TOO CLOSELY,BENT PINE & SR45E,39.21178818,-86.45251211,"39.21178818,-86.45251211",2,Clear
902554146,2015-11-04,Weekday,13:00:00,2-Car,No injury/unknown,UNSAFE BACKING,E KIRKWOOD,39.16625595,-86.53031158,"39.16625595,-86.53031158",58,Clear
902554336,2015-11-04,Weekday,15:00:00,Pedestrian,Incapacitating,FAILURE TO YIELD RIGHT OF WAY,E 17TH & FEE,39.178928,-86.518992,"39.178928,-86.518992",55,Clear
902554342,2015-11-04,Weekday,19:00:00,2-Car,No injury/unknown,DISREGARD SIGNAL/REG SIGN,2ND & COLLEGE,39.16138016,-86.53492994,"39.16138016,-86.53492994",58,Clear
902554350,2015-11-04,Weekday,17:00:00,1-Car,No injury/unknown,ANIMAL/OBJECT IN ROADWAY,N OLD STATE ROAD 37 & S GORE,39.032544,-86.541696,"39.032544,-86.541696",3,Clear
902554351,2015-11-04,Weekday,18:00:00,2-Car,No injury/unknown,UNSAFE BACKING,S OLD STATE ROAD 37,39.137088,-86.53056,"39.137088,-86.53056",58,Clear
902554361,2015-11-03,Weekday,15:00:00,1-Car,No injury/unknown,RAN OFF ROAD RIGHT,FAIRFAX & SCHACHT,39.10704,-86.523488,"39.10704,-86.523488",3,Clear
902554362,2015-11-03,Weekday,16:00:00,3+ Cars,No injury/unknown,FAILURE TO YIELD RIGHT OF WAY,N CURRY & WOODYARD,39.12679203,-86.58252976,"39.12679203,-86.58252976",46,Clear
902554389,2015-11-04,Weekday,05:00:00,1-Car,Non-incapacitating,RAN OFF ROAD RIGHT,N CURRY & W JONATHON,39.16835994,-86.58299702,"39.16835994,-86.58299702",50,Clear
902554418,2015-10-03,Weekday,23:00:00,2-Car,No injury/unknown,OVERCORRECTING/OVERSTEERING,E KIRKWOOD,39.16680492,-86.52200505,"39.16680492,-86.52200505",56,Heavy rain at times
902554511,2015-10-04,Weekday,09:00:00,2-Car,No injury/unknown,FAILURE TO YIELD RIGHT OF WAY,DILLMAN & SR37S,39.09023917,-86.54535097,"39.09023917,-86.54535097",0,Cloudy
902554608,2015-11-02,Weekday,12:00:00,2-Car,No injury/unknown,UNSAFE BACKING,LIBERTY,39.189248,-86.531472,"39.189248,-86.531472",57,Clear
902554609,2015-11-03,Weekday,08:00:00,2-Car,Incapacitating,FOLLOWING TOO CLOSELY,MATHEWS & MCNEELY,39.23821557,-86.62395146,"39.23821557,-86.62395146",1,Clear
902554696,2015-10-06,Weekday,10:00:00,2-Car,No injury/unknown,FOLLOWING TOO CLOSELY,BELLE & HICKORY,39.16344,-86.58584,"39.16344,-86.58584",47,Clear
902554770,2015-11-03,Weekday,01:00:00,2-Car,No injury/unknown,OTHER (DRIVER) - EXPLAIN IN NARRATIVE,4TH & COLLEGE,39.16593866,-86.5348,"39.16593866,-86.5348",58,Clear
902554790,2015-11-05,Weekday,10:00:00,2-Car,Incapacitating,DISREGARD SIGNAL/REG SIGN,HARTSTRAIGHT & SR46W,39.21759033,-86.61190795,"39.21759033,-86.61190795",2,Overcast
902554884,2015-11-05,Weekday,12:00:00,2-Car,Non-incapacitating,FOLLOWING TOO CLOSELY,E 3RD & S BRYAN,39.16432,-86.50824,"39.16432,-86.50824",52,Overcast
902555018,2015-11-05,Weekday,16:00:00,2-Car,Incapacitating,FOLLOWING TOO CLOSELY,3RD & WOODCREST,39.164272,-86.502416,"39.164272,-86.502416",52,Overcast
902555031,2015-11-05,Weekday,19:00:00,2-Car,No injury/unknown,FOLLOWING TOO CLOSELY,PATTERSON & W 2ND,39.16074984,-86.54850997,"39.16074984,-86.54850997",57,Overcast
902555054,2015-11-05,Weekday,19:00:00,2-Car,No injury/unknown,UNSAFE BACKING,N FEE,39.17612549,-86.51898236,"39.17612549,-86.51898236",55,Overcast
902555084,2015-11-05,Weekday,20:00:00,Moped/Motorcycle,Incapacitating,ANIMAL/OBJECT IN ROADWAY,KETCHAM & POPCORN,39.01174977,-86.56190608,"39.01174977,-86.56190608",3,Overcast
902555085,2015-11-05,Weekday,17:00:00,2-Car,No injury/unknown,FOLLOWING TOO CLOSELY,E HILLSIDE & S WALNUT,39.150544,-86.5336,"39.150544,-86.5336",58,Overcast
902555086,2015-11-05,Weekday,19:00:00,2-Car,No injury/unknown,FAILURE TO YIELD RIGHT OF WAY,EAST 17TH & JORDAN,39.17882994,-86.51244029,"39.17882994,-86.51244029",54,Overcast
902555127,2015-11-05,Weekday,22:00:00,1-Car,No injury/unknown,OTHER (DRIVER) - EXPLAIN IN NARRATIVE,1285 LIBERTY & CONSTITUTION,39.2644305,-86.574913,"39.2644305,-86.574913",1,Overcast
902555248,2015-11-04,Weekday,01:00:00,1-Car,No injury/unknown,ANIMAL/OBJECT IN ROADWAY,SR37N & WAYPORT,39.25794294,-86.52503846,"39.25794294,-86.52503846",0,Clear
902555356,2015-11-06,Weekday,08:00:00,2-Car,No injury/unknown,DRIVER DISTRACTED - EXPLAIN IN NARRATIVE,10TH & SR4546N,39.176848,-86.478192,"39.176848,-86.478192",44,Overcast
902555367,2015-11-05,Weekday,11:00:00,2-Car,No injury/unknown,UNSAFE BACKING,SR 45 46 BYPASS,39.18641724,-86.534193,"39.18641724,-86.534193",57,Overcast
902555419,2015-11-05,Weekday,17:00:00,2-Car,No injury/unknown,IMPROPER TURNING,EAST EASTGATE,39.1700618,-86.50115557,"39.1700618,-86.50115557",52,Overcast
902555596,2015-11-06,Weekday,08:00:00,1-Car,No injury/unknown,RAN OFF ROAD RIGHT,SMITHVILLE & ZYKES,39.07113992,-86.52544332,"39.07113992,-86.52544332",3,Overcast
902555652,2015-11-06,Weekday,12:00:00,2-Car,No injury/unknown,FOLLOWING TOO CLOSELY,600 BLK COLLEGE & W 2ND,39.11908444,-86.53492982,"39.11908444,-86.53492982",12,Overcast
902555747,2015-10-07,Weekend,23:00:00,1-Car,No injury/unknown,RAN OFF ROAD RIGHT,WALNUT STREET & WINSLOW,39.136144,-86.528688,"39.136144,-86.528688",58,Clear
902555852,2015-11-05,Weekday,17:00:00,2-Car,No injury/unknown,IMPROPER TURNING,S COLLEGE MALL,39.15427029,-86.49764657,"39.15427029,-86.49764657",52,Overcast
902555895,2015-11-06,Weekday,14:00:00,2-Car,No injury/unknown,FOLLOWING TOO CLOSELY,E DIXIE & S HENDERSON,39.15664,-86.527072,"39.15664,-86.527072",57,Overcast
902555973,2015-11-06,Weekday,18:00:00,2-Car,No injury/unknown,FOLLOWING TOO CLOSELY,10TH & CAMPBELL,39.17158999,-86.51393166,"39.17158999,-86.51393166",55,Overcast
902556029,2015-11-06,Weekday,15:00:00,3+ Cars,Incapacitating,FOLLOWING TOO CLOSELY,17TH & SR46E,39.18077171,-86.50838423,"39.18077171,-86.50838423",52,Overcast
902556103,2015-11-06,Weekday,03:00:00,1-Car,No injury/unknown,ANIMAL/OBJECT IN ROADWAY,W WALCOTT & W WOODYARD,39.201488,-86.601968,"39.201488,-86.601968",7,Overcast