Master Record Number,Date,Weekend?,Hour,Collision Type,Injury Type,Primary Factor,Reported_Location,Latitude,Longitude,Location,Number of Bars,Weather Condition
902566546,2015-11-04,Weekday,11:00:00,1-Car,No injury/unknown,IMPROPER TURNING,SOUTH OLD 37 ST,39.10695267,-86.53194427,"39.10695267,-86.53194427",3,Clear
902567751,2015-11-07,Weekend,04:00:00,1-Car,Non-incapacitating,RAN OFF ROAD RIGHT,E RAMP CREEK & S FAIRFAX,39.071152,-86.503088,"39.071152,-86.503088",3,Cloudy
902567885,2015-11-05,Weekday,16:00:00,2-Car,No injury/unknown,FAILURE TO YIELD RIGHT OF WAY,S STATE ROAD 37 & TAPP,39.13680024,-86.57320917,"39.13680024,-86.57320917",51,Overcast
902567886,2015-11-05,Weekday,18:00:00,1-Car,No injury/unknown,ANIMAL/OBJECT IN ROADWAY,E MOFFETT & ORNAMENTAL,39.09973025,-86.50344154,"39.09973025,-86.50344154",1,Overcast
902567887,2015-11-05,Weekday,21:00:00,1-Car,No injury/unknown,ANIMAL/OBJECT IN ROADWAY,SR37S & ZIKES,39.04973065,-86.53588429,"39.04973065,-86.53588429",3,Overcast
902567922,2015-11-07,Weekend,14:00:00,1-Car,Incapacitating,OTHER (DRIVER) - EXPLAIN IN NARRATIVE,W STATE ROAD 45,39.144969,-86.575233,"39.144969,-86.575233",50,Cloudy
902568188,2015-11-07,Weekend,13:00:00,1-Car,No injury/unknown,SPEED TOO FAST FOR WEATHER CONDITIONS,N ROGERS & W 10TH,39.175152,-86.538512,"39.175152,-86.538512",57,Cloudy
902568201,2015-11-07,Weekend,16:00:00,1-Car,Incapacitating,SPEED TOO FAST FOR WEATHER CONDITIONS,S MULLER & W 3RD,39.16450024,-86.56270019,"39.16450024,-86.56270019",51,Cloudy
902568337,2015-11-06,Weekend,20:00:00,1-Car,No injury/unknown,ANIMAL/OBJECT IN ROADWAY,SR46W & STINESVILLE,39.27093674,-86.67017741,"39.27093674,-86.67017741",2,Overcast
902568338,2015-11-06,Weekend,22:00:00,1-Car,No injury/unknown,RAN OFF ROAD RIGHT,CURRY PIKE & JONATHAN,39.16835994,-86.58299702,"39.16835994,-86.58299702",50,Overcast
902568363,2015-11-07,Weekend,12:00:00,2-Car,Non-incapacitating,FOLLOWING TOO CLOSELY,LAKE CREST & W BLOOMFIELD,39.15543973,-86.5624971,"39.15543973,-86.5624971",51,Cloudy
902568472,2015-11-07,Weekend,12:00:00,2-Car,No injury/unknown,UNSAFE BACKING,S LIBERTY,39.145264,-86.577616,"39.145264,-86.577616",50,Cloudy
902568478,2015-11-01,Weekend,11:00:00,2-Car,No injury/unknown,FAILURE TO YIELD RIGHT OF WAY,N JACOBS,39.16848755,-86.5732727,"39.16848755,-86.5732727",51,Overcast
902568497,2015-11-01,Weekend,12:00:00,2-Car,No injury/unknown,,BRANDON,39.1387336,-86.52559183,"39.1387336,-86.52559183",57,Overcast
902568508,2015-11-01,Weekend,12:00:00,2-Car,No injury/unknown,DISREGARD SIGNAL/REG SIGN,THIRD,39.164752,-86.573104,"39.164752,-86.573104",51,Overcast
902568510,2015-11-07,Weekend,16:00:00,2-Car,No injury/unknown,FAILURE TO YIELD RIGHT OF WAY,S CURRY & SR45W,39.142048,-86.582592,"39.142048,-86.582592",50,Cloudy
902568557,2015-11-04,Weekday,14:00:00,2-Car,No injury/unknown,OVERCORRECTING/OVERSTEERING,S KINGSTON,39.16655822,-86.492816,"39.16655822,-86.492816",51,Clear
902568564,2015-11-07,Weekend,19:00:00,1-Car,No injury/unknown,SPEED TOO FAST FOR WEATHER CONDITIONS,E HICKORY STICK & E WINSLOW FARM,39.13817033,-86.5201798,"39.13817033,-86.5201798",55,Cloudy
902568585,2015-11-01,Weekend,14:00:00,2-Car,Non-incapacitating,FOLLOWING TOO CLOSELY,COLLEGE MALL & MOORES,39.15099695,-86.4979744,"39.15099695,-86.4979744",52,Overcast
902568770,2015-11-06,Weekday,15:00:00,2-Car,No injury/unknown,FAILURE TO YIELD RIGHT OF WAY,SAMPLE & SR37N,39.26616,-86.522752,"39.26616,-86.522752",0,Overcast
902568771,2015-11-06,Weekend,20:00:00,1-Car,No injury/unknown,RAN OFF ROAD RIGHT,CEDAR BLUFF & SOUTH OLD STATE ROAD,39.042144,-86.5412,"39.042144,-86.5412",3,Overcast
902568772,2015-11-07,Weekend,19:00:00,2-Car,Incapacitating,LEFT OF CENTER,HARMONY & W ISON,39.108848,-86.6384,"39.108848,-86.6384",0,Cloudy
902568773,2015-11-01,Weekend,18:00:00,2-Car,No injury/unknown,UNSAFE LANE MOVEMENT,ACUFF & SR37N,39.20796535,-86.55470202,"39.20796535,-86.55470202",46,Overcast
902568777,2015-11-01,Weekend,13:00:00,Cyclist,Incapacitating,OTHER (DRIVER) - EXPLAIN IN NARRATIVE,S WINSLOW,39.13821257,-86.524,"39.13821257,-86.524",56,Overcast
902568818,2015-11-01,Weekday,19:00:00,1-Car,No injury/unknown,ANIMAL/OBJECT IN ROADWAY,S ROCKPORT & S STANSIFER,39.108032,-86.575552,"39.108032,-86.575552",2,Overcast
902569103,2015-11-02,Weekday,08:00:00,2-Car,No injury/unknown,OTHER (DRIVER) - EXPLAIN IN NARRATIVE,EAST THIRD & INDIANA,39.164448,-86.5268,"39.164448,-86.5268",57,Clear
902569476,2015-11-02,Weekday,12:00:00,2-Car,Incapacitating,FAILURE TO YIELD RIGHT OF WAY,RATLIFF & SR45E,39.21141815,-86.62164306,"39.21141815,-86.62164306",5,Clear
902569504,2015-11-02,Weekday,13:00:00,2-Car,No injury/unknown,FAILURE TO YIELD RIGHT OF WAY,CAVE ROAD & SR48W,39.163152,-86.629104,"39.163152,-86.629104",4,Clear
902569598,2015-11-02,Weekday,14:00:00,3+ Cars,Non-incapacitating,FOLLOWING TOO CLOSELY,S MULLER & W 3RD,39.16450024,-86.56270019,"39.16450024,-86.56270019",51,Clear
902569663,2015-11-02,Weekday,13:00:00,2-Car,No injury/unknown,FOLLOWING TOO CLOSELY,E WINSLOW & S WALNUT,39.136144,-86.528688,"39.136144,-86.528688",58,Clear
902569683,2015-11-02,Weekday,15:00:00,2-Car,No injury/unknown,FAILURE TO YIELD RIGHT OF WAY,FAIRFAX & S OLD STATE ROAD 37,39.10725988,-86.53149001,"39.10725988,-86.53149001",3,Clear
902569742,2015-11-02,Weekday,17:00:00,2-Car,No injury/unknown,UNSAFE LANE MOVEMENT,10TH & WALNUT,39.171744,-86.53352,"39.171744,-86.53352",58,Clear
902569814,2015-11-07,Weekend,15:00:00,2-Car,No injury/unknown,RAN OFF ROAD RIGHT,AIRPORT & GARRISON CHAPEL,39.13704005,-86.64115678,"39.13704005,-86.64115678",1,Cloudy
902569815,2015-11-01,Weekend,16:00:00,2-Car,No injury/unknown,OTHER (DRIVER) - EXPLAIN IN NARRATIVE,BURMA & SR37N,39.3145402,-86.51147583,"39.3145402,-86.51147583",0,Overcast
902569840,2015-11-02,Weekday,22:00:00,1-Car,No injury/unknown,UNSAFE SPEED,BARR & MT TABOR,39.273888,-86.621456,"39.273888,-86.621456",1,Clear
902569860,2015-11-02,Weekday,17:00:00,3+ Cars,Non-incapacitating,FAILURE TO YIELD RIGHT OF WAY,RIDGEWOOD & SR46W,39.217248,-86.598992,"39.217248,-86.598992",3,Clear
902569926,2015-11-02,Weekday,23:00:00,1-Car,No injury/unknown,ANIMAL/OBJECT IN ROADWAY,HARTSTRAIT & SR46W,39.22766271,-86.61599803,"39.22766271,-86.61599803",1,Clear
902570131,2015-11-02,Weekday,21:00:00,1-Car,No injury/unknown,RAN OFF ROAD RIGHT,E BENSON,39.121568,-86.520464,"39.121568,-86.520464",28,Clear
902570169,2015-11-03,Weekday,09:00:00,2-Car,No injury/unknown,OTHER (DRIVER) - EXPLAIN IN NARRATIVE,N MADISON & W 17TH,39.178992,-86.537792,"39.178992,-86.537792",57,Clear
902570519,2015-11-02,Weekday,07:00:00,2-Car,No injury/unknown,FOLLOWING TOO CLOSELY,SR37N & VICTOR,39.105552,-86.551104,"39.105552,-86.551104",3,Clear
902570520,2015-11-03,Weekday,07:00:00,1-Car,No injury/unknown,RAN OFF ROAD RIGHT,FORREST PARK & SR46W,39.21206673,-86.58700874,"39.21206673,-86.58700874",25,Clear
902570640,2015-11-03,Weekday,13:00:00,2-Car,No injury/unknown,OTHER (DRIVER) - EXPLAIN IN NARRATIVE,EAST UNIVERSITY & SOUTH WOODLAWN,39.16033007,-86.52264439,"39.16033007,-86.52264439",56,Clear
902570919,2015-11-03,Weekday,15:00:00,2-Car,No injury/unknown,IMPROPER PASSING,S MILTON & W GRAHAM,39.139968,-86.539712,"39.139968,-86.539712",57,Clear
902570935,2015-11-03,Weekday,18:00:00,2-Car,No injury/unknown,OVERCORRECTING/OVERSTEERING,E ALLENDALE & S WALNUT STREET,39.130944,-86.526688,"39.130944,-86.526688",57,Clear
902570944,2015-11-04,Weekday,17:00:00,2-Car,No injury/unknown,OTHER (DRIVER) - EXPLAIN IN NARRATIVE,S BASSWOOD,39.15001474,-86.57148427,"39.15001474,-86.57148427",51,Clear
902570990,2015-11-03,Weekday,18:00:00,1-Car,No injury/unknown,ANIMAL/OBJECT IN ROADWAY,MONROE DAM & OLD STATE ROAD 37,39.18554492,-86.53944008,"39.18554492,-86.53944008",56,Clear
902570994,2015-11-05,Weekday,21:00:00,2-Car,No injury/unknown,UNSAFE BACKING,LARKSPUR & WEST ALLEN,39.1557502,-86.54797017,"39.1557502,-86.54797017",57,Overcast
902571147,2015-11-03,Weekday,12:00:00,2-Car,Non-incapacitating,FOLLOWING TOO CLOSELY,1ST & COLLEGE,39.1774293,-86.53473178,"39.1774293,-86.53473178",58,Clear
902571223,2015-11-03,Weekday,12:00:00,2-Car,No injury/unknown,OTHER (DRIVER) - EXPLAIN IN NARRATIVE,SR37 & TAPP,39.13674164,-86.57086944,"39.13674164,-86.57086944",51,Clear
902571251,2015-11-03,Weekday,12:00:00,2-Car,Non-incapacitating,FOLLOWING TOO CLOSELY,KIMBLE & W 3RD,39.16464,-86.568,"39.16464,-86.568",51,Clear
902571411,2015-11-04,Weekday,12:00:00,Bus,No injury/unknown,OTHER (DRIVER) - EXPLAIN IN NARRATIVE,KIRKWOOD,39.16661248,-86.5320231,"39.16661248,-86.5320231",58,Clear
902571424,2015-11-04,Weekday,07:00:00,1-Car,Incapacitating,RAN OFF ROAD RIGHT,GARRISON CHAPEL & SR48W,39.11790085,-86.64218165,"39.11790085,-86.64218165",0,Clear
902571447,2015-11-03,Weekday,06:00:00,1-Car,No injury/unknown,ANIMAL/OBJECT IN ROADWAY,INGRAM & SR37S,38.99338926,-86.53726441,"38.99338926,-86.53726441",4,Clear
902571448,2015-11-03,Weekday,07:00:00,1-Car,No injury/unknown,ANIMAL/OBJECT IN ROADWAY,INGRAM & SR37S,38.99338926,-86.53726441,"38.99338926,-86.53726441",4,Clear
902571581,2015-11-04,Weekday,15:00:00,2-Car,Non-incapacitating,FAILURE TO YIELD RIGHT OF WAY,MOODY & S HENDERSON,39.148064,-86.526912,"39.148064,-86.526912",57,Clear
902571582,2015-11-04,Weekday,16:00:00,2-Car,No injury/unknown,UNSAFE LANE MOVEMENT,11TH & N WALNUT,39.173248,-86.533488,"39.173248,-86.533488",58,Clear
902571635,2015-11-04,Weekday,19:00:00,Pedestrian,Incapacitating,OTHER (DRIVER) - EXPLAIN IN NARRATIVE,CLARIZZ & COVENTANTER,39.15246986,-86.49054588,"39.15246986,-86.49054588",51,Clear
902571658,2015-11-04,Weekday,14:00:00,2-Car,No injury/unknown,FAILURE TO YIELD RIGHT OF WAY,3RD & KINGSTON,39.1645144,-86.49292885,"39.1645144,-86.49292885",51,Clear
902571670,2015-11-04,Weekday,15:00:00,2-Car,Incapacitating,FOLLOWING TOO CLOSELY,BURKS & S WALNUT,39.13723389,-86.53136998,"39.13723389,-86.53136998",58,Clear
902571679,2015-11-04,Weekday,13:00:00,2-Car,No injury/unknown,FAILURE TO YIELD RIGHT OF WAY,1919 S WALNUT & MILLER,39.146944,-86.532544,"39.146944,-86.532544",58,Clear
902571711,2015-11-04,Weekday,22:00:00,2-Car,Non-incapacitating,UNSAFE SPEED,3RD & LIBERTY,39.16461021,-86.57913006,"39.16461021,-86.57913006",50,Clear
902571785,2015-11-04,Weekday,11:00:00,Bus,No injury/unknown,UNSAFE BACKING,MULLER,39.16180998,-86.56743228,"39.16180998,-86.56743228",51,Clear
902571831,2015-11-05,Weekday,04:00:00,1-Car,Incapacitating,ANIMAL/OBJECT IN ROADWAY,GARRISON CHAPEL & SR48W,39.16350729,-86.64372165,"39.16350729,-86.64372165",1,Overcast
902571853,2015-11-04,Weekday,06:00:00,2-Car,No injury/unknown,IMPROPER LANE USAGE,3RD & GRANT,39.16464,-86.529728,"39.16464,-86.529728",58,Clear
902571860,2015-11-05,Weekday,10:00:00,2-Car,No injury/unknown,UNSAFE BACKING,JOHN HINKLE,39.17056,-86.492704,"39.17056,-86.492704",51,Overcast
902571903,2015-11-04,Weekday,13:00:00,2-Car,No injury/unknown,DRIVER ASLEEP OR FATIGUED,4TH & SR46W,39.233344,-86.624,"39.233344,-86.624",1,Clear
902572049,2015-11-04,Weekday,15:00:00,Moped/Motorcycle,Non-incapacitating,FOLLOWING TOO CLOSELY,BLUE RIDGE & WALNUT,39.14399421,-86.53452023,"39.14399421,-86.53452023",58,Clear
902572059,2015-11-05,Weekday,20:00:00,2-Car,No injury/unknown,OTHER (VEHICLE) - EXPLAIN IN NARRATIVE,2850 E 3RD & COLLEGE MALL,39.16424,-86.4984,"39.16424,-86.4984",52,Overcast
902572063,2015-11-04,Weekday,17:00:00,2-Car,No injury/unknown,OTHER (DRIVER) - EXPLAIN IN NARRATIVE,DOYLE & VILLAGE,39.15978713,-86.58387621,"39.15978713,-86.58387621",50,Clear
902572064,2015-11-05,Weekday,16:00:00,1-Car,No injury/unknown,DRIVER ILLNESS,GARRISON CHAPEL & GIFFORD,39.151552,-86.643504,"39.151552,-86.643504",1,Overcast
902572065,2015-11-05,Weekday,20:00:00,2-Car,No injury/unknown,LEFT OF CENTER,CHAFIN CHAPEL & RED HILL,39.31249031,-86.63475975,"39.31249031,-86.63475975",1,Overcast
902572246,2015-11-06,Weekday,10:00:00,2-Car,Incapacitating,FOLLOWING TOO CLOSELY,COLLEGE MALL & E 3RD,39.16424,-86.4984,"39.16424,-86.4984",52,Overcast
902572325,2015-11-06,Weekday,13:00:00,2-Car,Non-incapacitating,DRIVER DISTRACTED - EXPLAIN IN NARRATIVE,SR37N & STATE ROAD 45,39.148144,-86.572992,"39.148144,-86.572992",51,Overcast
902572342,2015-11-06,Weekday,16:00:00,1-Car,No injury/unknown,UNSAFE BACKING,HAWTHORNE & SOUTHDOWNS,39.15580988,-86.52042319,"39.15580988,-86.52042319",55,Overcast
902572346,2015-11-06,Weekday,14:00:00,2-Car,No injury/unknown,FAILURE TO YIELD RIGHT OF WAY,E 3RD,39.16424,-86.49418049,"39.16424,-86.49418049",51,Overcast
902572360,2015-11-06,Weekday,14:00:00,1-Car,Non-incapacitating,SPEED TOO FAST FOR WEATHER CONDITIONS,ALLEN & BLOOMFIELD,39.156144,-86.561296,"39.156144,-86.561296",51,Overcast
902572429,2015-11-06,Weekday,18:00:00,2-Car,Non-incapacitating,FOLLOWING TOO CLOSELY,17TH & MAPLE,39.17903718,-86.54174313,"39.17903718,-86.54174313",57,Overcast
902572435,2015-11-06,Weekday,16:00:00,2-Car,No injury/unknown,DISREGARD SIGNAL/REG SIGN,SOUTH CORY & WEST 3RD,39.164544,-86.560096,"39.164544,-86.560096",51,Overcast
902572497,2015-11-06,Weekday,15:00:00,1-Car,No injury/unknown,RAN OFF ROAD RIGHT,S TYLER,39.1316,-86.576944,"39.1316,-86.576944",50,Overcast
902572506,2015-11-06,Weekend,21:00:00,2-Car,No injury/unknown,ANIMAL/OBJECT IN ROADWAY,17TH & LINGELBACH,39.1792497,-86.50839156,"39.1792497,-86.50839156",52,Overcast
902572588,2015-11-06,Weekday,01:00:00,1-Car,No injury/unknown,ANIMAL/OBJECT IN ROADWAY,N SR 37 BUSINESS & W  BAYLES,39.29488158,-86.53700999,"39.29488158,-86.53700999",0,Overcast
902572661,2015-11-07,Weekend,05:00:00,1-Car,Non-incapacitating,OTHER (DRIVER) - EXPLAIN IN NARRATIVE,S BRITTANY,39.13731265,-86.5225606,"39.13731265,-86.5225606",56,Cloudy
902572707,2015-11-06,Weekday,12:00:00,2-Car,Incapacitating,FAILURE TO YIELD RIGHT OF WAY,STATE ROAD 45,39.14368,-86.579063,"39.14368,-86.579063",50,Overcast
902572739,2015-11-07,Weekend,09:00:00,2-Car,No injury/unknown,FOLLOWING TOO CLOSELY,SR4546E & WALNUT,39.186368,-86.5344,"39.186368,-86.5344",57,Cloudy
902572755,2015-11-07,Weekend,10:00:00,2-Car,No injury/unknown,FAILURE TO YIELD RIGHT OF WAY,E 2ND & S COLLEGE MALL,39.160944,-86.497696,"39.160944,-86.497696",52,Cloudy
902572802,2015-11-07,Weekend,12:00:00,2-Car,No injury/unknown,OTHER (DRIVER) - EXPLAIN IN NARRATIVE,HAGAN & SMITH,39.16294992,-86.48080028,"39.16294992,-86.48080028",50,Cloudy
902572843,2015-11-07,Weekend,14:00:00,2-Car,No injury/unknown,FOLLOWING TOO CLOSELY,E 3RD & S JORDAN,39.16426018,-86.51639557,"39.16426018,-86.51639557",55,Cloudy
902572890,2015-11-06,Weekend,19:00:00,2-Car,No injury/unknown,IMPROPER TURNING,E 17TH & E LINGELBACH,39.1792497,-86.50840021,"39.1792497,-86.50840021",52,Overcast
902572909,2015-11-07,Weekend,15:00:00,2-Car,Incapacitating,FAILURE TO YIELD RIGHT OF WAY,NORTH WALNUT & WEST 14TH,39.175952,-86.53344,"39.175952,-86.53344",58,Cloudy
902572918,2015-11-07,Weekend,16:00:00,2-Car,No injury/unknown,FOLLOWING TOO CLOSELY,LEONARD SPRINGS & TAPP,39.13704,-86.582512,"39.13704,-86.582512",50,Cloudy
902572943,2015-11-06,Weekend,22:00:00,2-Car,No injury/unknown,FOLLOWING TOO CLOSELY,MONROE DAM & S OLD STATE ROAD 37,39.01866987,-86.53944008,"39.01866987,-86.53944008",3,Overcast
902572944,2015-11-07,Weekend,14:00:00,1-Car,No injury/unknown,SPEED TOO FAST FOR WEATHER CONDITIONS,KETCHAM & POPCORN,39.00638637,-86.57203295,"39.00638637,-86.57203295",1,Overcast
902572948,2015-11-06,Weekday,18:00:00,1-Car,No injury/unknown,RAN OFF ROAD RIGHT,N CROSSOVER & SR37,39.41013981,-86.51703486,"39.41013981,-86.51703486",0,Overcast
902572956,2015-11-07,Weekend,18:00:00,2-Car,No injury/unknown,FOLLOWING TOO CLOSELY,E 3RD & SR 46,39.16425012,-86.47205024,"39.16425012,-86.47205024",18,Cloudy
902572978,2015-11-07,Weekend,18:00:00,2-Car,No injury/unknown,SPEED TOO FAST FOR WEATHER CONDITIONS,WALNUT STREET & WINSLOW,39.1359897,-86.52879975,"39.1359897,-86.52879975",58,Cloudy
902573077,2015-11-07,Weekend,22:00:00,2-Car,No injury/unknown,FAILURE TO YIELD RIGHT OF WAY,3RD & COLLEGE,39.16464,-86.534816,"39.16464,-86.534816",58,Cloudy
902573078,2015-11-01,Weekend,00:00:00,2-Car,Non-incapacitating,FAILURE TO YIELD RIGHT OF WAY,8TH & WALNUT,39.169552,-86.533552,"39.169552,-86.533552",58,Overcast
902573081,2015-11-07,Weekend,04:00:00,1-Car,Incapacitating,SPEED TOO FAST FOR WEATHER CONDITIONS,N STONEYBROOK & W ALRINGTON,39.20197003,-86.56172862,"39.20197003,-86.56172862",46,Cloudy
902573093,2015-11-01,Weekend,01:00:00,1-Car,No injury/unknown,UNSAFE SPEED,3RD & DUNN,39.164448,-86.528096,"39.164448,-86.528096",58,Overcast
902573113,2015-11-01,Weekend,02:00:00,1-Car,No injury/unknown,ANIMAL/OBJECT IN ROADWAY,SR46W & STINESVILLE,39.26779516,-86.66674898,"39.26779516,-86.66674898",2,Overcast
902573275,2015-11-01,Weekend,10:00:00,1-Car,No injury/unknown,SPEED TOO FAST FOR WEATHER CONDITIONS,FAIRFAX & SCHACHT,39.10622986,-86.52282382,"39.10622986,-86.52282382",3,Overcast
902573412,2015-11-01,Weekend,11:00:00,2-Car,No injury/unknown,,S COLLEGE,39.16446694,-86.53481763,"39.16446694,-86.53481763",58,Overcast
902573546,2015-11-01,Weekend,15:00:00,1-Car,Incapacitating,OVERCORRECTING/OVERSTEERING,HINDS & SR45W,39.09887587,-86.6523924,"39.09887587,-86.6523924",0,Overcast
902573583,2015-11-07,Weekend,12:00:00,1-Car,No injury/unknown,RAN OFF ROAD RIGHT,FAIRFAX & SCHACHT,39.10588266,-86.52253918,"39.10588266,-86.52253918",3,Cloudy
902573584,2015-11-07,Weekend,12:00:00,Pedestrian,Incapacitating,RAN OFF ROAD RIGHT,FAIRFAX & SCHACHT,39.10588266,-86.52253918,"39.10588266,-86.52253918",3,Cloudy
902573585,2015-11-02,Weekday,02:00:00,1-Car,Incapacitating,RAN OFF ROAD RIGHT,NEHRT & ROBINSON,39.24065016,-86.44277349,"39.24065016,-86.44277349",1,Clear
902573732,2015-11-02,Weekday,08:00:00,2-Car,No injury/unknown,OTHER (DRIVER) - EXPLAIN IN NARRATIVE,S HENDERSON & THORNTON,39.148544,-86.526912,"39.148544,-86.526912",57,Clear
902573989,2015-11-02,Weekday,10:00:00,2-Car,No injury/unknown,DISREGARD SIGNAL/REG SIGN,10TH & INDIANA,39.17168,-86.527024,"39.17168,-86.527024",57,Clear
902574248,2015-11-02,Weekday,17:00:00,2-Car,No injury/unknown,FAILURE TO YIELD RIGHT OF WAY,11TH & MORTON,39.173216,-86.536,"39.173216,-86.536",58,Clear
902574338,2015-11-02,Weekday,16:00:00,2-Car,No injury/unknown,FAILURE TO YIELD RIGHT OF WAY,E HILLSIDE & S WOODLAWN,39.15072,-86.522496,"39.15072,-86.522496",56,Clear
902574491,2015-11-02,Weekday,23:00:00,2-Car,No injury/unknown,IMPROPER TURNING,7TH & WALNUT,39.16864,-86.533568,"39.16864,-86.533568",58,Clear
902574573,2015-11-02,Weekday,13:00:00,2-Car,No injury/unknown,FAILURE TO YIELD RIGHT OF WAY,ALLEY & GRANT,39.16556168,-86.52983195,"39.16556168,-86.52983195",58,Clear
902574912,2015-12-03,Weekday,11:00:00,2-Car,No injury/unknown,OTHER (DRIVER) - EXPLAIN IN NARRATIVE,S COLLEGE MALL,39.16394547,-86.49833535,"39.16394547,-86.49833535",52,Clear
902574963,2015-12-03,Weekday,09:00:00,2-Car,No injury/unknown,UNSAFE BACKING,W 3RD,39.164848,-86.5761011,"39.164848,-86.5761011",50,Clear
902574971,2015-12-03,Weekday,10:00:00,3+ Cars,Non-incapacitating,FAILURE TO YIELD RIGHT OF WAY,KIMBLE & W 3RD,39.16464,-86.568,"39.16464,-86.568",51,Clear
902575032,2015-11-01,Weekday,21:00:00,1-Car,No injury/unknown,ANIMAL/OBJECT IN ROADWAY,BAYLES & STATE RD 37 BUSINESS,39.00370672,-86.53700999,"39.00370672,-86.53700999",4,Overcast
902575106,2015-11-02,Weekday,09:00:00,2-Car,No injury/unknown,LEFT OF CENTER,BETHEL & SR45E,39.214406,-86.45631982,"39.214406,-86.45631982",1,Clear
902575107,2015-12-03,Weekday,06:00:00,1-Car,No injury/unknown,RAN OFF ROAD RIGHT,FAIRFAX & MARIE,39.10568006,-86.5224798,"39.10568006,-86.5224798",3,Clear
902575108,2015-12-03,Weekday,08:00:00,2-Car,No injury/unknown,FOLLOWING TOO CLOSELY,FAIRFAX & WALNUT STREET,39.10715997,-86.52650982,"39.10715997,-86.52650982",3,Clear
902575141,2015-12-03,Weekday,14:00:00,2-Car,No injury/unknown,UNSAFE BACKING,WALNUT,39.17839758,-86.53339992,"39.17839758,-86.53339992",58,Clear
902575189,2015-12-03,Weekday,13:00:00,2-Car,No injury/unknown,FAILURE TO YIELD RIGHT OF WAY,SR45W & W INDUSTRIAL,39.143552,-86.580528,"39.143552,-86.580528",50,Clear
902575193,2015-11-06,Weekday,17:00:00,2-Car,No injury/unknown,UNSAFE BACKING,E AMY,39.16936,-86.497952,"39.16936,-86.497952",52,Overcast
902575221,2015-12-03,Weekday,17:00:00,2-Car,No injury/unknown,FOLLOWING TOO CLOSELY,ACADIA & WINSLOW,39.13599975,-86.51902981,"39.13599975,-86.51902981",55,Clear
902575263,2015-12-03,Weekday,15:00:00,2-Car,No injury/unknown,UNSAFE BACKING,E 10TH,39.17149069,-86.5110763,"39.17149069,-86.5110763",54,Clear
902575295,2015-12-03,Weekday,20:00:00,1-Car,No injury/unknown,RAN OFF ROAD RIGHT,NORTH DUNN,39.18532944,-86.52932739,"39.18532944,-86.52932739",57,Clear
902575322,2015-12-03,Weekday,13:00:00,2-Car,No injury/unknown,FAILURE TO YIELD RIGHT OF WAY,E 12TH & N LINCOLN,39.174416,-86.530992,"39.174416,-86.530992",58,Clear
902575563,2015-12-04,Weekday,07:00:00,2-Car,No injury/unknown,FAILURE TO YIELD RIGHT OF WAY,S OAKDALE,39.14528221,-86.5683382,"39.14528221,-86.5683382",51,Clear
902575565,2015-11-02,Weekday,09:00:00,2-Car,No injury/unknown,FAILURE TO YIELD RIGHT OF WAY,LIBERTY & STATE RD 45,39.16087376,-86.57777018,"39.16087376,-86.57777018",50,Clear
902575580,2015-11-07,Weekend,14:00:00,1-Car,No injury/unknown,ANIMAL/OBJECT IN ROADWAY,ANDERSON & LOW GAP,39.28448981,-86.40945866,"39.28448981,-86.40945866",1,Cloudy
902575737,2015-12-04,Weekday,10:00:00,2-Car,No injury/unknown,UNSAFE BACKING,7TH & ROSE,39.16815005,-86.51067455,"39.16815005,-86.51067455",53,Clear
902575791,2015-12-04,Weekday,12:00:00,2-Car,No injury/unknown,FOLLOWING TOO CLOSELY,3RD & WESTPLEX,39.16440971,-86.5538739,"39.16440971,-86.5538739",55,Clear
902575971,2015-12-04,Weekday,14:00:00,2-Car,No injury/unknown,FAILURE TO YIELD RIGHT OF WAY,S OAKDALE & S PECAN,39.14676011,-86.57113976,"39.14676011,-86.57113976",51,Clear
902575983,2015-12-04,Weekday,10:00:00,2-Car,No injury/unknown,SPEED TOO FAST FOR WEATHER CONDITIONS,SR37 & VICTOR,39.10459137,-86.55400848,"39.10459137,-86.55400848",3,Clear
902576057,2015-12-04,Weekday,17:00:00,2-Car,Incapacitating,FOLLOWING TOO CLOSELY,COLLEGE & KIRKWOOD,39.16664,-86.5348,"39.16664,-86.5348",58,Clear
902576085,2015-12-04,Weekday,14:00:00,2-Car,No injury/unknown,UNSAFE BACKING,WHITEHALL CROSSING,39.17259598,-86.57152557,"39.17259598,-86.57152557",51,Clear
902576116,2015-12-03,Weekday,17:00:00,2-Car,No injury/unknown,UNSAFE BACKING,2ND,39.16138485,-86.52702279,"39.16138485,-86.52702279",57,Clear
902576140,2015-12-04,Weekday,17:00:00,3+ Cars,No injury/unknown,FOLLOWING TOO CLOSELY,3RD & JEFFERSON,39.164304,-86.506992,"39.164304,-86.506992",52,Clear
902576146,2015-12-04,Weekday,19:00:00,2-Car,No injury/unknown,IMPROPER TURNING,GORDON & S OLD SR 37,39.121552,-86.531296,"39.121552,-86.531296",30,Clear
902576152,2015-12-04,Weekday,18:00:00,2-Car,Non-incapacitating,FOLLOWING TOO CLOSELY,BLOOMFIELD,39.148144,-86.572992,"39.148144,-86.572992",51,Clear
902576311,2015-12-04,Weekday,12:00:00,2-Car,No injury/unknown,IMPROPER LANE USAGE,ATWATER & SWAIN,39.16308001,-86.51527002,"39.16308001,-86.51527002",55,Clear
902576353,2015-11-02,Weekday,14:00:00,2-Car,No injury/unknown,FOLLOWING TOO CLOSELY,LAKEVIEW & SR46W,39.22127625,-86.60581122,"39.22127625,-86.60581122",1,Clear