Master Record Number,Date,Weekend?,Hour,Collision Type,Injury Type,Primary Factor,Reported_Location,Latitude,Longitude,Location,Number of Bars,Weather Condition
902576473,2015-11-03,Weekday,12:00:00,2-Car,No injury/unknown,BRAKE FAILURE OR DEFECTIVE,MATTHEWS & SR46W,39.234768,-86.626384,"39.234768,-86.626384",1,Clear
902576489,2015-12-05,Weekday,11:00:00,2-Car,No injury/unknown,IMPROPER PASSING,CONSTABLE & SR46W,39.23722839,-86.62761688,"39.23722839,-86.62761688",1,Clear
902576539,2015-12-05,Weekday,12:00:00,2-Car,No injury/unknown,FAILURE TO YIELD RIGHT OF WAY,LINCOLN & WYLIE,39.15834993,-86.53129018,"39.15834993,-86.53129018",58,Clear
902576553,2015-12-04,Weekday,13:00:00,3+ Cars,Non-incapacitating,SPEED TOO FAST FOR WEATHER CONDITIONS,17TH & WALNUT GROVE,39.17896,-86.521088,"39.17896,-86.521088",56,Clear
902576697,2015-11-07,Weekend,17:00:00,1-Car,No injury/unknown,ANIMAL/OBJECT IN ROADWAY,E BAYLES & N STATE ROAD 37 BUSINESS,39.2684189,-86.53700724,"39.2684189,-86.53700724",0,Cloudy
902576698,2015-11-01,Weekday,19:00:00,1-Car,Non-incapacitating,ANIMAL/OBJECT IN ROADWAY,CHAPEL HILL & SR446S,39.023472,-86.405296,"39.023472,-86.405296",0,Overcast
902576699,2015-12-04,Weekday,06:00:00,2-Car,No injury/unknown,UNSAFE BACKING,S OLD STATE ROAD 37,39.137088,-86.53056,"39.137088,-86.53056",58,Clear
902576880,2015-12-05,Weekday,06:00:00,Pedestrian,Incapacitating,FAILURE TO YIELD RIGHT OF WAY,E 3RD,39.16423861,-86.49522852,"39.16423861,-86.49522852",52,Clear
902576884,2015-12-05,Weekday,12:00:00,2-Car,No injury/unknown,OTHER (DRIVER) - EXPLAIN IN NARRATIVE,E 2ND & S HAWTHORNE,39.161264,-86.520128,"39.161264,-86.520128",55,Clear
902576962,2015-12-05,Weekday,15:00:00,2-Car,No injury/unknown,IMPROPER TURNING,N MORTON & W 7TH,39.168672,-86.536,"39.168672,-86.536",58,Clear
902576994,2015-12-05,Weekday,23:00:00,2-Car,No injury/unknown,UNSAFE BACKING,E 3RD,39.16464,-86.53081241,"39.16464,-86.53081241",58,Clear
902577034,2015-12-05,Weekday,00:00:00,1-Car,No injury/unknown,ANIMAL/OBJECT IN ROADWAY,ALLENDALE & WINSLOW,39.136096,-86.516,"39.136096,-86.516",55,Clear
902577070,2015-12-06,Weekday,03:00:00,1-Car,No injury/unknown,UNSAFE BACKING,TAPP,39.13704,-86.572896,"39.13704,-86.572896",51,Clear
902577242,2015-12-06,Weekday,06:00:00,1-Car,No injury/unknown,LEFT OF CENTER,ALLEN & HENDERSON,39.15554971,-86.52703016,"39.15554971,-86.52703016",57,Clear
902577289,2015-12-06,Weekday,08:00:00,2-Car,No injury/unknown,FAILURE TO YIELD RIGHT OF WAY,SR37S & W SR 45,39.1464386,-86.57504272,"39.1464386,-86.57504272",50,Clear
902577296,2015-12-06,Weekday,11:00:00,2-Car,No injury/unknown,DRIVER DISTRACTED - EXPLAIN IN NARRATIVE,7TH & WASHINGTON,39.16864,-86.5324,"39.16864,-86.5324",58,Clear
902577436,2015-12-06,Weekday,16:00:00,2-Car,No injury/unknown,FOLLOWING TOO CLOSELY,2ND & WALNUT,39.16144,-86.5336,"39.16144,-86.5336",58,Clear
902577445,2015-12-06,Weekday,14:00:00,2-Car,No injury/unknown,,W LAVA,39.18060637,-86.53985502,"39.18060637,-86.53985502",57,Clear
902577532,2015-12-06,Weekday,15:00:00,2-Car,No injury/unknown,UNSAFE BACKING,S COLLEGE,39.16115717,-86.53485253,"39.16115717,-86.53485253",58,Clear
902577559,2015-12-06,Weekend,21:00:00,1-Car,No injury/unknown,DRIVER DISTRACTED - EXPLAIN IN NARRATIVE,S COLLEGE,39.16123798,-86.53485123,"39.16123798,-86.53485123",58,Clear
902577656,2015-12-07,Weekend,01:00:00,1-Car,Incapacitating,RAN OFF ROAD RIGHT,HANDY & MOFFETT,39.09974031,-86.4938499,"39.09974031,-86.4938499",1,Patchy rain possible
902577671,2015-12-07,Weekend,00:00:00,2-Car,No injury/unknown,DISREGARD SIGNAL/REG SIGN,3RD & WALNUT,39.16464,-86.5336,"39.16464,-86.5336",58,Patchy rain possible
902577681,2015-12-07,Weekend,03:00:00,1-Car,No injury/unknown,UNSAFE SPEED,E 10TH,39.171648,-86.50435515,"39.171648,-86.50435515",52,Patchy rain possible
902577724,2015-12-07,Weekend,08:00:00,2-Car,No injury/unknown,IMPROPER TURNING,2ND & HENDERSON,39.16133992,-86.52719981,"39.16133992,-86.52719981",57,Patchy rain possible
902577747,2015-12-06,Weekday,10:00:00,2-Car,Non-incapacitating,FAILURE TO YIELD RIGHT OF WAY,E 9TH & N WASHINGTON,39.170544,-86.5324,"39.170544,-86.5324",58,Clear
902577750,2015-12-07,Weekend,10:00:00,2-Car,No injury/unknown,FOLLOWING TOO CLOSELY,2ND & HENDERSON,39.16133992,-86.52720847,"39.16133992,-86.52720847",57,Patchy rain possible
902577758,2015-12-07,Weekend,11:00:00,2-Car,No injury/unknown,OTHER (DRIVER) - EXPLAIN IN NARRATIVE,E 3RD,39.16422436,-86.49666727,"39.16422436,-86.49666727",52,Patchy rain possible
902577763,2015-12-05,Weekday,07:00:00,2-Car,No injury/unknown,FAILURE TO YIELD RIGHT OF WAY,RATLIFF & THOMAS,39.21519851,-86.63041195,"39.21519851,-86.63041195",2,Clear
902577812,2015-12-06,Weekend,20:00:00,Bus,No injury/unknown,OTHER (VEHICLE) - EXPLAIN IN NARRATIVE,HIGH & HILLSIDE,39.14972006,-86.50827933,"39.14972006,-86.50827933",52,Clear
902577833,2015-12-06,Weekday,18:00:00,2-Car,No injury/unknown,DISREGARD SIGNAL/REG SIGN,CORY & WEST 3RD,39.164544,-86.560096,"39.164544,-86.560096",51,Clear
902577879,2015-12-04,Weekday,18:00:00,1-Car,Incapacitating,RAN OFF ROAD RIGHT,KINGS & SR46E,39.16578549,-86.45361103,"39.16578549,-86.45361103",7,Clear
902577880,2015-12-05,Weekday,20:00:00,2-Car,Non-incapacitating,FOLLOWING TOO CLOSELY,S BUNGER & SR45W,39.12936,-86.604336,"39.12936,-86.604336",6,Clear
902577881,2015-12-06,Weekday,16:00:00,2-Car,No injury/unknown,IMPROPER TURNING,S LEONARD SPRINGS,39.142048,-86.582592,"39.142048,-86.582592",50,Clear
902577887,2015-12-06,Weekday,17:00:00,2-Car,No injury/unknown,UNSAFE LANE MOVEMENT,LOGAN & VERNAL,39.179248,-86.5744,"39.179248,-86.5744",50,Clear
902577905,2015-12-06,Weekday,15:00:00,2-Car,Non-incapacitating,FAILURE TO YIELD RIGHT OF WAY,ACUFF,39.20824,-86.554704,"39.20824,-86.554704",46,Clear
902577950,2015-12-07,Weekend,19:00:00,2-Car,Incapacitating,FOLLOWING TOO CLOSELY,S HILLSDALE & W 3RD,39.164272,-86.502416,"39.164272,-86.502416",52,Patchy rain possible
902577974,2015-12-07,Weekend,19:00:00,1-Car,Incapacitating,UNSAFE SPEED,FISH & LYDY,39.284592,-86.479968,"39.284592,-86.479968",0,Patchy rain possible
902578041,2015-12-07,Weekend,22:00:00,2-Car,Non-incapacitating,IMPROPER LANE USAGE,3RD & SWAIN,39.16425012,-86.51525996,"39.16425012,-86.51525996",55,Patchy rain possible
902578101,2015-12-07,Weekend,23:00:00,2-Car,Incapacitating,FAILURE TO YIELD RIGHT OF WAY,SOUTH ROGERS & WEST 2ND,39.16140027,-86.53867028,"39.16140027,-86.53867028",57,Patchy rain possible
902578120,2015-12-01,Weekend,02:00:00,2-Car,No injury/unknown,UNSAFE BACKING,3RD & COLLEGE,39.16484598,-86.53481278,"39.16484598,-86.53481278",58,Overcast
902578123,2015-12-01,Weekend,02:00:00,Pedestrian,Non-incapacitating,PEDESTRIAN ACTION,ATWATER & HENDERSON,39.163344,-86.5272,"39.163344,-86.5272",57,Overcast
902578125,2015-12-07,Weekend,22:00:00,1-Car,Incapacitating,RAN OFF ROAD RIGHT,MESA & STIPP,39.10200236,-86.48143176,"39.10200236,-86.48143176",2,Patchy rain possible
902578245,2015-12-01,Weekend,12:00:00,2-Car,No injury/unknown,,NORTH GATES,39.16825801,-86.5763399,"39.16825801,-86.5763399",50,Overcast
902578248,2015-12-07,Weekend,12:00:00,2-Car,No injury/unknown,FOLLOWING TOO CLOSELY,8TH & COLLEGE,39.16968932,-86.53478179,"39.16968932,-86.53478179",58,Patchy rain possible
902578255,2015-12-01,Weekend,12:00:00,Bus,No injury/unknown,FAILURE TO YIELD RIGHT OF WAY,SALE & SR46W,39.23384,-86.624704,"39.23384,-86.624704",1,Overcast
902578274,2015-12-01,Weekend,13:00:00,2-Car,No injury/unknown,UNSAFE LANE MOVEMENT,E 3RD & SO KINGSTON,39.16424,-86.492944,"39.16424,-86.492944",51,Overcast
902578297,2015-12-01,Weekend,13:00:00,2-Car,No injury/unknown,OTHER (VEHICLE) - EXPLAIN IN NARRATIVE,W 6TH,39.16765061,-86.53498253,"39.16765061,-86.53498253",58,Overcast
902578342,2015-12-01,Weekend,16:00:00,2-Car,No injury/unknown,FAILURE TO YIELD RIGHT OF WAY,3RD & PETE ELLIS,39.16424,-86.495088,"39.16424,-86.495088",52,Overcast
902578424,2015-12-07,Weekend,21:00:00,3+ Cars,No injury/unknown,FOLLOWING TOO CLOSELY,E 10TH & SUNRISE,39.17157993,-86.51252311,"39.17157993,-86.51252311",54,Patchy rain possible
902578446,2015-12-01,Weekday,19:00:00,3+ Cars,Non-incapacitating,UNSAFE SPEED,KINSER & SR45W,39.186544,-86.537888,"39.186544,-86.537888",56,Overcast
902578478,2015-12-07,Weekend,21:00:00,1-Car,No injury/unknown,DRIVER ASLEEP OR FATIGUED,3315 E LONGVIEW & KINGSTON,39.166848,-86.4928,"39.166848,-86.4928",51,Patchy rain possible
902578479,2015-12-01,Weekday,19:00:00,3+ Cars,No injury/unknown,FOLLOWING TOO CLOSELY,NORTH KINSER & WEST WINDING,39.198144,-86.542096,"39.198144,-86.542096",54,Overcast
902578773,2015-12-02,Weekday,09:00:00,2-Car,No injury/unknown,UNSAFE BACKING,E LONGVIEW,39.16698971,-86.4924,"39.16698971,-86.4924",51,Clear
902578780,2015-12-02,Weekday,09:00:00,2-Car,No injury/unknown,OTHER (DRIVER) - EXPLAIN IN NARRATIVE,S MULLER & W 3RD,39.16450024,-86.56270019,"39.16450024,-86.56270019",51,Clear
902578957,2015-12-02,Weekday,11:00:00,2-Car,No injury/unknown,DRIVER ASLEEP OR FATIGUED,E BLUE RIDGE & N WALNUT,39.196848,-86.5344,"39.196848,-86.5344",55,Clear
902579031,2015-12-02,Weekday,12:00:00,2-Car,No injury/unknown,UNSAFE BACKING,EVANS,39.07944,-86.647792,"39.07944,-86.647792",0,Clear
902579173,2015-12-02,Weekday,14:00:00,2-Car,No injury/unknown,FAILURE TO YIELD RIGHT OF WAY,S ACADIA,39.13459495,-86.51912704,"39.13459495,-86.51912704",55,Clear
902579278,2015-12-02,Weekday,15:00:00,3+ Cars,No injury/unknown,FOLLOWING TOO CLOSELY,ROCKPORT & TAPP,39.13634978,-86.54875002,"39.13634978,-86.54875002",57,Clear
902579418,2015-12-02,Weekday,14:00:00,2-Car,No injury/unknown,UNSAFE BACKING,SEVENTH & UNION,39.22383205,-86.50945968,"39.22383205,-86.50945968",0,Clear
902579422,2015-12-02,Weekday,20:00:00,2-Car,No injury/unknown,FOLLOWING TOO CLOSELY,S MILL STONE & S SARE,39.12447967,-86.50730989,"39.12447967,-86.50730989",48,Clear
902579634,2015-12-02,Weekday,05:00:00,1-Car,No injury/unknown,ANIMAL/OBJECT IN ROADWAY,N KINSER & SR37N,39.22680545,-86.54614064,"39.22680545,-86.54614064",0,Clear
902579815,2015-12-06,Weekday,16:00:00,2-Car,No injury/unknown,ENGINE FAILURE OR DEFECTIVE,W SIERRA,39.15266671,-86.58359594,"39.15266671,-86.58359594",50,Clear
902580156,2015-12-03,Weekday,07:00:00,2-Car,No injury/unknown,UNSAFE BACKING,W KIRKWOOD,39.16632462,-86.53919219,"39.16632462,-86.53919219",57,Clear
902580638,2015-12-03,Weekday,12:00:00,2-Car,No injury/unknown,DRIVER DISTRACTED - EXPLAIN IN NARRATIVE,EAST 17TH,39.17932129,-86.51348114,"39.17932129,-86.51348114",54,Clear
902580694,2015-12-03,Weekday,12:00:00,2-Car,Non-incapacitating,DISREGARD SIGNAL/REG SIGN,3RD & WASHINGTON,39.16464,-86.5324,"39.16464,-86.5324",58,Clear
902580753,2015-12-01,Weekend,15:00:00,2-Car,No injury/unknown,UNSAFE BACKING,1309 E 10TH (DOCK) & FEE,39.17160395,-86.51902238,"39.17160395,-86.51902238",55,Overcast
902581022,2015-12-02,Weekday,16:00:00,2-Car,No injury/unknown,TIRE FAILURE OR DEFECTIVE,N SMITH & W NELSON,39.199072,-86.583152,"39.199072,-86.583152",48,Clear
902581023,2015-12-03,Weekday,16:00:00,2-Car,No injury/unknown,FOLLOWING TOO CLOSELY,S LEONARD SPRINGS & W STAPLETON,39.138336,-86.582528,"39.138336,-86.582528",50,Clear
902581043,2015-12-05,Weekday,19:00:00,1-Car,No injury/unknown,RAN OFF ROAD RIGHT,DAPHNE & SR45W,39.12828827,-86.60414123,"39.12828827,-86.60414123",6,Clear
902581045,2015-12-06,Weekend,19:00:00,1-Car,No injury/unknown,RAN OFF ROAD RIGHT,KETCHAM & POPCORN,39.01174977,-86.56183899,"39.01174977,-86.56183899",3,Clear
902581174,2015-12-05,Weekday,14:00:00,2-Car,No injury/unknown,UNSAFE BACKING,S OLD STATE ROAD 37,39.137088,-86.53056,"39.137088,-86.53056",58,Clear
902581654,2015-12-03,Weekday,12:00:00,2-Car,No injury/unknown,FOLLOWING TOO CLOSELY,GATES & SR48W,39.16458572,-86.57620079,"39.16458572,-86.57620079",50,Clear
902581794,2015-12-04,Weekday,06:00:00,2-Car,No injury/unknown,FAILURE TO YIELD RIGHT OF WAY,E 3RD & SO PETE ELLIS,39.16424,-86.495088,"39.16424,-86.495088",52,Clear
902582004,2015-12-04,Weekday,09:00:00,Cyclist,Non-incapacitating,FAILURE TO YIELD RIGHT OF WAY,10TH & WALNUT,39.17160188,-86.52107241,"39.17160188,-86.52107241",55,Clear
902582097,2015-12-02,Weekday,02:00:00,2-Car,No injury/unknown,UNSAFE BACKING,N UNION VALLEY & W MCNEELY,39.20571753,-86.59277983,"39.20571753,-86.59277983",20,Clear
902582109,2015-12-02,Weekday,12:00:00,2-Car,No injury/unknown,FOLLOWING TOO CLOSELY,FULLERTON & ROCKPORT,39.1211263,-86.56374739,"39.1211263,-86.56374739",22,Clear
902582455,2015-12-04,Weekday,13:00:00,2-Car,Non-incapacitating,DRIVER DISTRACTED - EXPLAIN IN NARRATIVE,SR37S & SR45W,39.148144,-86.572992,"39.148144,-86.572992",51,Clear
902582534,2015-12-04,Weekday,14:00:00,2-Car,Incapacitating,UNSAFE BACKING,S WALNUT STREET,39.129673,-86.532737,"39.129673,-86.532737",57,Clear
902582761,2015-12-04,Weekday,16:00:00,1-Car,No injury/unknown,UNSAFE LANE MOVEMENT,15TH & COLLEGE,39.17688,-86.534736,"39.17688,-86.534736",58,Clear
902582770,2015-12-04,Weekday,18:00:00,2-Car,No injury/unknown,FAILURE TO YIELD RIGHT OF WAY,4TH & DUNN,39.165648,-86.52849682,"39.165648,-86.52849682",58,Clear
902582972,2015-12-04,Weekday,22:00:00,2-Car,No injury/unknown,FAILURE TO YIELD RIGHT OF WAY,2ND & HIGH,39.160944,-86.508288,"39.160944,-86.508288",52,Clear
902583184,2015-12-05,Weekday,09:00:00,2-Car,No injury/unknown,FAILURE TO YIELD RIGHT OF WAY,GRIMES & WALNUT,39.15335029,-86.5336929,"39.15335029,-86.5336929",58,Clear
902583197,2015-12-05,Weekday,09:00:00,2-Car,No injury/unknown,DRIVER DISTRACTED - EXPLAIN IN NARRATIVE,COLLEGE MALL & MOORES,39.150448,-86.498,"39.150448,-86.498",52,Clear
902583256,2015-12-05,Weekday,10:00:00,Cyclist,Non-incapacitating,FAILURE TO YIELD RIGHT OF WAY,E 17TH,39.179008,-86.525888,"39.179008,-86.525888",57,Clear
902583257,2015-12-05,Weekday,10:00:00,2-Car,No injury/unknown,TIRE FAILURE OR DEFECTIVE,SR37N & W VERNAL,39.17289708,-86.56755899,"39.17289708,-86.56755899",51,Clear
902583287,2015-12-05,Weekday,10:00:00,2-Car,Non-incapacitating,FAILURE TO YIELD RIGHT OF WAY,4000 W 3RD & CURRY,39.165023,-86.58345402,"39.165023,-86.58345402",50,Clear
902583304,2015-12-05,Weekday,11:00:00,3+ Cars,No injury/unknown,FOLLOWING TOO CLOSELY,10TH & FESS,39.171664,-86.52576,"39.171664,-86.52576",57,Clear
902583315,2015-12-04,Weekday,07:00:00,2-Car,No injury/unknown,FAILURE TO YIELD RIGHT OF WAY,10TH & SMITH,39.17258852,-86.482127,"39.17258852,-86.482127",50,Clear
902583320,2015-12-05,Weekday,11:00:00,3+ Cars,Non-incapacitating,FOLLOWING TOO CLOSELY,JORDAN & THIRD,39.16426018,-86.5163999,"39.16426018,-86.5163999",55,Clear
902583380,2015-12-05,Weekday,05:00:00,1-Car,No injury/unknown,ANIMAL/OBJECT IN ROADWAY,HEDRICK & WEST STATE ROAD 46,39.27761903,-86.67737978,"39.27761903,-86.67737978",2,Clear
902583386,2015-12-04,Weekday,17:00:00,3+ Cars,No injury/unknown,FOLLOWING TOO CLOSELY,SR37N & W VERNAL,39.17469734,-86.56501204,"39.17469734,-86.56501204",51,Clear
902583522,2015-12-05,Weekday,15:00:00,2-Car,No injury/unknown,FOLLOWING TOO CLOSELY,S ROGERS & W KIRKWOOD,39.166672,-86.538608,"39.166672,-86.538608",57,Clear
902583572,2015-12-05,Weekday,16:00:00,2-Car,No injury/unknown,UNSAFE BACKING,N FEE,39.17612549,-86.51898236,"39.17612549,-86.51898236",55,Clear
902583603,2015-12-05,Weekday,15:00:00,2-Car,No injury/unknown,UNSAFE BACKING,S HENDERSON,39.13782881,-86.52677815,"39.13782881,-86.52677815",57,Clear
902583611,2015-11-06,Weekday,07:00:00,2-Car,No injury/unknown,OTHER (VEHICLE) - EXPLAIN IN NARRATIVE,W 8TH,39.16971233,-86.55411037,"39.16971233,-86.55411037",55,Overcast
902583681,2015-12-03,Weekday,16:00:00,2-Car,No injury/unknown,UNSAFE BACKING,W CLEAR CREEK,39.111152,-86.5348,"39.111152,-86.5348",7,Clear
902583683,2015-12-02,Weekday,21:00:00,1-Car,No injury/unknown,OTHER (DRIVER) - EXPLAIN IN NARRATIVE,MCNEELY & N UNION VALLEY,39.15804397,-86.59277983,"39.15804397,-86.59277983",23,Clear
902584040,2015-12-05,Weekday,22:00:00,1-Car,No injury/unknown,RAN OFF ROAD RIGHT,OLD RICHARDSON & SR446S,39.21477524,-86.42645263,"39.21477524,-86.42645263",1,Clear
902584550,2015-12-05,Weekday,10:00:00,2-Car,No injury/unknown,OTHER (DRIVER) - EXPLAIN IN NARRATIVE,13TH & INDIANA,39.17558638,-86.52710592,"39.17558638,-86.52710592",57,Clear
902584760,2015-12-06,Weekday,12:00:00,2-Car,No injury/unknown,DISREGARD SIGNAL/REG SIGN,KINSER & SR4546W,39.186544,-86.537888,"39.186544,-86.537888",56,Clear
902584850,2015-12-06,Weekday,11:00:00,2-Car,No injury/unknown,FAILURE TO YIELD RIGHT OF WAY,E KIRKWOOD & S GRANT,39.16664,-86.529696,"39.16664,-86.529696",58,Clear
902584920,2015-12-06,Weekday,11:00:00,1-Car,No injury/unknown,UNSAFE BACKING,N JORDAN,39.16833115,-86.51569366,"39.16833115,-86.51569366",55,Clear
902585057,2015-12-06,Weekday,11:00:00,2-Car,No injury/unknown,UNSAFE BACKING,3RD & BALLANTINE,39.14841068,-86.51913105,"39.14841068,-86.51913105",55,Clear
902585514,2015-12-06,Weekday,18:00:00,2-Car,No injury/unknown,FOLLOWING TOO CLOSELY,3RD & GRANT,39.16464,-86.52944575,"39.16464,-86.52944575",58,Clear
902585538,2015-12-06,Weekday,16:00:00,2-Car,No injury/unknown,OTHER (VEHICLE) - EXPLAIN IN NARRATIVE,S WALNUT,39.18946841,-86.53337633,"39.18946841,-86.53337633",57,Clear
902585634,2015-12-06,Weekday,17:00:00,2-Car,No injury/unknown,BRAKE FAILURE OR DEFECTIVE,BRYANTS CREEK & SR37N,39.32055629,-86.51213116,"39.32055629,-86.51213116",0,Clear
902585656,2015-12-06,Weekday,18:00:00,Bus,No injury/unknown,UNSAFE BACKING,N FEE,39.18217024,-86.51912929,"39.18217024,-86.51912929",55,Clear
902585675,2015-12-06,Weekday,14:00:00,1-Car,No injury/unknown,DRIVER ILLNESS,OARD & SR48,39.16480484,-86.62016747,"39.16480484,-86.62016747",6,Clear
902585717,2015-12-06,Weekday,12:00:00,2-Car,No injury/unknown,UNSAFE BACKING,N GATES,39.16987228,-86.57498168,"39.16987228,-86.57498168",50,Clear
902585735,2015-12-06,Weekend,22:00:00,2-Car,No injury/unknown,UNSAFE BACKING,EAST 7TH,39.16843504,-86.52339041,"39.16843504,-86.52339041",56,Clear
902585960,2015-12-07,Weekend,01:00:00,1-Car,No injury/unknown,SPEED TOO FAST FOR WEATHER CONDITIONS,3RD & GATES,39.16459009,-86.57619975,"39.16459009,-86.57619975",50,Patchy rain possible
902585982,2015-12-06,Weekend,23:00:00,1-Car,No injury/unknown,ANIMAL/OBJECT IN ROADWAY,SR46W & STINESVILLE,39.26716926,-86.66605959,"39.26716926,-86.66605959",2,Clear
902586019,2015-12-07,Weekend,01:00:00,Pedestrian,Incapacitating,PEDESTRIAN ACTION,E 3RD & S WOODLAWN,39.164352,-86.522592,"39.164352,-86.522592",56,Patchy rain possible
902586115,2015-12-06,Weekend,20:00:00,1-Car,No injury/unknown,RAN OFF ROAD RIGHT,CLARIZZ & COVENANTER,39.15246986,-86.49050264,"39.15246986,-86.49050264",51,Clear
902586119,2015-12-07,Weekend,12:00:00,2-Car,No injury/unknown,SPEED TOO FAST FOR WEATHER CONDITIONS,E ROGERS & THE STANDS,39.1364,-86.504896,"39.1364,-86.504896",52,Patchy rain possible
902586126,2015-12-07,Weekend,12:00:00,2-Car,No injury/unknown,FOLLOWING TOO CLOSELY,3RD & PETE ELLIS,39.16423826,-86.49526439,"39.16423826,-86.49526439",52,Patchy rain possible
902586141,2015-12-06,Weekday,13:00:00,2-Car,No injury/unknown,UNSAFE BACKING,N MADISON & W 17TH,39.17903982,-86.53775028,"39.17903982,-86.53775028",57,Clear
902586249,2015-12-07,Weekend,18:00:00,1-Car,No injury/unknown,ANIMAL/OBJECT IN ROADWAY,SR37N & SR46W,39.19551723,-86.55460661,"39.19551723,-86.55460661",52,Patchy rain possible
902586268,2015-12-07,Weekend,16:00:00,2-Car,No injury/unknown,FOLLOWING TOO CLOSELY,EAST ATWATER & NORTH DUNN,39.164448,-86.528096,"39.164448,-86.528096",58,Patchy rain possible
902586273,2015-12-06,Weekday,18:00:00,1-Car,No injury/unknown,ANIMAL/OBJECT IN ROADWAY,GARRISON CHAPEL & SR48W,39.16377142,-86.64091963,"39.16377142,-86.64091963",1,Clear
902586276,2015-12-07,Weekend,14:00:00,2-Car,No injury/unknown,FOLLOWING TOO CLOSELY,COLLEGE MALL & COVENANTER,39.155152,-86.497888,"39.155152,-86.497888",52,Patchy rain possible
902586277,2015-12-07,Weekend,16:00:00,2-Car,No injury/unknown,IMPROPER PASSING,3RD & COLLEGE MALL,39.16424,-86.4984,"39.16424,-86.4984",52,Patchy rain possible
902586278,2015-12-07,Weekend,15:00:00,2-Car,No injury/unknown,UNSAFE LANE MOVEMENT,NORTH COLLEGE & WEST 6TH,39.167648,-86.534784,"39.167648,-86.534784",58,Patchy rain possible
902586301,2015-12-06,Weekday,17:00:00,1-Car,No injury/unknown,UNSAFE SPEED,MONROE DAM & VALLEY MISSION,39.00721915,-86.51232665,"39.00721915,-86.51232665",4,Clear
902586305,2015-12-07,Weekend,21:00:00,2-Car,No injury/unknown,DISREGARD SIGNAL/REG SIGN,3RD & COLLEGE,39.16464,-86.534816,"39.16464,-86.534816",58,Patchy rain possible
902586325,2015-12-07,Weekend,03:00:00,2-Car,No injury/unknown,OTHER (DRIVER) - EXPLAIN IN NARRATIVE,S YOST,39.14554339,-86.58072088,"39.14554339,-86.58072088",50,Patchy rain possible
902586435,2015-12-01,Weekend,02:00:00,1-Car,No injury/unknown,RAN OFF ROAD RIGHT,3RD & JORDAN,39.16426018,-86.5163999,"39.16426018,-86.5163999",55,Overcast
902587037,2015-12-01,Weekend,11:00:00,2-Car,No injury/unknown,FAILURE TO YIELD RIGHT OF WAY,E 5TH & S JEFFERSON,39.166848,-86.506992,"39.166848,-86.506992",52,Overcast
902587076,2015-12-05,Weekday,08:00:00,2-Car,No injury/unknown,DISREGARD SIGNAL/REG SIGN,FAIRFAX & OLD STATE ROAD 37,39.10725988,-86.53149001,"39.10725988,-86.53149001",3,Clear
902587169,2015-12-07,Weekend,14:00:00,2-Car,No injury/unknown,UNSAFE LANE MOVEMENT,3RD,39.16464,-86.56905455,"39.16464,-86.56905455",51,Patchy rain possible
902587214,2015-12-07,Weekend,17:00:00,1-Car,No injury/unknown,OVERCORRECTING/OVERSTEERING,HIGHLAND & HILLSIDE,39.15055007,-86.51695981,"39.15055007,-86.51695981",55,Patchy rain possible
902587217,2015-12-01,Weekend,15:00:00,2-Car,No injury/unknown,FAILURE TO YIELD RIGHT OF WAY,ALLEN & PATTERSON,39.15563017,-86.54330983,"39.15563017,-86.54330983",57,Overcast
902587222,2015-12-07,Weekend,19:00:00,2-Car,No injury/unknown,IMPROPER LANE USAGE,KINSER,39.20057297,-86.5491333,"39.20057297,-86.5491333",52,Patchy rain possible
902587696,2015-12-01,Weekend,01:00:00,2-Car,No injury/unknown,FAILURE TO YIELD RIGHT OF WAY,BLOOMFIELD & LANDMARK,39.15993981,-86.55384603,"39.15993981,-86.55384603",55,Overcast
902587710,2015-12-07,Weekend,01:00:00,1-Car,No injury/unknown,RAN OFF ROAD RIGHT,SR46E & TRAILWAY,39.16355934,-86.42589328,"39.16355934,-86.42589328",1,Patchy rain possible
902587894,2015-12-02,Weekday,07:00:00,1-Car,No injury/unknown,RAN OFF ROAD RIGHT,ASSOCIATION & EDGEWOOD,39.235952,-86.629696,"39.235952,-86.629696",1,Clear
902587923,2015-12-05,Weekday,09:00:00,2-Car,No injury/unknown,FAILURE TO YIELD RIGHT OF WAY,FAIRWAY & ROGERS,39.1332411,-86.53836812,"39.1332411,-86.53836812",57,Clear
902587924,2015-12-06,Weekday,14:00:00,2-Car,No injury/unknown,DISREGARD SIGNAL/REG SIGN,RHORER & WALNUT,39.12144,-86.526496,"39.12144,-86.526496",29,Clear
902588045,2015-12-02,Weekday,11:00:00,2-Car,No injury/unknown,FOLLOWING TOO CLOSELY,3RD & SR37N,39.164752,-86.573104,"39.164752,-86.573104",51,Clear
902588086,2015-12-02,Weekday,12:00:00,1-Car,No injury/unknown,RAN OFF ROAD RIGHT,NORTH KINSER & WEST CLUBHOUSE,39.20082003,-86.54285989,"39.20082003,-86.54285989",52,Clear
902588123,2015-12-02,Weekday,12:00:00,2-Car,No injury/unknown,UNSAFE BACKING,E HOMESTEAD & MEADOWBROOK,39.154544,-86.4872,"39.154544,-86.4872",51,Clear
902588209,2015-12-02,Weekday,12:00:00,2-Car,No injury/unknown,FAILURE TO YIELD RIGHT OF WAY,GRAHAM & HENDERSON,39.13943969,-86.52692019,"39.13943969,-86.52692019",57,Clear